date,fed_rate,sp500_index,treasury_10y,treasury_2y,yield_curve,spy_close,xlk_close,xlf_close,xlu_close,xlre_close,spy_return,xlk_return,xlf_return,xlu_return,xlre_return,rate_change,rate_hike,rate_cut
2020-01-02,1.55,3257.85,1.88,1.58,0.2999999999999998,297.6988830566406,44.34925842285156,27.785066604614258,26.448543548583984,31.22309112548828,,,,,,0.0,False,False
2020-01-03,1.55,3234.85,1.8,1.53,0.27,295.4447021484375,43.85062789916992,27.490049362182617,26.502431869506836,31.451847076416016,-0.7572016680271632,-1.1243266323134549,-1.0617834631450829,0.20374778226961432,0.7326499160776434,0.0,False,False
2020-01-06,1.55,3246.28,1.81,1.54,0.27,296.5718994140625,43.95509719848633,27.47216796875,26.527299880981445,31.46001434326172,,,,,,0.0,False,False
2020-01-07,1.55,3237.18,1.83,1.54,0.29000000000000004,295.738037109375,43.93611145019531,27.293373107910156,26.489999771118164,31.116899490356445,-0.28116699739083595,-0.043193507695549194,-0.6508218100705565,-0.14061027707543694,-1.0906379417425893,0.0,False,False
2020-01-08,1.55,3253.05,1.87,1.58,0.29000000000000004,297.31414794921875,44.4062385559082,27.47216796875,26.477563858032227,31.27211570739746,0.5329415367901547,1.070024383577528,0.6550852477373859,-0.04694568966926438,0.49881646174008143,0.0,False,False
2020-01-09,1.55,3274.7,1.85,1.58,0.27,299.330078125,44.90962219238281,27.642026901245117,26.622634887695312,31.263940811157227,0.6780471732295679,1.133587650845147,0.618294605246783,0.5479017270657138,-0.02614116779537934,0.0,False,False
2020-01-10,1.54,3265.35,1.83,1.56,0.27,298.46868896484375,44.805137634277344,27.436412811279297,26.693098068237305,31.566200256347656,-0.2877723366632501,-0.23265517055093277,-0.7438459223717775,0.26467395447231645,0.9667989298475232,-0.010000000000000009,False,True
2020-01-13,1.54,3288.13,1.85,1.58,0.27,300.5214538574219,45.365501403808594,27.624149322509766,26.85474967956543,31.950164794921875,,,,,,0.0,False,False
2020-01-14,1.54,3283.15,1.82,1.58,0.24,300.0632629394531,45.15180587768555,27.570512771606445,26.933504104614258,31.794954299926758,-0.15246529393743158,-0.47105293562369477,-0.19416543936654485,0.2932606931307813,-0.4857893409669911,0.0,False,False
2020-01-15,1.54,3289.29,1.79,1.56,0.22999999999999998,300.7413635253906,45.20404052734375,27.41853904724121,27.310680389404297,32.01552200317383,0.22598587354372146,0.11568673421324949,-0.5512183455715247,1.4003981187335368,0.6937192020042504,0.0,False,False
2020-01-16,1.54,3316.81,1.81,1.58,0.22999999999999998,303.242919921875,45.8118896484375,27.659912109375,27.480627059936523,32.30145263671875,0.8317965866618149,1.3446787366852009,0.8803279478819537,0.6222718295885388,0.8931000204106532,0.0,False,False
2020-01-17,1.55,3329.62,1.84,1.58,0.26,304.1868896484375,46.120574951171875,27.740367889404297,27.671297073364258,32.34229278564453,0.3112915964553098,0.6738104564191438,0.29087503861600084,0.6938342891953386,0.12643440338455658,0.010000000000000009,True,False
2020-01-21,1.55,3320.79,1.78,1.53,0.25,303.5911560058594,46.10158157348633,27.5079345703125,27.92413330078125,32.6690673828125,,,,,,0.0,False,False
2020-01-22,1.55,3321.75,1.77,1.53,0.24,303.6278991699219,46.26776885986328,27.58839225769043,28.01117706298828,32.40764617919922,0.012102844017558567,0.3604806618446421,0.2924890168408467,0.31171517937351734,-0.8002101821578678,0.0,False,False
2020-01-23,1.55,3325.54,1.74,1.51,0.22999999999999998,303.97607421875,46.48622131347656,27.51687240600586,28.25986671447754,32.71807861328125,0.11467162595399927,0.47214823406533935,-0.25923892561964257,0.8878229248632907,0.9578987389750049,0.0,False,False
2020-01-24,1.55,3295.47,1.7,1.49,0.20999999999999996,301.2728271484375,46.26776885986328,27.1682186126709,28.334476470947266,32.6690673828125,-0.8892960004369121,-0.4699294703696455,-1.2670545845132608,0.26401312229651364,-0.1497986206587809,0.0,False,False
2020-01-27,1.55,3243.63,1.61,1.44,0.17000000000000015,296.4436340332031,45.16604995727539,26.748044967651367,28.264013290405273,32.530189514160156,,,,,,0.0,False,False
2020-01-28,1.55,3276.24,1.65,1.45,0.19999999999999996,299.550048828125,46.03034210205078,27.06093978881836,28.38006591796875,32.61188507080078,1.0478939124642928,1.9135880724415077,1.1697857602131378,0.4106020838975155,0.25113765969626556,0.0,False,False
2020-01-29,1.55,3273.4,1.6,1.42,0.18000000000000016,299.3026123046875,46.14906692504883,27.016237258911133,28.45467758178711,32.44032287597656,-0.08260273179907518,0.2579273096316115,-0.1651920822265618,0.2629016579243304,-0.5260726095770107,0.0,False,False
2020-01-30,1.6,3283.66,1.57,1.41,0.16000000000000014,300.27392578125,46.54796600341797,27.3559513092041,28.719945907592773,32.51385498046875,0.3245255592937202,0.8643708420302376,1.2574439846574803,0.9322485733433528,0.22666884288824463,0.050000000000000044,True,False
2020-01-31,1.59,3225.52,1.51,1.33,0.17999999999999994,294.8216247558594,45.27052307128906,26.783802032470703,28.59145736694336,32.04819869995117,-1.8157757158584031,-2.7443582218718343,-2.0914983736679438,-0.4473843407046485,-1.432178007797913,-0.010000000000000009,False,True
2020-02-03,1.59,3248.92,1.54,1.36,0.17999999999999994,297.01171875,45.868865966796875,26.971540451049805,28.682641983032227,32.08087921142578,,,,,,0.0,False,False
2020-02-04,1.59,3297.59,1.61,1.41,0.20000000000000018,301.5384521484375,47.07033157348633,27.23079490661621,28.396648406982422,32.49751281738281,1.5240925231801095,2.6193488357858286,0.961214862891957,-0.9970963491403251,1.298697592454534,0.0,False,False
2020-02-05,1.59,3334.69,1.66,1.44,0.21999999999999997,305.0206604003906,47.34576416015625,27.776124954223633,28.51270294189453,32.4730110168457,1.1548139970682492,0.5851511503374818,2.002622580345337,0.4086909597527555,-0.07539592545064977,0.0,False,False
2020-02-06,1.59,3345.78,1.65,1.44,0.20999999999999996,306.04705810546875,47.77790451049805,27.740367889404297,28.520998001098633,32.61188507080078,0.3365010434803972,0.9127328664080725,-0.1287330931807995,0.029092503860495,0.42765992313751333,0.0,False,False
2020-02-07,1.58,3327.71,1.59,1.41,0.18000000000000016,304.4159240722656,47.34101486206055,27.642026901245117,28.429805755615234,32.628211975097656,-0.5329683752885561,-0.9144177688695021,-0.35450498908755623,-0.31973721775053754,0.05006427644838052,-0.010000000000000009,False,True
2020-02-10,1.58,3352.09,1.56,1.37,0.18999999999999995,306.6884460449219,47.98209762573242,27.722488403320312,28.53757095336914,33.00400924682617,,,,,,0.0,False,False
2020-02-11,1.58,3357.75,1.59,1.41,0.18000000000000016,307.2200012207031,47.82063674926758,27.820829391479492,28.641199111938477,33.40430450439453,0.17332090029351654,-0.3365023299403469,0.35473362538192,0.36312886874172445,1.2128685777981874,0.0,False,False
2020-02-12,1.58,3379.45,1.62,1.44,0.18000000000000016,309.1993408203125,48.338260650634766,27.838706970214844,28.66192054748535,33.616703033447266,0.644274328411143,1.0824278733074788,0.06425969004657528,0.07234835198726142,0.63584179405618,0.0,False,False
2020-02-13,1.58,3373.94,1.61,1.44,0.17000000000000015,308.869384765625,48.21004867553711,27.82976531982422,28.981077194213867,33.8209342956543,-0.10671305243151741,-0.26523911570651704,-0.032119488883564085,1.1135214969274498,0.607529126231765,0.0,False,False
2020-02-14,1.58,3380.16,1.59,1.42,0.17000000000000015,309.3642578125,48.41899490356445,27.865524291992188,29.17588996887207,34.21305847167969,0.16022081542672595,0.4334080420320463,0.12849182074308185,0.6722068105084134,1.1594126069893296,0.0,False,False
2020-02-18,1.59,3370.29,1.55,1.41,0.14000000000000012,308.5671081542969,48.23854446411133,27.624149322509766,29.42043685913086,34.180389404296875,,,,,,0.010000000000000009,True,False
2020-02-19,1.59,3386.15,1.56,1.42,0.14000000000000012,310.04241943359375,48.813148498535156,27.82976531982422,29.101274490356445,33.69839859008789,0.47811683109113545,1.1911719990874259,0.7443342233417027,-1.0848321875796985,-1.4101384525139204,0.0,False,False
2020-02-20,1.59,3373.23,1.52,1.39,0.13000000000000012,308.7687072753906,48.30501937866211,27.776124954223633,29.20490074157715,34.074188232421875,-0.4108186745962139,-1.040967721818431,-0.19274458474277667,0.3560883605116416,1.1151557879801377,0.0,False,False
2020-02-21,1.58,3337.75,1.46,1.34,0.11999999999999988,305.5889587402344,47.22229766845703,27.5079345703125,29.151018142700195,34.25390625,-1.0298156711587514,-2.241426924431278,-0.9655428334698346,-0.18449848316123285,0.527431545403978,-0.010000000000000009,False,True
2020-02-24,1.58,3225.89,1.38,1.26,0.11999999999999988,295.4538879394531,45.27052307128906,26.61394500732422,28.811145782470703,33.79642868041992,,,,,,0.0,False,False
2020-02-25,1.58,3128.21,1.33,1.2,0.13000000000000012,286.5010070800781,43.82213592529297,25.71101951599121,28.205982208251953,32.94682312011719,-3.03021257287015,-3.1994044860388926,-3.3926781282689222,-2.100449523208281,-2.5138915366964665,0.0,False,False
2020-02-26,1.58,3116.39,1.33,1.16,0.17000000000000015,285.4471740722656,44.021583557128906,25.523286819458008,27.91998863220215,32.66089630126953,-0.3678287272190772,0.4551298735779419,-0.730164342244155,-1.01394652360709,-0.8678433662791307,0.0,False,False
2020-02-27,1.58,2978.76,1.3,1.11,0.18999999999999995,272.62725830078125,41.64718246459961,24.432621002197266,26.66408920288086,30.814638137817383,-4.491169272616025,-5.393720308693406,-4.273218512081522,-4.498208956549387,-5.652809238368583,0.0,False,False
2020-02-28,1.58,2954.22,1.13,0.86,0.2699999999999999,271.4818420410156,41.965335845947266,23.771074295043945,25.772926330566406,30.054885864257812,-0.4201400354846063,0.7639253426521497,-2.7076370852469167,-3.342183809594257,-2.465556370195243,0.0,False,False
2020-03-02,1.59,3090.23,1.1,0.84,0.2600000000000001,283.23876953125,44.39199447631836,24.986892700195312,27.28996467590332,31.54987144470215,,,,,,0.010000000000000009,True,False
2020-03-03,1.59,3003.37,1.02,0.71,0.31000000000000005,275.1289367675781,42.70616149902344,24.04821014404297,26.9542236328125,31.525360107421875,-2.86324953928212,-3.7976058457888318,-3.756699832248478,-1.2302729119590072,-0.07769076753049164,0.0,False,False
2020-03-04,1.09,3130.12,1.02,0.67,0.35,286.6934509277344,44.539207458496094,24.84385871887207,28.483686447143555,32.75075912475586,4.2033071097591135,4.29222832287226,3.3085563127707163,5.67429741314891,3.8870262327169947,-0.5,False,True
2020-03-05,1.09,3023.94,0.92,0.59,0.33000000000000007,277.1632080078125,43.1335563659668,23.645912170410156,28.044330596923828,31.999183654785156,-3.3241927532987603,-3.155985866697686,-4.821902112782183,-1.5424823996536663,-2.2948337383807305,0.0,False,False
2020-03-06,1.09,2972.37,0.74,0.49,0.25,272.5814208984375,42.22178268432617,22.841327667236328,27.816364288330078,31.451847076416016,-1.653100764097759,-2.113838409021218,-3.4026367744893427,-0.8128784097943709,-1.710470442852352,0.0,False,False
2020-03-09,1.09,2746.56,0.54,0.38,0.16000000000000003,251.29432678222656,39.01633071899414,20.39180564880371,26.303470611572266,29.229782104492188,,,,,,0.0,False,False
2020-03-10,1.09,2882.23,0.76,0.5,0.26,264.297607421875,41.61867904663086,21.58974838256836,26.54802894592285,30.651247024536133,5.1745221653639595,6.669895091825828,5.874628046167785,0.9297569053225763,4.863070531837765,0.0,False,False
2020-03-11,1.09,2741.38,0.82,0.5,0.31999999999999995,251.41342163085938,39.65266418457031,20.418628692626953,25.21337127685547,29.009220123291016,-4.874877951675794,-4.723876170739971,-5.424424913108172,-5.027332431292808,-5.3571291893301565,0.0,False,False
2020-03-12,1.1,2480.64,0.88,0.5,0.38,227.35890197753906,35.782371520996094,18.210479736328125,22.66840934753418,26.517578125,-9.567714999972686,-9.760485816436592,-10.814384205420113,-10.093699495304808,-8.589138169524658,0.010000000000000009,True,False
2020-03-13,1.1,2711.02,0.94,0.49,0.44999999999999996,246.79505920410156,39.98033142089844,20.606365203857422,23.90358543395996,28.845829010009766,8.548667792423892,11.731921953353751,13.156630150438819,5.448887336950015,8.780028379796722,0.0,False,False
2020-03-16,0.25,2386.13,0.73,0.36,0.37,219.78977966308594,34.45745086669922,17.781375885009766,21.18868064880371,24.23016929626465,-10.942390673502922,-13.813993926304246,-13.709304338248021,-11.35773038173248,-16.00113386286607,-0.8500000000000001,False,True
2020-03-17,0.25,2529.19,1.02,0.47,0.55,231.65667724609375,36.80337905883789,18.746870040893555,23.899442672729492,25.700641632080078,5.399203548590159,6.80818845600053,5.429805669299914,12.793444145276812,6.068766246887591,0.0,False,False
2020-03-18,0.25,2398.1,1.18,0.54,0.6399999999999999,219.9272003173828,35.41672134399414,17.155580520629883,22.859071731567383,23.895227432250977,-5.063301894920325,-3.7677456535360143,-8.488294402172237,-4.3531180011541775,-7.02478259365924,0.0,False,False
2020-03-19,0.2,2409.39,1.12,0.44,0.6800000000000002,220.39456176757812,35.54493713378906,17.531055450439453,21.528568267822266,23.519439697265625,0.21250734312119324,0.36202049464035824,2.188646017300644,-5.82046147529145,-1.5726476596667927,-0.04999999999999999,False,True
2020-03-20,0.15,2304.92,0.92,0.37,0.55,210.89682006835938,33.91609573364258,16.905261993408203,19.820863723754883,22.18784523010254,-4.309426522617555,-4.582484965483613,-3.569627959938737,-7.932271774058508,-5.661675976566305,-0.05000000000000002,False,True
2020-03-23,0.15,2237.4,0.76,0.28,0.48,205.50462341308594,33.60628128051758,15.921656608581543,18.809436798095703,20.95490837097168,,,,,,0.0,False,False
2020-03-24,0.12,2447.33,0.84,0.38,0.45999999999999996,224.1239776611328,37.048057556152344,17.896085739135742,20.831462860107422,22.782089233398438,9.06030917397902,10.241467203424403,12.400902613927812,10.750061704220904,8.719584118811552,-0.03,False,True
2020-03-25,0.1,2475.56,0.88,0.34,0.54,227.47915649414062,37.00032424926758,18.3829345703125,21.363134384155273,23.79444122314453,1.4970191355789364,-0.12884159125594596,2.7204207572167682,2.5522524635848365,4.443631044434637,-0.01999999999999999,False,True
2020-03-26,0.1,2630.07,0.83,0.3,0.53,240.76161193847656,39.29167175292969,19.53693962097168,23.1842098236084,25.621614456176758,5.838976919486716,6.192776820617918,6.27758884875127,8.524383204759456,7.6789919792483285,0.0,False,False
2020-03-27,0.1,2541.47,0.72,0.25,0.47,233.59039306640625,37.51588439941406,18.941904067993164,23.309804916381836,25.68745994567871,-2.9785557649044225,-4.519500632810869,-3.0456947941825185,0.5417268637965211,0.2569919612777527,0.0,False,False
2020-03-30,0.09,2626.65,0.7,0.23,0.47,241.17637634277344,39.095943450927734,19.30253028869629,24.172199249267578,26.354135513305664,,,,,,-0.010000000000000009,False,True
2020-03-31,0.08,2584.59,0.7,0.23,0.47,237.58155822753906,38.365577697753906,18.77060317993164,23.196773529052734,25.514616012573242,-1.4905349229251241,-1.868136918323926,-2.7557377235467917,-4.035320535612408,-3.1855323059584495,-0.009999999999999995,False,True
2020-04-01,0.06,2470.5,0.62,0.23,0.39,226.88922119140625,36.537288665771484,17.625619888305664,21.802703857421875,23.967281341552734,-4.50049116434047,-4.765441162872042,-6.099874791717519,-6.009756787446586,-6.064503068586269,-0.020000000000000004,False,True
2020-04-02,0.05,2526.9,0.63,0.23,0.4,232.12478637695312,37.391761779785156,18.067380905151367,22.485084533691406,24.32119369506836,2.3075424905840247,2.338633065606066,2.506357334636533,3.1297983990056455,1.4766478870594124,-0.009999999999999995,False,True
2020-04-03,0.05,2488.65,0.62,0.23,0.39,228.7696075439453,36.814151763916016,17.706758499145508,21.68130111694336,24.11543083190918,-1.4454203212746375,-1.5447520747241428,-1.9959860695859866,-3.57474047092714,-0.8460228792179003,0.0,False,False
2020-04-06,0.05,2663.68,0.67,0.27,0.4,244.13519287109375,39.955196380615234,18.97796630859375,23.35585594177246,25.860305786132812,,,,,,0.0,False,False
2020-04-07,0.05,2659.41,0.75,0.28,0.47,244.38406372070312,39.59717559814453,19.167295455932617,23.062807083129883,25.8685359954834,0.10193976815984218,-0.896055619549907,0.9976261115667295,-1.2547125627644151,0.031825645909422384,0.0,False,False
2020-04-08,0.05,2749.98,0.77,0.27,0.5,252.5877227783203,40.66169357299805,20.005746841430664,24.318721771240234,27.810937881469727,3.3568715294761686,2.688368447428857,4.374385459992114,5.445628034711514,7.508743000861995,0.0,False,False
2020-04-09,0.05,2789.82,0.73,0.23,0.5,256.431396484375,40.671234130859375,21.07861328125,25.465791702270508,29.24304962158203,1.5217183415632718,0.023463257486322497,5.362791243551568,4.716818350160246,5.149455031743155,0.0,False,False
2020-04-13,0.05,2761.63,0.76,0.25,0.51,254.0901641845703,40.76194381713867,20.31228256225586,24.657819747924805,27.90147590637207,,,,,,0.0,False,False
2020-04-14,0.05,2846.06,0.76,0.23,0.53,261.583984375,42.47088623046875,20.402437210083008,25.38206672668457,28.83151626586914,2.9492759841684313,4.192494894248733,0.4438430174000807,2.937189849563726,3.333301659804566,0.0,False,False
2020-04-15,0.05,2783.36,0.63,0.2,0.43,256.0258483886719,41.54481506347656,19.51889991760254,24.544788360595703,27.72039794921875,-2.1247998036302285,-2.1804846782966902,-4.330547783986416,-3.2987005160167837,-3.8538324048039585,0.0,False,False
2020-04-16,0.05,2799.55,0.61,0.2,0.41,257.2609558105469,42.05080795288086,19.176313400268555,24.548974990844727,27.539329528808594,0.482415127085134,1.2179447390274545,-1.7551527943694856,0.017057104699857994,-0.6531956025373709,0.0,False,False
2020-04-17,0.05,2874.56,0.65,0.2,0.45,264.2109375,42.60932922363281,20.18606185913086,25.340200424194336,28.428224563598633,2.7015299183492436,1.3282058013672327,5.26560260977047,3.223048757207536,3.2277293964625198,0.0,False,False
2020-04-20,0.05,2823.16,0.63,0.2,0.43,259.5561218261719,41.92670822143555,19.834449768066406,24.38152313232422,27.37472152709961,,,,,,0.0,False,False
2020-04-21,0.05,2736.56,0.58,0.2,0.37999999999999995,251.6752166748047,40.17000961303711,19.194339752197266,23.97962188720703,26.97142219543457,-3.036301011095066,-4.189927334911314,-3.2272637928162817,-1.6483844874496834,-1.4732545544464903,0.0,False,False
2020-04-22,0.05,2799.31,0.63,0.22,0.41000000000000003,257.2609558105469,41.7166633605957,19.401700973510742,24.678754806518555,27.44056510925293,2.2194235926534134,3.8502697969398314,1.080324845712588,2.915529371564052,1.7394074009852156,0.0,False,False
2020-04-23,0.04,2797.8,0.61,0.22,0.39,257.2425537109375,41.43024444580078,19.320554733276367,24.264297485351562,27.127792358398438,-0.0071530868535396586,-0.686581552122556,-0.4182429176965652,-1.679409372216456,-1.1398189126543334,-0.010000000000000002,False,True
2020-04-24,0.05,2836.74,0.6,0.22,0.38,260.828125,42.3085823059082,19.60004425048828,24.415008544921875,27.2265682220459,1.3938484272285612,2.12004025526924,1.4465915760200287,0.6211226995601171,0.3641131660935937,0.010000000000000002,True,False
2020-04-27,0.04,2878.48,0.67,0.24,0.43000000000000005,264.58892822265625,42.67139434814453,20.26719856262207,24.670377731323242,28.016698837280273,,,,,,-0.010000000000000002,False,True
2020-04-28,0.04,2863.39,0.62,0.2,0.42,263.3721923828125,42.10332107543945,20.48357582092285,24.762481689453125,28.041393280029297,-0.4598589396831665,-1.3312742210163542,1.067622925942202,0.3733382566450949,0.0881418717188831,0.0,False,False
2020-04-29,0.04,2939.51,0.63,0.2,0.43,270.26690673828125,43.831382751464844,21.07861328125,24.536418914794922,28.115468978881836,2.6178596506677643,4.104335790825386,2.9049491433002173,-0.9129245505085537,0.2641655431055101,0.0,False,False
2020-04-30,0.05,2912.43,0.64,0.2,0.44,267.7505798339844,43.63566207885742,20.546689987182617,23.971254348754883,27.917932510375977,-0.9310525416023729,-0.44653091077963003,-2.5235212913201632,-2.303370218786316,-0.7025899822415638,0.010000000000000002,True,False
2020-05-01,0.05,2830.71,0.64,0.2,0.44,260.6622619628906,42.437477111816406,19.888547897338867,23.393529891967773,27.061962127685547,-2.6473585511892384,-2.7458846960444427,-3.2031538425620454,-2.410071865167618,-3.0660235401468228,0.0,False,False
2020-05-04,0.05,2842.74,0.64,0.19,0.45,261.381103515625,43.000770568847656,19.708229064941406,23.569360733032227,27.045503616333008,,,,,,0.0,False,False
2020-05-05,0.05,2868.44,0.66,0.19,0.47000000000000003,263.7961730957031,43.59270477294922,19.645122528076172,23.761934280395508,27.218339920043945,0.9239648725921645,1.3765665039742192,-0.3202039952818203,0.8170503627338066,0.6390574424598894,0.0,False,False
2020-05-06,0.05,2848.42,0.72,0.17,0.5499999999999999,262.00799560546875,43.93161392211914,19.22138214111328,22.953964233398438,26.716279983520508,-0.6778633174430615,0.7774446456927153,-2.156975027044472,-3.4002705228575403,-1.8445648705919582,0.0,False,False
2020-05-07,0.05,2881.19,0.63,0.13,0.5,265.1695861816406,44.59038162231445,19.67216682434082,23.046064376831055,26.95496368408203,1.2066771355071948,1.4995299315958555,2.3452251243855082,0.40123850719697707,0.8934017037879105,0.0,False,False
2020-05-08,0.05,2929.8,0.69,0.16,0.5299999999999999,269.55712890625,45.24437713623047,20.095903396606445,23.5107479095459,27.44879150390625,1.6546176308484872,1.4666739555077912,2.1539903359365953,2.0163248922536514,1.8320478024455467,0.0,False,False
2020-05-11,0.05,2930.32,0.73,0.17,0.5599999999999999,269.6124267578125,45.54510498046875,19.708229064941406,23.410280227661133,27.11957359313965,,,,,,0.0,False,False
2020-05-12,0.05,2870.12,0.69,0.17,0.5199999999999999,264.2386169433594,44.604705810546875,19.194339752197266,23.20514488220215,25.96729850769043,-1.9931610271363032,-2.0647645237070966,-2.607485995067349,-0.8762618108970832,-4.248868742319411,0.0,False,False
2020-05-13,0.05,2820.0,0.64,0.16,0.48,259.5653381347656,43.83615493774414,18.62635612487793,23.00838279724121,25.555774688720703,-1.7685828296609252,-1.7230264359708203,-2.959120421187278,-0.8479243976272199,-1.5847771721338333,0.0,False,False
2020-05-14,0.05,2852.5,0.63,0.16,0.47,262.6716613769531,44.39466857910156,19.104183197021484,23.255382537841797,25.588687896728516,1.1967403908817342,1.2740935927218588,2.5653276944777925,1.0735206501788719,0.12878970960070735,0.0,False,False
2020-05-15,0.05,2863.7,0.64,0.16,0.48,263.8791809082031,44.619022369384766,18.97796630859375,22.945587158203125,25.49816131591797,0.45970681607603314,0.5053620118448565,-0.6606767069079034,-1.3321448448958662,-0.353775782392185,0.0,False,False
2020-05-18,0.05,2953.91,0.73,0.18,0.55,271.916748046875,45.71218490600586,19.95165252685547,23.887527465820312,26.7409725189209,,,,,,0.0,False,False
2020-05-19,0.05,2922.94,0.7,0.17,0.5299999999999999,269.1238708496094,45.54510498046875,19.46480941772461,23.494003295898438,26.222444534301758,-1.0271074574575878,-0.3655041339211018,-2.4401142134745757,-1.6474043639926883,-1.939076764138814,0.0,False,False
2020-05-20,0.05,2971.61,0.68,0.16,0.52,273.69580078125,46.54279327392578,19.89756202697754,23.623783111572266,26.469356536865234,1.6988199215503652,2.1905499918923654,2.223256338995361,0.5523954944557596,0.9416055861629857,0.0,False,False
2020-05-21,0.05,2948.51,0.68,0.17,0.51,271.8062438964844,45.89358139038086,19.834449768066406,23.385160446166992,26.337675094604492,-0.6903857784342993,-1.3948709088515865,-0.3171858885302803,-1.0100950566566236,-0.49748637477206037,0.0,False,False
2020-05-22,0.05,2955.45,0.66,0.17,0.49,272.3223876953125,46.0606575012207,19.762331008911133,23.644718170166016,26.913808822631836,0.1898940184114073,0.3640511500260901,-0.3636035281976202,1.109924922672767,2.187488933468429,0.0,False,False
2020-05-26,0.05,2991.77,0.69,0.18,0.51,275.6775207519531,46.01292037963867,20.79011344909668,23.799606323242188,27.769784927368164,,,,,,0.0,False,False
2020-05-27,0.05,3036.13,0.68,0.19,0.49000000000000005,279.7793884277344,46.27547073364258,21.69167709350586,24.08428192138672,28.36237907409668,1.4879224336437735,0.5706013698710821,4.33650180224654,1.196135743919946,2.133952957426377,0.0,False,False
2020-05-28,0.05,3029.73,0.7,0.17,0.5299999999999999,279.26324462890625,46.18476867675781,21.349082946777344,24.795969009399414,28.683372497558594,-0.18448242443043217,-0.1960046120477954,-1.5793806318050052,2.9549857053480233,1.1317577507278909,0.0,False,False
2020-05-29,0.05,3044.31,0.65,0.16,0.49,280.5075378417969,46.767154693603516,21.10566520690918,24.988542556762695,28.518762588500977,0.4455628289158131,1.2609915206499345,-1.1401789035856869,0.7766324731664387,-0.5738861741994561,0.0,False,False
2020-06-01,0.05,3055.73,0.66,0.14,0.52,281.6413269042969,46.752830505371094,21.349082946777344,25.285781860351562,29.086668014526367,,,,,,0.0,False,False
2020-06-02,0.06,3080.82,0.68,0.17,0.51,283.9732971191406,47.1920051574707,21.520381927490234,25.449045181274414,29.275970458984375,0.8279929087382065,0.939354146802196,0.8023716107147694,0.6456724250194057,0.6508220342167359,0.009999999999999995,True,False
2020-06-03,0.06,3122.87,0.77,0.19,0.5800000000000001,287.75244140625,47.559574127197266,22.322771072387695,25.754655838012695,29.97555923461914,1.3308097364956861,0.7788797456265151,3.728507921471813,1.2008727815185471,2.3896347914918348,0.0,False,False
2020-06-04,0.06,3112.35,0.82,0.19,0.6299999999999999,286.9967041015625,47.16814422607422,22.809619903564453,25.294153213500977,29.4158878326416,-0.26263454134192177,-0.823030711074435,2.180951592425595,-1.7880364133308957,-1.867092445538654,0.0,False,False
2020-06-05,0.07,3193.93,0.91,0.22,0.6900000000000001,294.3522033691406,48.40928268432617,23.65709114074707,25.61650276184082,30.494089126586914,2.5629211633646953,2.631306528201005,3.7154114832495866,1.274403399153079,3.6653705646405133,0.010000000000000009,True,False
2020-06-08,0.07,3232.39,0.88,0.22,0.66,297.9102478027344,48.65272903442383,24.10787010192871,26.303070068359375,31.16075325012207,,,,,,0.0,False,False
2020-06-09,0.07,3207.18,0.84,0.2,0.6399999999999999,295.688720703125,48.88186264038086,23.593982696533203,25.775590896606445,30.798612594604492,-0.7457034848564192,0.470957355331314,-2.13161678415712,-2.0053901327185653,-1.162169131826618,0.0,False,False
2020-06-10,0.08,3190.14,0.75,0.17,0.58,294.0389099121094,49.698158264160156,22.710447311401367,25.6248779296875,30.222475051879883,-0.5579552669755183,1.6699355950993588,-3.74474880521829,-0.5847119762394604,-1.87066070250691,0.009999999999999995,True,False
2020-06-11,0.08,3002.1,0.66,0.19,0.47000000000000003,277.08782958984375,46.848304748535156,20.85322380065918,24.62432861328125,28.35415267944336,-5.764910612453445,-5.734324198649777,-8.177837650118857,-3.904601298596122,-6.181897310625162,0.0,False,False
2020-06-12,0.08,3041.31,0.71,0.19,0.52,280.4061279296875,47.45455551147461,21.48431968688965,24.561534881591797,29.25127410888672,1.1975619227865941,1.294071933218488,3.026370849242599,-0.2550068782609771,3.1639860290862076,0.0,False,False
2020-06-15,0.09,3066.59,0.71,0.19,0.52,283.0238952636719,47.9128303527832,21.781837463378906,24.728988647460938,29.621652603149414,,,,,,0.009999999999999995,True,False
2020-06-16,0.09,3124.74,0.75,0.21,0.54,288.471435546875,48.934383392333984,22.124433517456055,24.84202003479004,30.115476608276367,1.9247633766499073,2.1321074794143025,1.5728519444383249,0.45708050960147073,1.667104843010847,0.0,False,False
2020-06-17,0.09,3113.49,0.74,0.19,0.55,287.2731628417969,48.924827575683594,21.790851593017578,24.76666831970215,29.76157569885254,-0.4153869525440057,-0.01952781661470615,-1.5077535168314338,-0.3033236225651659,-1.175146301110075,0.0,False,False
2020-06-18,0.09,3115.34,0.71,0.19,0.52,287.38385009765625,49.1444091796875,21.763805389404297,24.762481689453125,29.39118766784668,0.03853031545459906,0.44881426237879385,-0.12411724019977255,-0.01690429328232712,-1.2445175442110101,0.0,False,False
2020-06-19,0.09,3097.74,0.7,0.19,0.51,285.741455078125,48.805484771728516,21.619552612304688,24.067535400390625,29.094892501831055,-0.5714987181684505,-0.6896499797561351,-0.6628104530370327,-2.8064484722405414,-1.0081088568590468,0.0,False,False
2020-06-22,0.08,3117.86,0.71,0.19,0.52,287.57452392578125,49.72502899169922,21.512489318847656,24.302248001098633,29.011960983276367,,,,,,-0.009999999999999995,False,True
2020-06-23,0.08,3131.29,0.72,0.18,0.54,288.8983459472656,50.084041595458984,21.61229705810547,24.057405471801758,28.904144287109375,0.46034050701446727,0.7219957655926201,0.4639525337050143,-1.0074892219263276,-0.37162843362825715,0.0,False,False
2020-06-24,0.08,3050.33,0.69,0.19,0.49999999999999994,281.52899169921875,48.95435333251953,20.850143432617188,23.837900161743164,28.165987014770508,-2.5508468121835604,-2.255585266189619,-3.526481351978472,-0.9124230387847931,-2.553811194016453,0.0,False,False
2020-06-25,0.08,3083.76,0.68,0.17,0.51,284.547119140625,49.581424713134766,21.403610229492188,23.54240608215332,28.46456527709961,1.0720485386566336,1.2809307812849502,2.654498750397938,-1.239597773230361,1.0600667470751945,0.0,False,False
2020-06-26,0.08,3009.05,0.64,0.17,0.47,277.7887878417969,48.604923248291016,20.487220764160156,23.293344497680664,27.975223541259766,-2.375118510860097,-1.9694905309670552,-4.281471469095111,-1.05792748457203,-1.719125976722824,0.0,False,False
2020-06-29,0.08,3053.24,0.64,0.16,0.48,281.8714599609375,49.13626480102539,20.714052200317383,23.73236846923828,28.456268310546875,,,,,,0.0,False,False
2020-06-30,0.08,3100.29,0.66,0.16,0.5,285.4821472167969,50.01701354980469,20.995323181152344,23.82101058959961,28.8709659576416,1.2809694377571068,1.7924617435733925,1.3578752149260742,0.3735072648826554,1.4573156345346394,0.0,False,False
2020-07-01,0.08,3115.86,0.69,0.17,0.5199999999999999,287.4819030761719,50.09839630126953,20.813852310180664,24.37823486328125,29.65888214111328,0.7004836830852179,0.16271013738915485,-0.864339497924882,2.3392134082041327,2.7290953292926856,0.0,False,False
2020-07-02,0.09,3130.01,0.68,0.16,0.52,289.0650939941406,50.3903923034668,20.841073989868164,24.441551208496094,29.559350967407227,0.5507097667811323,0.5828450085334724,0.13078635940058092,0.25972489628529605,-0.33558639611734886,0.009999999999999995,True,False
2020-07-06,0.09,3179.72,0.69,0.16,0.5299999999999999,293.52740478515625,51.27116012573242,21.240297317504883,24.14183235168457,29.592538833618164,,,,,,0.0,False,False
2020-07-07,0.09,3145.32,0.65,0.16,0.49,290.5000305175781,50.73503494262695,20.804777145385742,24.04474449157715,29.111488342285156,-1.0313770429013158,-1.0456661830758773,-2.050442918048101,-0.40215613584378973,-1.6255803330619156,0.0,False,False
2020-07-08,0.09,3169.94,0.67,0.16,0.51,292.72198486328125,51.56314468383789,21.022539138793945,24.26003074645996,29.09489631652832,0.7648723278081304,1.6322246395363615,1.0466922663312506,0.8953568001449419,-0.05699476976838147,0.0,False,False
2020-07-09,0.09,3152.05,0.62,0.16,0.45999999999999996,291.0555725097656,51.74983596801758,20.577953338623047,23.934993743896484,28.995376586914062,-0.5692815844679178,0.36206341821158894,-2.114805434470479,-1.339804577992576,-0.3420521885748151,0.0,False,False
2020-07-10,0.09,3185.04,0.65,0.16,0.49,294.0274353027344,51.7354736328125,21.285663604736328,24.386672973632812,29.028541564941406,1.021063698366076,-0.027753392714047198,3.439167416056721,1.887108200525467,0.11438022861309793,0.0,False,False
2020-07-13,0.09,3155.22,0.64,0.16,0.48,291.4814758300781,50.66323471069336,21.376392364501953,24.412004470825195,28.572385787963867,,,,,,0.0,False,False
2020-07-14,0.09,3197.52,0.63,0.14,0.49,295.2587585449219,51.24722671508789,21.48526954650879,24.639951705932617,28.8543758392334,1.29589117253055,1.1526938769886197,0.5093337554359145,0.9337505872565321,0.9869321146724896,0.0,False,False
2020-07-15,0.1,3226.56,0.64,0.16,0.48,297.9713439941406,51.524864196777344,21.91170883178711,24.54286003112793,28.987085342407227,0.9187146429073811,0.5417609878345164,1.9847983957343995,-0.3940416603223751,0.4599285179940793,0.010000000000000009,True,False
2020-07-16,0.1,3215.57,0.62,0.16,0.45999999999999996,296.989990234375,50.888214111328125,21.91170883178711,24.855241775512695,28.64702796936035,-0.3293450123797559,-1.2356172022458978,0.0,1.272800904167526,-1.1731340665333545,0.0,False,False
2020-07-17,0.09,3224.73,0.64,0.14,0.5,297.85101318359375,51.13713073730469,21.73024559020996,25.416677474975586,29.045133590698242,0.28991648793930125,0.4891439605878345,-0.8281565028552262,2.2588221210385395,1.3896925774069313,-0.010000000000000009,False,True
2020-07-20,0.1,3251.84,0.62,0.16,0.45999999999999996,300.2581481933594,52.44390869140625,21.630443572998047,25.083192825317383,28.771432876586914,,,,,,0.010000000000000009,True,False
2020-07-21,0.1,3257.3,0.61,0.14,0.47,300.8969421386719,51.91737365722656,22.0568790435791,25.19717025756836,28.77972984313965,0.2127482465192454,-1.0039965504439419,1.9714596658266803,0.45439762411718654,0.028837515977464534,0.0,False,False
2020-07-22,0.09,3276.02,0.6,0.14,0.45999999999999996,302.609619140625,52.333824157714844,22.0568790435791,25.585533142089844,29.128068923950195,0.5691905639784833,0.8021409234562071,0.0,1.541295631817352,1.2103625805701679,-0.010000000000000009,False,True
2020-07-23,0.09,3235.66,0.59,0.16,0.42999999999999994,298.9989318847656,50.97438049316406,22.075021743774414,25.615081787109375,28.978778839111328,-1.1931832392219732,-2.5976386905224413,0.08225415825813265,0.11548965915790799,-0.5125299765962654,0.0,False,False
2020-07-24,0.09,3215.63,0.59,0.14,0.44999999999999996,297.0733337402344,50.35687255859375,22.02058982849121,25.446229934692383,28.8626651763916,-0.6440150579779869,-1.2114084145723458,-0.2465769497987158,-0.6591891988491194,-0.4006851474466333,0.0,False,False
2020-07-27,0.1,3239.41,0.62,0.15,0.47,299.2397155761719,51.15148162841797,21.839126586914062,25.138072967529297,29.202714920043945,,,,,,0.010000000000000009,True,False
2020-07-28,0.1,3218.44,0.59,0.14,0.44999999999999996,297.3418273925781,50.55314636230469,21.784687042236328,25.517986297607422,29.79157829284668,-0.6342367288845518,-1.1697320332963113,-0.24927528333644755,1.5113064973948376,2.016467901751673,0.0,False,False
2020-07-29,0.1,3258.44,0.58,0.12,0.45999999999999996,300.99871826171875,51.285518646240234,22.19297981262207,25.636188507080078,30.355562210083008,1.2298608982154624,1.448717511441866,1.8742191227908878,0.4632113525499415,1.8930984847209231,0.0,False,False
2020-07-30,0.1,3246.22,0.55,0.11,0.44000000000000006,299.9248046875,51.57272720336914,21.793758392333984,25.636188507080078,30.10674476623535,-0.3567834376241419,0.5600188215118429,-1.79886353098484,0.0,-0.8196766119028087,0.0,False,False
2020-07-31,0.1,3271.12,0.55,0.11,0.44000000000000006,302.2947998046875,52.86036682128906,21.802827835083008,25.678401947021484,30.073572158813477,0.7901964359556368,2.496745252277055,0.04161486323632779,0.16466347924437574,-0.11018330835645962,0.0,False,False
2020-08-03,0.1,3294.61,0.56,0.11,0.45000000000000007,304.396484375,54.16236114501953,21.866344451904297,25.399791717529297,29.592538833618164,,,,,,0.0,False,False
2020-08-04,0.1,3306.51,0.52,0.11,0.41000000000000003,305.5722961425781,54.301185607910156,21.775609970092773,25.678401947021484,30.0321044921875,0.3862763954032955,0.25631168943858196,-0.4149503910500285,1.0968996619759919,1.4853935346364144,0.0,False,False
2020-08-05,0.1,3327.77,0.55,0.11,0.44000000000000006,307.4700927734375,54.50222396850586,22.075021743774414,25.349140167236328,29.80817222595215,0.621063052775539,0.37022830780772953,1.3749868503929896,-1.2822518335232624,-0.7456429378554064,0.0,False,False
2020-08-06,0.1,3349.16,0.55,0.11,0.44000000000000006,309.52545166015625,55.268104553222656,22.06595230102539,25.49688720703125,29.866226196289062,0.6684744093901962,1.405228133735159,-0.041084637896593446,0.5828483286620001,0.19475857122956963,0.0,False,False
2020-08-07,0.1,3351.28,0.57,0.13,0.43999999999999995,309.74761962890625,54.44479751586914,22.537757873535156,25.95701026916504,30.27263069152832,0.07177696294711211,-1.4896603457074886,2.138160937145872,1.8046244563018732,1.3607494049239888,0.0,False,False
2020-08-10,0.1,3360.47,0.59,0.14,0.44999999999999996,310.6734313964844,54.29161071777344,22.701068878173828,25.948575973510742,30.22286605834961,,,,,,0.0,False,False
2020-08-11,0.1,3333.69,0.64,0.16,0.48,308.1090087890625,53.31510925292969,22.964197158813477,25.387128829956055,29.64228630065918,-0.8254399469870166,-1.7986231241507,1.1591008425714922,-2.1636915417934,-1.9209950392181097,0.0,False,False
2020-08-12,0.1,3380.35,0.69,0.16,0.5299999999999999,312.4046936035156,54.52616500854492,22.900686264038086,25.75438690185547,30.015514373779297,1.394209416769776,2.2715057187070897,-0.27656483845774904,1.4466309851709491,1.2591069033423885,0.0,False,False
2020-08-13,0.1,3373.43,0.71,0.16,0.5499999999999999,311.8399658203125,54.55009460449219,22.75550651550293,25.712169647216797,29.667179107666016,-0.18076802134088243,0.04388644597235203,-0.6339537027898468,-0.16392257676159927,-1.1605173970217764,0.0,False,False
2020-08-14,0.1,3372.85,0.71,0.14,0.57,311.8492431640625,54.511802673339844,22.84624481201172,25.48844337463379,29.74181365966797,0.0029750335963418806,-0.07019590237189455,0.3987531389247234,-0.8701182189314927,0.2515727960892278,0.0,False,False
2020-08-17,0.1,3381.99,0.69,0.14,0.5499999999999999,312.8398742675781,54.87560272216797,22.46516990661621,25.454669952392578,30.007225036621094,,,,,,0.0,False,False
2020-08-18,0.09,3389.78,0.67,0.14,0.53,313.5155944824219,55.08142852783203,22.320005416870117,25.3406925201416,29.97404670715332,0.21599555249334212,0.3750770751551391,-0.6461757927917589,-0.44776629382407007,-0.11056780301171854,-0.010000000000000009,False,True
2020-08-19,0.09,3374.85,0.68,0.14,0.54,312.2102966308594,55.01441955566406,22.310930252075195,25.264713287353516,29.36030387878418,-0.4163422408755779,-0.12165438326297018,-0.04065933061137006,-0.29983092501396635,-2.047580810043481,0.0,False,False
2020-08-20,0.09,3385.51,0.65,0.13,0.52,313.182373046875,55.746788024902344,22.10224723815918,25.04098129272461,29.675464630126953,0.3113530932533415,1.3312300214260553,-0.9353398157685766,-0.8855512907834817,1.073424691528846,0.0,False,False
2020-08-21,0.09,3397.16,0.64,0.16,0.48,314.2933044433594,56.45522689819336,22.0568790435791,25.083192825317383,29.774995803833008,0.3547234749122108,1.270815590262453,-0.20526507595006738,0.16856980203503458,0.33539887225559895,0.0,False,False
2020-08-24,0.09,3431.28,0.65,0.14,0.51,317.4781494140625,56.9434928894043,22.583126068115234,25.302703857421875,29.81646728515625,,,,,,0.0,False,False
2020-08-25,0.09,3443.62,0.69,0.15,0.5399999999999999,318.58917236328125,57.23069763183594,22.646638870239258,25.06208610534668,29.907699584960938,0.3499525719389718,0.5043679757921637,0.28124008134415845,-0.9509566781125467,0.3059795747503147,0.0,False,False
2020-08-26,0.09,3478.73,0.69,0.16,0.5299999999999999,321.7831726074219,58.39387893676758,22.537757873535156,24.783477783203125,29.700347900390625,1.002545133736854,2.032442994866779,-0.4807821475317775,-1.1116725119068138,-0.6933053609866402,0.0,False,False
2020-08-27,0.08,3484.55,0.74,0.16,0.58,322.48681640625,58.441749572753906,22.91883087158203,24.863683700561523,30.098453521728516,0.2186701663503543,0.08197885952767603,1.690820356599665,0.32362656306759163,1.340407266181054,-0.009999999999999995,False,True
2020-08-28,0.09,3508.01,0.74,0.14,0.6,324.56988525390625,58.95392990112305,23.009559631347656,24.93545150756836,30.330684661865234,0.6459392265611541,0.8763945845452925,0.3958699301635171,0.28864510935366905,0.7715716688535768,0.009999999999999995,True,False
2020-08-31,0.09,3500.31,0.72,0.14,0.58,323.3940124511719,59.140625,22.737367630004883,25.011430740356445,30.065288543701172,,,,,,0.0,False,False
2020-09-01,0.09,3526.65,0.68,0.13,0.55,326.43994140625,60.27029800415039,22.800878524780273,24.724382400512695,30.015514373779297,0.9418631260336152,1.910147219699465,0.2793238681314092,-1.147668611298558,-0.16555360794068275,0.0,False,False
2020-09-02,0.09,3580.84,0.66,0.14,0.52,331.1615295410156,60.80640411376953,23.12751007080078,25.492664337158203,30.68732452392578,1.4463879984862649,0.8895030012664229,1.4325393017883936,3.1073857546774386,2.2382096864325574,0.0,False,False
2020-09-03,0.09,3455.06,0.63,0.13,0.5,319.764892578125,57.34078598022461,22.77366065979004,25.205610275268555,30.17310333251953,-3.4414133123150448,-5.699429499334818,-1.529993544170971,-1.1260261308632113,-1.6756794519682927,0.0,False,False
2020-09-04,0.09,3426.96,0.72,0.14,0.58,317.15411376953125,56.54140853881836,22.946046829223633,25.06208610534668,30.065288543701172,-0.8164682456364036,-1.394081765258559,0.7569541498348764,-0.5694135883022033,-0.35732084840660594,0.0,False,False
2020-09-08,0.09,3331.84,0.69,0.14,0.5499999999999999,308.488525390625,53.985267639160156,22.356292724609375,24.92278289794922,29.683759689331055,,,,,,0.0,False,False
2020-09-09,0.09,3398.96,0.71,0.14,0.57,314.58038330078125,55.746788024902344,22.583126068115234,25.252044677734375,30.007225036621094,1.9747437615199592,3.262964995406281,1.0146286162023843,1.3211276651302395,1.0897047768726464,0.0,False,False
2020-09-10,0.09,3339.19,0.68,0.14,0.54,309.1180725097656,54.487876892089844,22.265565872192383,24.817251205444336,29.584238052368164,-1.7363799782114553,-2.258266668655673,-1.406183514917403,-1.7218149177179787,-1.4096171296636428,0.0,False,False
2020-09-11,0.09,3340.97,0.67,0.13,0.54,309.2754821777344,54.0714111328125,22.419809341430664,24.876346588134766,29.484703063964844,0.05092218215865252,-0.7643273752473978,0.6927444383118875,0.23812219250722855,-0.3364460096188071,0.0,False,False
2020-09-14,0.09,3383.54,0.68,0.14,0.54,313.34906005859375,55.20589065551758,22.72829246520996,25.218280792236328,30.20627212524414,,,,,,0.0,False,False
2020-09-15,0.09,3401.2,0.68,0.14,0.54,314.9321594238281,55.751590728759766,22.419809341430664,25.387128829956055,30.604381561279297,0.5052191204717005,0.9884816036160649,-1.3572648462329084,0.6695461879848263,1.317969441526845,0.0,False,False
2020-09-16,0.09,3385.49,0.69,0.14,0.5499999999999999,313.6822509765625,54.88996124267578,22.67385482788086,25.353355407714844,30.803428649902344,-0.3968818076732328,-1.545479644295622,1.1331295578001832,-0.13303364262822193,0.6503875539013659,0.0,False,False
2020-09-17,0.09,3357.01,0.69,0.13,0.5599999999999999,310.92340087890625,54.43521499633789,22.43794822692871,25.146512985229492,30.12334442138672,-0.8795046863720679,-0.8284688785393679,-1.0404344684348366,-0.8158384527769846,-2.2078199029242795,0.0,False,False
2020-09-18,0.09,3319.47,0.7,0.14,0.5599999999999999,307.34381103515625,53.497013092041016,22.3925838470459,24.703275680541992,29.526180267333984,-1.15127707777265,-1.7235201594408944,-0.20217704143006276,-1.762619353815964,-1.9823965948109201,0.0,False,False
2020-09-21,0.09,3281.06,0.68,0.14,0.54,303.9232482910156,53.94172668457031,21.831520080566406,24.54957389831543,28.736021041870117,,,,,,0.0,False,False
2020-09-22,0.09,3315.57,0.68,0.13,0.55,307.0185241699219,54.795650482177734,21.649057388305664,24.702844619750977,29.07811737060547,1.0184399832231517,1.5830486899331753,-0.835776398470589,0.6243314937782518,1.1904791141295945,0.0,False,False
2020-09-23,0.09,3236.92,0.68,0.14,0.54,299.8984680175781,53.087791442871094,21.16553497314453,24.323915481567383,28.243741989135742,-2.3190965990062207,-3.116778474711457,-2.2334571269708947,-1.53394940548921,-2.8694271050476616,0.0,False,False
2020-09-24,0.09,3246.59,0.67,0.14,0.53,300.6977844238281,53.38522720336914,21.21114730834961,24.596406936645508,28.377239227294922,0.26652900614456687,0.5602714907025685,0.21550286946656616,1.1202614779870501,0.472661300370647,0.0,False,False
2020-09-25,0.09,3298.46,0.66,0.12,0.54,305.5591735839844,54.66132736206055,21.430105209350586,25.000883102416992,28.92793083190918,1.6167026868758816,2.390361951313147,1.032277499269374,1.6444522438310516,1.9406102200546949,0.0,False,False
2020-09-28,0.09,3351.6,0.67,0.14,0.53,310.63433837890625,55.7071647644043,21.940998077392578,25.064746856689453,29.428558349609375,,,,,,0.0,False,False
2020-09-29,0.09,3335.47,0.66,0.11,0.55,308.942626953125,55.52006149291992,21.66730499267578,25.056228637695312,29.27837562561035,-0.5445989759566561,-0.3358693128176049,-1.2474048981336083,-0.033984859463553896,-0.5103298714631666,0.0,False,False
2020-09-30,0.09,3363.0,0.69,0.13,0.5599999999999999,311.2850036621094,55.98541259765625,21.95924186706543,25.281885147094727,29.428558349609375,0.7581914907908605,0.838167487973096,1.3473612638412291,0.9006004561274317,0.5129475962718955,0.0,False,False
2020-10-01,0.09,3380.8,0.68,0.14,0.54,313.283447265625,56.57548904418945,21.99573516845703,25.537342071533203,29.912504196166992,0.6419980339576137,1.053982491428318,0.16618652689615043,1.0104346371015538,1.6444769084790867,0.0,False,False
2020-10-02,0.09,3348.44,0.7,0.13,0.57,310.30902099609375,55.141075134277344,22.169071197509766,25.839632034301758,30.396438598632812,-0.949436140176696,-2.5353981629601674,0.788043808152894,1.1837174045826737,1.6178331285544134,0.0,False,False
2020-10-05,0.09,3408.63,0.78,0.14,0.64,315.81170654296875,56.349998474121094,22.533994674682617,26.163219451904297,30.563318252563477,,,,,,0.0,False,False
2020-10-06,0.09,3360.95,0.76,0.14,0.62,311.3221130371094,55.476871490478516,22.3059139251709,26.384614944458008,30.304658889770508,-1.4216045234689667,-1.5494711753072488,-1.0121629689030298,0.8462089039183551,-0.8463065451712604,0.0,False,False
2020-10-07,0.09,3419.45,0.81,0.16,0.65,316.7413024902344,56.49394226074219,22.67996597290039,26.54640769958496,30.38808822631836,1.7407017446521733,1.8333239473286245,1.6769187265059715,0.613208703130752,0.2753020149519392,0.0,False,False
2020-10-08,0.09,3446.83,0.78,0.13,0.65,319.54840087890625,56.78657531738281,22.990148544311523,27.03177833557129,30.897066116333008,0.886243242230278,0.5179901506784601,1.3676500739981723,1.8283853750724832,1.674925668979177,0.0,False,False
2020-10-09,0.09,3477.13,0.79,0.16,0.63,322.4020080566406,57.65489959716797,23.017520904541016,27.027523040771484,30.813621520996094,0.8930125044862125,1.5291013323695868,0.11906125868101913,-0.01574182337166219,-0.2700728768962435,0.0,False,False
2020-10-12,0.09,3534.22,,,,327.5885925292969,59.22843933105469,23.272964477539062,27.197826385498047,30.97216796875,,,,,,0.0,False,False
2020-10-13,0.09,3511.93,0.74,0.16,0.58,325.4507751464844,58.84944152832031,22.82593536376953,27.010486602783203,30.44650650024414,-0.6525921328049078,-0.6398915909568093,-1.9208086455894446,-0.6888042450875154,-1.697205920606648,0.0,False,False
2020-10-14,0.09,3488.67,0.73,0.14,0.59,323.4059143066406,58.53761291503906,22.60698127746582,26.97642707824707,30.09605598449707,-0.6283164754864567,-0.5298752293701692,-0.9592337961810138,-0.12609741185715118,-1.1510368709929386,0.0,False,False
2020-10-15,0.09,3483.34,0.74,0.14,0.6,323.0061950683594,58.27375411987305,22.780317306518555,26.95939826965332,30.237913131713867,-0.1235967620252798,-0.45075086261029407,0.7667367302396588,-0.06312477387889759,0.47134796429761927,0.0,False,False
2020-10-16,0.09,3483.81,0.76,0.14,0.62,322.81097412109375,58.1058464050293,22.798566818237305,27.248918533325195,30.129432678222656,-0.06043876255200642,-0.2881360869566696,0.08011087586354826,1.0739121874161928,-0.3587564162205181,0.0,False,False
2020-10-19,0.09,3426.92,0.78,0.16,0.62,317.903076171875,57.04084014892578,22.451887130737305,27.01900291442871,29.653837203979492,,,,,,0.0,False,False
2020-10-20,0.09,3443.12,0.81,0.14,0.67,319.17657470703125,57.23752212524414,22.634349822998047,27.180797576904297,29.854084014892578,0.40059333507918016,0.3448090452469632,0.8126830996355139,0.5988180355433581,0.6752812782226059,0.0,False,False
2020-10-21,0.09,3435.56,0.83,0.14,0.69,318.5723876953125,57.15116882324219,22.515748977661133,27.108413696289062,29.745624542236328,-0.1892955372032934,-0.1508683443930403,-0.5239860931035345,-0.266305212017548,-0.3632986113462633,0.0,False,False
2020-10-22,0.09,3453.49,0.87,0.16,0.71,320.31982421875,56.882511138916016,22.962785720825195,27.491605758666992,29.53702735900879,0.548521024084736,-0.47008257198917214,1.985440251654902,1.4135539861205082,-0.7012701411979072,0.0,False,False
2020-10-23,0.09,3465.39,0.85,0.18,0.6699999999999999,321.4073791503906,56.82014465332031,23.035762786865234,27.568235397338867,29.728927612304688,0.3395215810614083,-0.10964087967810787,0.31780580512865697,0.2787383150499201,0.6496938603991476,0.0,False,False
2020-10-26,0.09,3400.97,0.81,0.16,0.65,315.4677734375,55.58722686767578,22.515748977661133,27.559722900390625,29.370153427124023,,,,,,0.0,False,False
2020-10-27,0.09,3390.68,0.79,0.16,0.63,314.3802185058594,55.86547088623047,22.105207443237305,27.538433074951172,28.99468421936035,-0.3447435913310759,0.5005538758338091,-1.8233527777874237,-0.07724978047276565,-1.2784039712128936,0.0,False,False
2020-10-28,0.09,3271.03,0.79,0.16,0.63,303.63507080078125,53.49556350708008,21.539579391479492,26.738000869750977,28.35220718383789,-3.4178828922971416,-4.242168447799688,-2.5588000167392932,-2.9066003974215437,-2.2158442239335274,0.0,False,False
2020-10-29,0.09,3310.11,0.85,0.16,0.69,306.72113037109375,54.38787841796875,21.703798294067383,26.810380935668945,28.677616119384766,1.0163712519023482,1.6680166585600675,0.7624053357924598,0.27070111288631793,1.1477375762560582,0.0,False,False
2020-10-30,0.09,3269.96,0.88,0.14,0.74,303.5235900878906,53.183738708496094,21.767656326293945,26.55918312072754,28.494056701660156,-1.0424910339025262,-2.213985440319788,0.29422514603822947,-0.9369423565601331,-0.6400790671039491,0.0,False,False
2020-11-02,0.09,3310.24,0.87,0.16,0.71,306.925537109375,53.318058013916016,22.178192138671875,27.14247703552246,29.194929122924805,,,,,,0.0,False,False
2020-11-03,0.09,3369.16,0.9,0.17,0.73,312.34466552734375,54.258358001708984,22.67084312438965,27.534181594848633,29.653837203979492,1.7656166603164047,1.7635675844524412,2.2213306776197594,1.443142270373965,1.5718759895681167,0.0,False,False
2020-11-04,0.09,3443.44,0.78,0.14,0.64,319.32525634765625,56.369197845458984,22.406269073486328,27.121185302734375,29.737276077270508,2.2348999649239643,3.890349655777481,-1.1670234293963522,-1.4999403221467977,0.28137631132545415,0.0,False,False
2020-11-05,0.09,3510.45,0.79,0.14,0.65,325.55303955078125,58.120235443115234,22.953655242919922,27.363868713378906,29.845745086669922,1.9502945912755143,3.106373098401849,2.443004534303861,0.8948112257470608,0.3647577172756655,0.0,False,False
2020-11-06,0.09,3509.44,0.83,0.16,0.6699999999999999,325.47869873046875,58.3265266418457,22.771196365356445,27.30426788330078,29.728927612304688,-0.02283524073837251,0.35493868384681715,-0.7949011851598464,-0.21780849302563965,-0.39140411481102255,0.0,False,False
2020-11-09,0.09,3550.5,0.96,0.17,0.7899999999999999,329.5684814453125,57.904361724853516,24.64142608642578,27.810928344726562,30.513248443603516,,,,,,0.0,False,False
2020-11-10,0.09,3545.53,0.98,0.19,0.79,329.0852355957031,56.824947357177734,24.76915168762207,28.21114730834961,30.68012237548828,-0.14662987415851036,-1.8641330903617859,0.5183368882479167,1.4390708525159113,0.5468900900315266,0.0,False,False
2020-11-11,0.09,3572.66,,,,331.52984619140625,58.17301559448242,24.668792724609375,28.317590713500977,30.91375160217285,0.7428502804988968,2.3723176175268534,-0.4051772312527291,0.3773097350062926,0.7615003089793015,0.0,False,False
2020-11-12,0.09,3537.01,0.88,0.17,0.71,328.31365966796875,57.65489959716797,24.258255004882812,27.862018585205078,30.596694946289062,-0.9701046709323036,-0.8906466202924457,-1.6641986671565578,-1.608795511260408,-1.0256168839161695,0.0,False,False
2020-11-13,0.09,3585.15,0.89,0.17,0.72,332.8590393066406,58.14422607421875,24.6596736907959,28.138769149780273,31.29756736755371,1.3844625420912138,0.8487162070694554,1.6547714822533033,0.9932897134816709,2.290680161680836,0.0,False,False
2020-11-16,0.09,3626.91,0.91,0.19,0.72,337.0139465332031,58.70552062988281,25.207054138183594,28.424026489257812,31.497817993164062,,,,,,0.0,False,False
2020-11-17,0.09,3609.53,0.87,0.18,0.69,335.20135498046875,58.37929916381836,25.170562744140625,27.86627197265625,31.51450538635254,-0.5378387367585669,-0.5556912920015811,-0.14476659526704294,-1.962264272489167,0.0529795212865114,0.0,False,False
2020-11-18,0.09,3567.79,0.88,0.16,0.72,331.16729736328125,57.75563430786133,24.933364868164062,27.321298599243164,30.980510711669922,-1.203472944619377,-1.0682979495984735,-0.9423622284002287,-1.9556737763409493,-1.6944409189866727,0.0,False,False
2020-11-19,0.08,3581.87,0.86,0.18,0.6799999999999999,332.56158447265625,58.220985412597656,25.01546859741211,27.048803329467773,31.030561447143555,0.42102197906501715,0.8057241692746686,0.32929261526541964,-0.9973730523297308,0.1615555532297197,-0.009999999999999995,False,True
2020-11-20,0.08,3557.54,0.83,0.16,0.6699999999999999,330.28424072265625,57.621307373046875,24.796520233154297,27.053068161010742,30.821975708007812,-0.6847885794179165,-1.0300032459104047,-0.8752519002600767,0.01576717273226169,-0.6721945379268734,0.0,False,False
2020-11-23,0.08,3577.59,0.86,0.16,0.7,332.2640075683594,57.6069221496582,25.261796951293945,27.05731964111328,30.72184944152832,,,,,,0.0,False,False
2020-11-24,0.08,3635.41,0.88,0.16,0.72,337.61810302734375,58.4080810546875,26.146732330322266,27.346847534179688,30.705162048339844,1.6113979657826238,1.3907337436774414,3.5030579207588453,1.070053859386988,-0.05431767127248577,0.0,False,False
2020-11-25,0.08,3629.65,0.88,0.17,0.71,337.09759521484375,58.53281784057617,26.055500030517578,27.41922378540039,30.780248641967773,-0.15417058736860723,0.21356083548076388,-0.3489242887107724,0.2646603091279287,0.2445406199443667,0.0,False,False
2020-11-27,0.08,3638.35,0.84,0.16,0.6799999999999999,338.03643798828125,58.844642639160156,25.97339630126953,27.146732330322266,30.72184944152832,,,,,,0.0,False,False
2020-11-30,0.09,3621.63,0.84,0.16,0.6799999999999999,336.53985595703125,59.238033294677734,25.435131072998047,26.755029678344727,30.454837799072266,,,,,,0.009999999999999995,True,False
2020-12-01,0.09,3662.45,0.92,0.17,0.75,340.2207336425781,59.99602127075195,25.82742691040039,26.942363739013672,30.838661193847656,1.0937419804496695,1.2795630339441422,1.542338572097246,0.7001825934081163,1.2603035265125628,0.0,False,False
2020-12-02,0.09,3669.01,0.95,0.16,0.7899999999999999,340.9364929199219,59.90487289428711,26.11024284362793,27.121185302734375,30.513248443603516,0.21038085177245147,-0.1519240351847806,1.0950217155145658,0.6637189129094834,-1.0552103679165592,0.0,False,False
2020-12-03,0.09,3666.72,0.92,0.16,0.76,340.8435363769531,59.86648941040039,26.119361877441406,26.840181350708008,30.738529205322266,-0.02726506105950044,-0.06407405947501665,0.03492512064360298,-1.036104981731889,0.7383047469859738,0.0,False,False
2020-12-04,0.09,3699.12,0.97,0.16,0.8099999999999999,343.78082275390625,60.46615219116211,26.438671112060547,26.571950912475586,31.147388458251953,0.8617697164439386,1.0016668534726936,1.222500136555471,-0.9993614973296205,1.3301197666246711,0.0,False,False
2020-12-07,0.09,3691.96,0.94,0.14,0.7999999999999999,343.0743408203125,60.63887023925781,26.256206512451172,26.720972061157227,30.838661193847656,,,,,,0.0,False,False
2020-12-08,0.09,3702.25,0.92,0.14,0.78,344.0782470703125,60.83555603027344,26.247087478637695,26.640073776245117,30.69681167602539,0.29262061616137647,0.3243559621733949,-0.034730964692675226,-0.30275202835793324,-0.4599730089792753,0.0,False,False
2020-12-09,0.09,3672.82,0.95,0.16,0.7899999999999999,340.9923095703125,59.669795989990234,26.183223724365234,26.59324073791504,30.413116455078125,-0.8968708502427925,-1.9162478595627364,-0.24331748931929464,-0.1757992065766656,-0.9241846480389837,0.0,False,False
2020-12-10,0.09,3668.1,0.92,0.14,0.78,340.8807067871094,59.75614547729492,26.228843688964844,26.456998825073242,30.24625015258789,-0.0327288270353554,0.14471222143808138,0.17423356680543733,-0.5123178261141836,-0.548665582288177,0.0,False,False
2020-12-11,0.09,3663.46,0.9,0.11,0.79,340.48101806640625,59.631404876708984,25.96427345275879,26.499574661254883,30.262937545776367,-0.11725178713406503,-0.20874940910191597,-1.0086995802920828,0.16092466293375907,0.05517177535823148,0.0,False,False
2020-12-14,0.09,3647.49,0.9,0.13,0.77,338.9565734863281,59.84729766845703,25.663206100463867,26.363327026367188,30.045995712280273,,,,,,0.0,False,False
2020-12-15,0.09,3694.62,0.92,0.11,0.81,343.5390930175781,60.84515380859375,26.101118087768555,26.882761001586914,30.571666717529297,1.3519488600314267,1.6673370043617686,1.7063806665090553,1.970289920920143,1.74955428431407,0.0,False,False
2020-12-16,0.09,3701.17,0.92,0.13,0.79,344.0782470703125,61.25773239135742,26.146732330322266,26.571950912475586,30.58000946044922,0.15694110617763268,0.678079611831639,0.17475972638538728,-1.1561687770574647,0.027289133422159217,0.0,False,False
2020-12-17,0.09,3722.48,0.94,0.13,0.8099999999999999,346.0023498535156,61.742252349853516,26.219711303710938,26.750768661499023,30.938785552978516,0.5592050062990239,0.7909531410673853,0.27911316973263656,0.6729567942242554,1.173237349691858,0.0,False,False
2020-12-18,0.09,3709.41,0.95,0.13,0.82,344.6208190917969,61.52638626098633,25.99163818359375,26.52086067199707,30.404787063598633,-0.3992836355890761,-0.34962457741906094,-0.8698536664852874,-0.8594444234899634,-1.7259840030420137,0.0,False,False
2020-12-21,0.09,3694.92,0.95,0.13,0.82,343.38861083984375,61.58793258666992,26.34201431274414,26.1997013092041,30.130935668945312,,,,,,0.0,False,False
2020-12-22,0.09,3687.26,0.93,0.13,0.8,342.809814453125,62.12166976928711,26.085195541381836,26.148176193237305,30.342235565185547,-0.1685543341997109,0.8666262369922517,-0.9749397609204791,-0.1966629900039929,0.701272269012243,0.0,False,False
2020-12-23,0.09,3690.01,0.96,0.13,0.83,343.11785888671875,61.65045166015625,26.516281127929688,26.096647262573242,30.05487060546875,0.08985869733197926,-0.7585406362721869,1.6526063063777796,-0.19706510420940404,-0.9470790611306068,0.0,False,False
2020-12-24,0.09,3703.06,0.94,0.13,0.8099999999999999,344.4527587890625,62.059165954589844,26.552968978881836,26.28127670288086,30.350688934326172,0.38904996279558457,0.6629542581238601,0.13835971483009413,0.7074833730553731,0.984260863207953,0.0,False,False
2020-12-28,0.09,3735.36,0.94,0.13,0.8099999999999999,347.411865234375,62.76121520996094,26.681381225585938,26.397201538085938,30.595794677734375,,,,,,0.0,False,False
2020-12-29,0.09,3727.04,0.94,0.12,0.82,346.7491455078125,62.46308135986328,26.58965301513672,26.392915725708008,30.359128952026367,-0.19075909399796087,-0.47502880417512605,-0.3437910866520566,-0.016235858834301453,-0.7735237087345137,0.0,False,False
2020-12-30,0.09,3732.04,0.93,0.12,0.81,347.24383544921875,62.42942810058594,26.708894729614258,26.526010513305664,30.528173446655273,0.14266507872189305,-0.053877039916527814,0.44845156275510334,0.5042822436932104,0.5568160235955188,0.0,False,False
2020-12-31,0.09,3756.07,0.93,0.13,0.8,349.0081787109375,62.520782470703125,27.039081573486328,26.92102813720703,30.90005874633789,0.5080992321825573,0.14633222327458117,1.236243008985194,1.489170878912316,1.2181708163197191,0.0,False,False
2021-01-04,0.09,3700.65,0.93,0.11,0.8200000000000001,344.2568359375,61.501380920410156,26.672203063964844,26.242631912231445,29.90273666381836,,,,,,0.0,False,False
2021-01-05,0.09,3726.86,0.96,0.13,0.83,346.62774658203125,61.900474548339844,26.791440963745117,26.238338470458984,29.868932723999023,0.6887040131170252,0.6489181575388692,0.44704931007881754,-0.01636056088741844,-0.11304630810008431,0.0,False,False
2021-01-06,0.09,3748.14,1.04,0.14,0.9,348.7001037597656,60.83300018310547,27.974628448486328,26.89097785949707,29.725250244140625,0.5978624614356942,-1.7245011012003708,4.416289091513703,2.487350293818613,-0.48104323373748814,0.0,False,False
2021-01-07,0.09,3803.79,1.08,0.14,0.9400000000000001,353.8808898925781,62.472694396972656,28.378196716308594,26.53889274597168,29.818222045898438,1.485742641585719,2.6954025100385692,1.4426224411359545,-1.3093057283561915,0.3127704594384051,0.0,False,False
2021-01-08,0.09,3824.68,1.13,0.14,0.9899999999999999,355.89727783203125,62.87660598754883,28.359851837158203,26.762165069580078,30.13939094543457,0.5697928305948396,0.6465410119973036,-0.06464427367877112,0.8413023321867552,1.0770893685135396,0.0,False,False
2021-01-11,0.09,3799.61,1.15,0.14,1.0099999999999998,353.49810791015625,62.3573112487793,28.451576232910156,26.513134002685547,29.632280349731445,,,,,,0.0,False,False
2021-01-12,0.09,3801.19,1.15,0.14,1.0099999999999998,353.57281494140625,62.059165954589844,28.74507713317871,26.371440887451172,29.65763282775879,0.021133643880499875,-0.47812403745244314,1.0315804574969833,-0.5344261271414519,0.0855569592624228,0.0,False,False
2021-01-13,0.09,3809.84,1.1,0.14,0.9600000000000001,354.5249328613281,62.45347213745117,28.726736068725586,26.886680603027344,30.063325881958008,0.26928482046326696,0.6353713859929222,-0.06380593229285969,1.9537791574420593,1.3679212247158956,0.0,False,False
2021-01-14,0.09,3795.54,1.15,0.16,0.9899999999999999,353.2834167480469,61.905303955078125,28.855140686035156,26.783628463745117,30.249267578125,-0.3501914811071649,-0.8777225086326723,0.446986448451292,-0.38328323530805175,0.6185000851106182,0.0,False,False
2021-01-15,0.09,3768.25,1.11,0.13,0.9800000000000001,350.70703125,61.270565032958984,28.378196716308594,27.04553985595703,30.714120864868164,-0.7292687332347336,-1.025338511510654,-1.652890813862451,0.97787867900887,1.5367422881978454,0.0,False,False
2021-01-19,0.09,3798.91,1.1,0.14,0.9600000000000001,353.4608154296875,62.068782806396484,28.451576232910156,26.94249725341797,30.51127052307129,,,,,,0.0,False,False
2021-01-20,0.09,3851.85,1.1,0.13,0.9700000000000001,358.352294921875,63.29976272583008,28.332340240478516,27.101362228393555,31.145156860351562,1.383881686076327,1.983251263800745,-0.41908396025426287,0.5896445807577644,2.0775481532339324,0.0,False,False
2021-01-21,0.08,3853.07,1.12,0.13,0.9900000000000001,358.6789245605469,64.1172103881836,28.029659271240234,26.94249725341797,31.043737411499023,0.0911476341300066,1.2913913530673504,-1.0683232188700043,-0.5861881540742075,-0.3256347345023225,-0.009999999999999995,False,True
2021-01-22,0.08,3841.47,1.1,0.13,0.9700000000000001,357.4093933105469,63.871978759765625,27.827878952026367,26.981138229370117,31.119813919067383,-0.35394643037792717,-0.3824739518972664,-0.7198814557867417,0.14342017218633707,0.2450623343443814,0.0,False,False
2021-01-25,0.08,3855.36,1.05,0.13,0.92,358.8189697265625,64.40574645996094,27.6260929107666,27.52213478088379,31.398725509643555,,,,,,0.0,False,False
2021-01-26,0.08,3849.62,1.05,0.11,0.9400000000000001,358.25885009765625,64.44900512695312,27.405960083007812,27.247339248657227,31.71988868713379,-0.15610089659782167,0.06716584989676644,-0.7968293904962453,-0.9984528250236879,1.022854183656574,0.0,False,False
2021-01-27,0.08,3750.77,1.04,0.12,0.92,349.50286865234375,63.232460021972656,26.598827362060547,26.513134002685547,31.3142032623291,-2.444037723820569,-1.8876088196925433,-2.945099235723192,-2.694594284129459,-1.2789623217348889,0.0,False,False
2021-01-28,0.07,3787.38,1.07,0.12,0.9500000000000001,352.5086669921875,63.49211502075195,27.094114303588867,26.830860137939453,31.398725509643555,0.8600210783487716,0.41063561134435655,1.8620630706253527,1.1983726074093148,0.2699166464699143,-0.009999999999999995,False,True
2021-01-29,0.07,3714.24,1.11,0.11,1.0,345.45166015625,61.996646881103516,26.552968978881836,26.684879302978516,31.069091796875,-2.001938532789016,-2.355360408390328,-1.997279994627288,-0.544078103387069,-1.0498315056364782,0.0,False,False
2021-02-01,0.08,3773.86,1.09,0.11,0.9800000000000001,351.2018127441406,63.549827575683594,26.901500701904297,26.813692092895508,31.77060890197754,,,,,,0.009999999999999995,True,False
2021-02-02,0.08,3826.31,1.12,0.11,1.01,356.16790771484375,64.4105453491211,27.552719116210938,27.032665252685547,31.905826568603516,1.414028854777305,1.3543982828473355,2.420751249243658,0.816646805040544,0.4256061539241074,0.0,False,False
2021-02-03,0.08,3830.17,1.15,0.11,1.0399999999999998,356.44793701171875,64.1893539428711,27.708637237548828,26.94679069519043,31.7790584564209,0.0786228323241378,-0.3434086841697881,0.5658901420228846,-0.31766959229662106,-0.3973196303504012,0.0,False,False
2021-02-04,0.08,3871.74,1.15,0.11,1.0399999999999998,360.499267578125,65.21357727050781,28.323165893554688,27.157176971435547,31.956546783447266,1.1365840970691377,1.5956280359953112,2.2178234560489063,0.7807470604752398,0.5585071919917306,0.0,False,False
2021-02-05,0.08,3886.83,1.19,0.09,1.0999999999999999,361.9180908203125,65.06932067871094,28.332340240478516,27.303157806396484,32.066410064697266,0.3935717405805894,-0.22120637731387616,0.0323916717442696,0.5375405371275566,0.3437895902660859,0.0,False,False
2021-02-08,0.07,3915.59,1.19,0.11,1.0799999999999998,364.5318603515625,65.75212860107422,28.699216842651367,27.092771530151367,32.134033203125,,,,,,-0.009999999999999995,False,True
2021-02-09,0.08,3911.23,1.18,0.11,1.0699999999999998,364.2892150878906,65.67520141601562,28.708383560180664,27.131410598754883,32.27771759033203,-0.06656352710511237,-0.11699573336297897,0.03194065391942669,0.14261762980030124,0.44714084378632,0.009999999999999995,True,False
2021-02-10,0.08,3909.88,1.15,0.11,1.0399999999999998,364.1304931640625,65.57903289794922,28.708383560180664,27.238754272460938,32.497467041015625,-0.043570305475504334,-0.14643048821004756,0.0,0.3956435413313253,0.6808085177293144,0.0,False,False
2021-02-11,0.08,3916.38,1.16,0.11,1.0499999999999998,364.7185363769531,66.30030822753906,28.616668701171875,27.08418846130371,32.43830108642578,0.1614924385433758,1.0998566122685238,-0.3194706480653231,-0.5674481645201235,-0.182063280547895,0.0,False,False
2021-02-12,0.08,3934.83,1.2,0.11,1.0899999999999999,366.5201721191406,66.6417236328125,28.910175323486328,26.886680603027344,32.42985153198242,0.4939797576741345,0.5149529683960319,1.0256491605622697,-0.7292367595158167,-0.02604807946274823,0.0,False,False
2021-02-16,0.08,3932.59,1.3,0.13,1.17,366.2027282714844,66.42533111572266,29.40546417236328,26.586124420166016,32.08332443237305,,,,,,0.0,False,False
2021-02-17,0.08,3931.33,1.29,0.11,1.18,366.2867736816406,65.83870697021484,29.552213668823242,26.60759162902832,32.10867691040039,0.022950514474029404,-0.8831331897854233,0.49905519463924186,0.08074591287936528,0.07902073265750875,0.0,False,False
2021-02-18,0.07,3913.97,1.29,0.11,1.18,364.7279357910156,65.51651763916016,29.37794303894043,26.766456604003906,32.09177780151367,-0.4255785364447484,-0.4893615714543831,-0.5897041481757515,0.5970663455397762,-0.05263097241245962,-0.009999999999999995,False,True
2021-02-19,0.07,3906.71,1.34,0.11,1.23,364.0837097167969,65.42034912109375,29.72648048400879,26.36714744567871,32.19319534301758,-0.17663195247755725,-0.1467851490460248,1.1863915884320786,-1.4918267450666711,0.3160234441705656,0.0,False,False
2021-02-22,0.07,3876.5,1.37,0.11,1.26,361.2832946777344,63.9777717590332,30.00164222717285,25.851913452148438,32.37914276123047,,,,,,0.0,False,False
2021-02-23,0.07,3881.37,1.37,0.11,1.26,361.7220153808594,63.79985427856445,30.185081481933594,26.066598892211914,32.497467041015625,0.12143398534834038,-0.2780926493327396,0.6114307122648155,0.8304431331973117,0.365433639357593,0.0,False,False
2021-02-24,0.07,3925.43,1.38,0.12,1.2599999999999998,365.7079772949219,64.77601623535156,30.772098541259766,25.761751174926758,32.649600982666016,1.1019406462903891,1.530037909687021,1.9447257734835466,-1.169495562293088,0.4681409214397636,0.0,False,False
2021-02-25,0.07,3829.34,1.54,0.17,1.37,356.8960266113281,62.511173248291016,30.212594985961914,25.529890060424805,32.11712646484375,-2.4095593289416906,-3.4964221616094138,-1.8182170921741347,-0.9000207824676809,-1.63087603461054,0.0,False,False
2021-02-26,0.07,3811.15,1.44,0.14,1.2999999999999998,355.0570983886719,62.84297561645508,29.634765625,25.05759620666504,31.559307098388672,-0.5152560089044966,0.5307888988839826,-1.9125446232950205,-1.8499643071001382,-1.7368283774256144,0.0,False,False
2021-03-01,0.07,3901.82,1.45,0.13,1.3199999999999998,363.6636657714844,64.86734771728516,30.561132431030273,25.611469268798828,31.593114852905273,,,,,,0.0,False,False
2021-03-02,0.07,3870.29,1.42,0.13,1.29,360.8258972167969,63.838340759277344,30.451074600219727,25.5341854095459,31.398725509643555,-0.7803277648503526,-1.5863250066776136,-0.36012353619069293,-0.3017548834930772,-0.6152902117020687,0.0,False,False
2021-03-03,0.07,3819.72,1.47,0.14,1.33,356.0466003417969,62.23226547241211,30.68954086303711,25.233633041381836,31.00993537902832,-1.324543751394991,-2.5158474793720687,0.7831127996240417,-1.1770587678575417,-1.2382353879166974,0.0,False,False
2021-03-04,0.07,3768.47,1.54,0.14,1.4,351.6405944824219,60.857025146484375,30.34101104736328,25.2121639251709,30.78172492980957,-1.2374801093860577,-2.209850975997951,-1.1356631799389394,-0.08508135224020164,-0.7359268777228256,0.0,False,False
2021-03-05,0.07,3841.94,1.56,0.14,1.42,358.1094970703125,62.006263732910156,30.918842315673828,25.624353408813477,31.136714935302734,1.8396347547450231,1.8884238650501484,1.9044562075025473,1.6348834033681037,1.1532492292184227,0.0,False,False
2021-03-08,0.07,3821.35,1.59,0.17,1.4200000000000002,356.3265686035156,60.506011962890625,31.313241958618164,25.985013961791992,31.288848876953125,,,,,,0.0,False,False
2021-03-09,0.07,3875.44,1.55,0.17,1.3800000000000001,361.4139709472656,62.56407165527344,31.02890968322754,26.328506469726562,31.643827438354492,1.4277359007182966,3.4014135548134483,-0.9080256709489976,1.321886947760098,1.13452100074809,0.0,False,False
2021-03-10,0.07,3898.81,1.53,0.16,1.37,363.6636657714844,62.31401062011719,31.661779403686523,26.508838653564453,31.956546783447266,0.622470353960658,-0.3996879175864443,2.0396131443866983,0.6849313083719499,0.9882475364334065,0.0,False,False
2021-03-11,0.07,3939.34,1.54,0.14,1.4,367.35089111328125,63.64598846435547,31.57005500793457,26.440139770507812,32.42985153198242,1.0139108436842958,2.1375254633478447,-0.28970069743229354,-0.25915463123241667,1.4810885285650333,0.0,False,False
2021-03-12,0.07,3943.34,1.64,0.14,1.5,367.845703125,63.189178466796875,31.89107894897461,26.796512603759766,32.9876708984375,0.13469737618416744,-0.7177357262892148,1.016862152946385,1.3478477661054589,1.7200799266840816,0.0,False,False
2021-03-15,0.07,3968.94,1.62,0.14,1.48,370.03936767578125,63.86235809326172,31.70763397216797,27.140003204345703,33.35955810546875,,,,,,0.0,False,False
2021-03-16,0.07,3962.71,1.62,0.15,1.4700000000000002,369.5726623535156,64.34322357177734,31.377450942993164,27.174348831176758,33.35955810546875,-0.12612315419221476,0.7529716923596608,-1.0413360689877749,0.12654982599837883,0.0,0.0,False,False
2021-03-17,0.07,3974.12,1.63,0.13,1.5,370.8327941894531,64.29033660888672,31.588396072387695,26.732107162475586,33.308841705322266,0.340969980818584,-0.08219507813690408,0.6722825565970147,-1.627423241854442,-0.15202959219705603,0.0,False,False
2021-03-18,0.07,3915.46,1.71,0.16,1.55,365.43731689453125,62.506370544433594,31.753501892089844,26.63335418701172,33.09754180908203,-1.4549622847448096,-2.774858802351532,0.5226787055721216,-0.3694171015537817,-0.6343657882479592,0.0,False,False
2021-03-19,0.07,3913.1,1.74,0.16,1.58,364.7610778808594,62.31884002685547,31.386619567871094,26.706344604492188,32.658050537109375,-0.1850492498736922,-0.30001824765175655,-1.1554074428248962,0.27405642176330236,-1.3278668080783484,0.0,False,False
2021-03-22,0.07,3940.59,1.69,0.15,1.54,367.6737060546875,63.54421615600586,30.9821834564209,26.667844772338867,33.018272399902344,,,,,,0.0,False,False
2021-03-23,0.07,3910.52,1.63,0.15,1.48,364.7798767089844,63.149085998535156,30.54918670654297,27.06580924987793,33.12071228027344,-0.7870645352248018,-0.6218192329269234,-1.3975669290286707,1.492300862467344,0.3102520905103434,0.0,False,False
2021-03-24,0.07,3889.14,1.62,0.14,1.48,362.925537109375,62.38291549682617,30.659738540649414,27.074462890625,32.97560501098633,-0.50834481779507,-1.213272511540009,0.36188143130753136,0.03197259194127611,-0.43811639091329013,0.0,False,False
2021-03-25,0.07,3909.52,1.63,0.14,1.4899999999999998,364.96722412109375,62.3443603515625,31.175649642944336,27.36428451538086,33.257293701171875,0.5625636123542943,-0.06180401309655581,1.6826989623897726,1.0704612162637295,0.8542335768872089,0.0,False,False
2021-03-26,0.07,3974.54,1.67,0.14,1.5299999999999998,370.84857177734375,63.929718017578125,31.66391944885254,27.455121994018555,34.06824493408203,1.6114728303105341,2.542904694307113,1.5661896752766191,0.3319563447260476,2.4384161868275633,0.0,False,False
2021-03-29,0.07,3971.09,1.73,0.14,1.5899999999999999,370.6613464355469,63.597232818603516,31.387542724609375,27.749267578125,33.99142074584961,,,,,,0.0,False,False
2021-03-30,0.07,3958.55,1.73,0.16,1.57,369.67791748046875,62.9948844909668,31.608644485473633,27.49837875366211,33.84629821777344,-0.26531737515530507,-0.9471297742698614,0.7044252008007623,-0.9041277351070298,-0.42693869479960567,0.0,False,False
2021-03-31,0.06,3972.89,1.74,0.16,1.58,371.1763610839844,63.997161865234375,31.369110107421875,27.701684951782227,33.70972442626953,0.40533760137155816,1.591045657701451,-0.7578128766699943,0.7393388531788947,-0.40351175370838543,-0.010000000000000009,False,True
2021-04-01,0.07,4019.87,1.69,0.17,1.52,375.18475341796875,65.28376770019531,31.756038665771484,27.675731658935547,34.247501373291016,1.0799158443921986,2.0104107705124274,1.2334699869540167,-0.09368849906370436,1.5953169483711394,0.010000000000000009,True,False
2021-04-05,0.07,4077.91,1.73,0.17,1.56,380.5698547363281,66.63301086425781,32.00478744506836,27.97852897644043,34.426761627197266,,,,,,0.0,False,False
2021-04-06,0.07,4073.94,1.67,0.16,1.51,380.3450622558594,66.34869384765625,31.940292358398438,28.125600814819336,34.51213073730469,-0.05906733748644033,-0.42669093428895355,-0.20151699735740936,0.5256596531674429,0.24797310601523126,0.0,False,False
2021-04-07,0.07,4079.95,1.68,0.16,1.52,380.78521728515625,66.7004623413086,32.096920013427734,28.090999603271484,34.55480194091797,0.11572518562126266,0.5301814900230628,0.4903763975351083,-0.12302390187384216,0.12364117399206176,0.0,False,False
2021-04-08,0.07,4097.17,1.64,0.14,1.5,382.5927734375,67.6642074584961,32.10612487792969,28.06937026977539,34.38408660888672,0.4746917869424827,1.4448852127230793,0.028678342028154447,-0.0769973792373535,-0.49404228194721567,0.0,False,False
2021-04-09,0.07,4128.8,1.67,0.16,1.51,385.37420654296875,68.31475067138672,32.38249969482422,28.039087295532227,34.435298919677734,0.7269957245868097,0.9614288518632996,0.8608164888952885,-0.10788619036378178,0.14894189679530712,0.0,False,False
2021-04-12,0.07,4127.99,1.69,0.18,1.51,385.5147399902344,67.98707580566406,32.52070236206055,28.065044403076172,34.640174865722656,,,,,,0.0,False,False
2021-04-13,0.07,4141.59,1.64,0.16,1.48,386.6573181152344,68.6279525756836,32.216670989990234,28.39811897277832,34.84504318237305,0.29637728638571836,0.942644998957487,-0.9348856266554795,1.1867950925658954,0.5914182519128008,0.0,False,False
2021-04-14,0.07,4124.66,1.64,0.16,1.48,385.3367919921875,67.90032958984375,32.41014099121094,28.5235652923584,34.63163375854492,-0.34152363376537265,-1.0602428872366731,0.6005276003868243,0.441741650918237,-0.612452746036718,0.0,False,False
2021-04-15,0.07,4170.42,1.56,0.16,1.4000000000000001,389.4763488769531,69.06645202636719,32.38249969482422,28.83934211730957,35.288936614990234,1.0742698259785133,1.717403204914425,-0.08528594921637378,1.1070734731599918,1.897983967571637,0.0,False,False
2021-04-16,0.07,4185.47,1.59,0.16,1.4300000000000002,390.7781066894531,69.05199432373047,32.612823486328125,29.07292366027832,35.340152740478516,0.3342328272958328,-0.02093303219223852,0.7112600746529862,0.8099406082795246,0.14513366057771204,0.0,False,False
2021-04-19,0.07,4163.26,1.61,0.16,1.4500000000000002,388.858154296875,68.47856140136719,32.52070236206055,28.925853729248047,35.451114654541016,,,,,,0.0,False,False
2021-04-20,0.07,4134.94,1.58,0.15,1.4300000000000002,386.01116943359375,67.87142944335938,31.912656784057617,29.29353904724121,35.84378433227539,-0.7321396843095962,-0.8866015079512013,-1.8697184680497303,1.2711303923292006,1.107637042052989,0.0,False,False
2021-04-21,0.07,4173.42,1.57,0.15,1.4200000000000002,389.66357421875,68.55567932128906,32.35486602783203,29.04697608947754,36.0059814453125,0.9461914769242297,1.008155984840009,1.3856860830067985,-0.8416974042161462,0.45251112866186993,0.0,False,False
2021-04-22,0.07,4134.98,1.57,0.16,1.4100000000000001,386.104736328125,67.75096130371094,31.995569229125977,28.83934211730957,35.852325439453125,-0.9133103851855395,-1.173816707156794,-1.110487672540461,-0.7148213002563963,-0.42675133322710446,0.0,False,False
2021-04-23,0.07,4180.17,1.58,0.16,1.4200000000000002,390.2910461425781,68.76286315917969,32.594398498535156,28.8004093170166,36.05720138549805,1.0842420256910401,1.4935608823801738,1.8716006116998862,-0.1349989196515078,0.5714439538682559,0.0,False,False
2021-04-26,0.07,4187.62,1.58,0.18,1.4000000000000001,391.1058349609375,69.11463165283203,32.72337341308594,28.63603401184082,36.1340217590332,,,,,,0.0,False,False
2021-04-27,0.07,4186.72,1.63,0.17,1.46,391.021484375,68.94599151611328,32.9813232421875,28.41542625427246,36.1340217590332,-0.02156720212214136,-0.2440006300921116,0.7882739528266569,-0.7703851639411341,0.0,0.0,False,False
2021-04-28,0.07,4183.18,1.63,0.17,1.46,390.9091796875,68.30509948730469,33.11030578613281,28.37649154663086,36.0059814453125,-0.028720848338936733,-0.9295566206467765,0.39107752893410286,-0.13701961495561354,-0.354348360596457,0.0,False,False
2021-04-29,0.06,4211.47,1.65,0.16,1.49,393.4002990722656,68.24726867675781,33.69992446899414,28.63603401184082,36.27059555053711,0.6372629537011898,-0.08466543637437596,1.7807708774114417,0.9146390235856172,0.7349170737826372,-0.010000000000000009,False,True
2021-04-30,0.05,4181.17,1.65,0.16,1.49,390.8155212402344,67.31727600097656,33.40510559082031,28.860965728759766,36.50960922241211,-0.6570350449978779,-1.362681164847801,-0.8748354271389536,0.785484878338738,0.6589736624036835,-0.009999999999999995,False,True
2021-05-03,0.06,4192.66,1.63,0.16,1.47,391.65838623046875,67.12934112548828,33.57094192504883,28.856643676757812,36.313289642333984,,,,,,0.009999999999999995,True,False
2021-05-04,0.06,4164.66,1.61,0.16,1.4500000000000002,389.2421569824219,65.9246826171875,33.83811569213867,28.748502731323242,36.091331481933594,-0.6169226379401649,-1.794533490279393,0.7958482895306984,-0.37475233310543254,-0.6112312120068353,0.0,False,False
2021-05-05,0.06,4167.59,1.59,0.16,1.4300000000000002,389.3638916015625,65.7656478881836,34.11449432373047,28.264020919799805,35.562095642089844,0.03127477765625386,-0.24123700363851697,0.8167672044930185,-1.6852418925997315,-1.4663793717576534,0.0,False,False
2021-05-06,0.06,4201.62,1.58,0.16,1.4200000000000002,392.4732360839844,66.42581939697266,34.62118148803711,28.480310440063477,35.73281478881836,0.7985703218735152,1.0038242304120537,1.4852547996122123,0.7652468163585224,0.4800592980984453,0.0,False,False
2021-05-07,0.06,4232.6,1.6,0.14,1.46,395.32958984375,66.99442291259766,34.805442810058594,28.56682777404785,36.16816711425781,0.727783068284027,0.8559977442309297,0.5322213572785062,0.3037794625393886,1.2183544117987832,0.0,False,False
2021-05-10,0.06,4188.43,1.63,0.16,1.47,391.41485595703125,65.30304718017578,34.777801513671875,28.856643676757812,36.330360412597656,,,,,,0.0,False,False
2021-05-11,0.06,4152.1,1.64,0.16,1.48,387.9216003417969,65.10546112060547,34.16054916381836,28.50193977355957,35.90354919433594,-0.8924688376206746,-0.302567901655737,-1.774845801022995,-1.2291932047659881,-1.1748059017705814,0.0,False,False
2021-05-12,0.06,4063.04,1.69,0.16,1.53,379.6800842285156,63.274383544921875,33.81047058105469,27.83578109741211,35.03284454345703,-2.1245313759325812,-2.812479236252685,-1.0248037321790582,-2.337239785923051,-2.425121388880036,0.0,False,False
2021-05-13,0.06,4112.5,1.66,0.16,1.5,384.24102783203125,64.1128158569336,34.35401153564453,28.37216567993164,35.47672653198242,1.2012596375138074,1.3250738530174333,1.6076113264581693,1.9269607726919435,1.2670452380044939,0.0,False,False
2021-05-14,0.06,4173.85,1.63,0.16,1.47,390.14117431640625,65.52471923828125,34.89756774902344,28.510587692260742,35.80965042114258,1.5355326623148091,2.202217080120583,1.5822205008429124,0.48787961374063826,0.9384289975570947,0.0,False,False
2021-05-17,0.06,4163.29,1.64,0.16,1.48,389.1484375,65.0428466796875,34.96205520629883,28.277000427246094,35.82672119140625,,,,,,0.0,False,False
2021-05-18,0.06,4127.83,1.64,0.16,1.48,385.79571533203125,64.52240753173828,34.473785400390625,28.27267837524414,35.894996643066406,-0.8615535474092106,-0.8001481708083791,-1.3965706621853147,-0.01528469051401693,0.19057130931796618,0.0,False,False
2021-05-19,0.06,4115.68,1.68,0.16,1.52,384.78424072265625,64.74889373779297,34.26189041137695,28.225093841552734,35.7584228515625,-0.2621788084153476,0.35101945931461653,-0.6146554158548256,-0.1683057157155332,-0.3804814160089598,0.0,False,False
2021-05-20,0.06,4159.12,1.63,0.15,1.48,388.9237365722656,65.9873046875,34.28031921386719,28.471654891967773,36.202301025390625,1.0757966183425394,1.912636460975059,0.05378804925519898,0.8735526329838317,1.2413248080619166,0.0,False,False
2021-05-21,0.06,4155.86,1.63,0.17,1.46,388.6053466796875,65.62588500976562,34.62118148803711,28.618730545043945,36.14255905151367,-0.081864350935279,-0.54771092628495,0.9943380983221228,0.5165686843080719,-0.16502258747325138,0.0,False,False
2021-05-24,0.06,4197.05,1.61,0.15,1.4600000000000002,392.56683349609375,66.79203033447266,34.78701400756836,28.56682777404785,36.53522491455078,,,,,,0.0,False,False
2021-05-25,0.06,4188.13,1.56,0.15,1.4100000000000001,391.69580078125,66.8113021850586,34.43693161010742,28.22076416015625,36.637657165527344,-0.2218813818494425,0.02885351813597392,-1.006359434542936,-1.211417720682273,0.2803657325666675,0.0,False,False
2021-05-26,0.06,4195.99,1.58,0.14,1.44,392.4732360839844,66.80648803710938,34.53826904296875,28.225093841552734,36.723026275634766,0.19847935596546407,-0.00720558916197378,0.2942696347301377,0.015342183407618393,0.23300919521607177,0.0,False,False
2021-05-27,0.06,4200.88,1.61,0.14,1.4700000000000002,392.67919921875,66.45471954345703,34.93440628051758,28.034757614135742,36.68034362792969,0.052478262421318256,-0.5265483996957698,1.1469516235917743,-0.674351088026437,-0.11622856837754103,0.0,False,False
2021-05-28,0.05,4204.11,1.58,0.14,1.44,393.38165283203125,66.69083404541016,34.99891662597656,28.1861629486084,36.92789077758789,0.17888740088061184,0.3553013293491114,0.18466134772974208,0.540062933864327,0.6748768554875495,-0.009999999999999995,False,True
2021-06-01,0.06,4202.04,1.62,0.16,1.4600000000000002,393.0351257324219,66.36314392089844,35.21080017089844,28.01313591003418,37.559574127197266,,,,,,0.009999999999999995,True,False
2021-06-02,0.06,4208.12,1.59,0.13,1.46,393.6531982421875,66.82093048095703,35.26607131958008,28.16020965576172,38.080291748046875,0.15725630339371577,0.6898204831950805,0.15697214608410004,0.5250170712763902,1.3863778622360767,0.0,False,False
2021-06-03,0.06,4192.85,1.63,0.16,1.47,392.19219970703125,66.19931030273438,35.34898376464844,28.328907012939453,38.00346374511719,-0.37113848983830744,-0.9302776446667549,0.2351054199289937,0.5990628594031655,-0.20175266365607403,0.0,False,False
2021-06-04,0.06,4229.89,1.56,0.14,1.42,395.77911376953125,67.47147369384766,35.44111251831055,28.285654067993164,38.03761291503906,0.914580673756249,1.9217169866205364,0.2606263146785137,-0.15268130509423772,0.08985804596892688,0.0,False,False
2021-06-07,0.06,4226.52,1.57,0.16,1.4100000000000001,395.3951416015625,67.45702362060547,35.21080017089844,28.337566375732422,38.3961296081543,,,,,,0.0,False,False
2021-06-08,0.06,4227.26,1.53,0.14,1.3900000000000001,395.4794616699219,67.46182250976562,35.11865997314453,28.095319747924805,38.60099792480469,0.021325519584736163,0.007113994811192015,-0.2616816354831353,-0.8548603807244093,0.5335650200714026,0.0,False,False
2021-06-09,0.06,4219.55,1.5,0.16,1.34,394.8894348144531,67.51002502441406,34.78701400756836,28.34621238708496,38.643680572509766,-0.14919279321796708,0.07145154526688735,-0.9443582580593413,0.8930051033809283,0.11057394886067051,0.0,False,False
2021-06-10,0.06,4239.18,1.45,0.14,1.31,396.72515869140625,68.00634002685547,34.381649017333984,28.53221893310547,39.03635025024414,0.4648703447373004,0.735172298131892,-1.1652767614552473,0.6561954150363203,1.0161290847997329,0.0,False,False
2021-06-11,0.06,4247.44,1.47,0.16,1.31,397.38055419921875,68.41110229492188,34.60275650024414,28.59710693359375,38.788795471191406,0.1652013978579836,0.5951831371995064,0.643097376739199,0.22742009880274416,-0.634164765573042,0.0,False,False
2021-06-14,0.06,4255.15,1.51,0.16,1.35,398.270263671875,69.10501098632812,34.24346923828125,28.65766143798828,39.01073455810547,,,,,,0.0,False,False
2021-06-15,0.06,4246.59,1.51,0.16,1.35,397.539794921875,68.68097686767578,34.307952880859375,28.744182586669922,38.65221405029297,-0.18341031621728066,-0.6136083514062918,0.18830931565203546,0.30191280216238514,-0.919030394771192,0.0,False,False
2021-06-16,0.06,4223.7,1.57,0.21,1.36,395.3201904296875,68.30992889404297,34.27110290527344,28.31160545349121,38.3022346496582,-0.558335170601898,-0.5402485383218858,-0.10740942694513755,-1.5049206282850336,-0.9054575765812145,0.0,False,False
2021-06-17,0.1,4221.86,1.52,0.23,1.29,395.1891174316406,69.10018920898438,33.25770950317383,28.467329025268555,38.447349548339844,-0.033156160808378576,1.1568747438856164,-2.9569909229378077,0.5500344091512455,0.3788679694774366,0.04000000000000001,True,False
2021-06-18,0.1,4166.45,1.45,0.26,1.19,389.85784912109375,68.46892547607422,32.456207275390625,27.727642059326172,37.841270446777344,-1.3490422877014296,-0.9135484868224908,-2.409974227800371,-2.5983715061072665,-1.57638721181671,0.0,False,False
2021-06-21,0.1,4224.79,1.5,0.27,1.23,395.4389953613281,69.20272064208984,33.213714599609375,28.086843490600586,38.5930290222168,,,,,,0.0,False,False
2021-06-22,0.1,4246.44,1.48,0.25,1.23,397.55322265625,69.83028411865234,33.26921081542969,27.916831970214844,38.42120361328125,0.5346532131941251,0.9068479833447496,0.16708825402191874,-0.6053066107006178,-0.4452239518091039,0.0,False,False
2021-06-23,0.1,4241.84,1.5,0.26,1.24,397.07391357421875,69.75305938720703,33.333953857421875,27.62040138244629,38.30091857910156,-0.12056475830550806,-0.1105891697563477,0.19460347993034421,-1.0618346239459564,-0.3130694066494799,0.0,False,False
2021-06-24,0.1,4266.49,1.49,0.26,1.23,399.4229736328125,70.1923828125,33.75016784667969,27.59424591064453,38.1204948425293,0.5915926426515838,0.6298267476043451,1.2486187238335722,-0.09469620459020556,-0.4710689541287172,0.0,False,False
2021-06-25,0.1,4280.7,1.54,0.28,1.26,400.84173583984375,70.11029052734375,34.15713119506836,27.89067840576172,38.39542007446289,0.35520295543527425,-0.11695326738734302,1.2058113317759744,1.074254741648284,0.721200585326276,0.0,False,False
2021-06-28,0.1,4290.61,1.49,0.25,1.24,401.6497802734375,70.84408569335938,33.90739822387695,28.069406509399414,38.41260528564453,,,,,,0.0,False,False
2021-06-29,0.1,4291.8,1.49,0.27,1.22,401.8659973144531,71.36064910888672,33.78716278076172,27.616039276123047,38.3868293762207,0.05383223186836705,0.7291553140557516,-0.3545994367405214,-1.6151650129280437,-0.06710273680254897,0.0,False,False
2021-06-30,0.08,4297.5,1.45,0.25,1.2,402.2041320800781,71.28339385986328,33.93514633178711,27.563730239868164,38.08613967895508,0.08414117339725635,-0.10826029469764853,0.43798750426493616,-0.18941541809042173,-0.7833147518348849,-0.020000000000000004,False,True
2021-07-01,0.1,4319.94,1.48,0.25,1.23,404.4310302734375,71.4040756225586,34.203372955322266,27.864521026611328,38.24079132080078,0.5536736238493045,0.16929856472962523,0.79040950910505,1.091255733986607,0.40605753995897054,0.020000000000000004,True,False
2021-07-02,0.1,4352.34,1.44,0.24,1.2,407.52227783203125,72.34544372558594,34.1663818359375,27.90811538696289,38.42120361328125,0.7643448022531141,1.318367466870396,-0.10815050151072869,0.15645113838465008,0.4717797049935468,0.0,False,False
2021-07-06,0.1,4343.54,1.37,0.22,1.1500000000000001,406.7799987792969,72.62061309814453,33.62992477416992,28.025814056396484,38.76485061645508,,,,,,0.0,False,False
2021-07-07,0.1,4358.13,1.33,0.22,1.11,408.2175598144531,73.0164794921875,33.67616271972656,28.208904266357422,38.962467193603516,0.35340012770299634,0.5451157421488162,0.13749048166813438,0.6532913177561994,0.5097828935384907,0.0,False,False
2021-07-08,0.1,4320.82,1.3,0.19,1.11,404.8913879394531,72.32615661621094,33.000980377197266,28.12607765197754,38.9281005859375,-0.814803722924573,-0.9454343468455306,-2.0049265949585005,-0.29361868719822715,-0.08820439294885407,0.0,False,False
2021-07-09,0.1,4369.55,1.37,0.23,1.1400000000000001,409.21356201171875,72.99232482910156,33.953651428222656,28.160953521728516,39.44358825683594,1.0674897518225146,0.9210612647725158,2.8867962107079093,0.12399834126364251,1.3242045287065851,0.0,False,False
2021-07-12,0.1,4384.63,1.38,0.23,1.15,410.6793212890625,73.05028533935547,34.286617279052734,28.252490997314453,39.78725051879883,,,,,,0.0,False,False
2021-07-13,0.1,4369.21,1.42,0.26,1.16,409.2792663574219,73.34956359863281,33.91665267944336,28.038888931274414,39.271759033203125,-0.34091196197706397,0.40968800859166876,-1.0790349966527724,-0.756046842242486,-1.2956197748626552,0.0,False,False
2021-07-14,0.1,4374.3,1.37,0.23,1.1400000000000001,409.89007568359375,73.89026641845703,33.75941467285156,28.28301239013672,39.615421295166016,0.14924023188569446,0.7371588777036697,-0.46360119342525596,0.870660244279553,0.8750875194369012,0.0,False,False
2021-07-15,0.1,4360.03,1.31,0.23,1.08,408.49005126953125,73.2820053100586,33.870399475097656,28.601242065429688,39.67556381225586,-0.3415609445355794,-0.8231951756050293,0.32875215201921826,1.1251618848208134,0.15181592199091654,0.0,False,False
2021-07-16,0.1,4327.16,1.31,0.25,1.06,405.2861022949219,72.55786895751953,33.40794372558594,28.888944625854492,39.71852493286133,-0.7843395364591998,-0.9881502962087563,-1.3653684535127164,1.0059093229819904,0.10828105886222517,0.0,False,False
2021-07-19,0.1,4258.49,1.19,0.21,0.98,399.30078125,71.55854797363281,32.47378158569336,28.43123435974121,39.099937438964844,,,,,,0.0,False,False
2021-07-20,0.1,4323.06,1.23,0.2,1.03,405.02294921875,72.62061309814453,33.27845764160156,28.55329132080078,39.804439544677734,1.4330470255622618,1.4841904350868962,2.477925318875429,0.42930588069156617,1.8017985497102762,0.0,False,False
2021-07-21,0.1,4358.69,1.3,0.22,1.08,408.30218505859375,73.32061004638672,33.85190963745117,28.239423751831055,39.68415069580078,0.8096419835392332,0.9639094444110041,1.7231928295040166,-1.0992342894672769,-0.3021995793759058,0.0,False,False
2021-07-22,0.1,4367.48,1.27,0.2,1.07,409.1571960449219,73.8613052368164,33.481937408447266,28.28301239013672,39.400638580322266,0.20940641946489702,0.7374395686118973,-1.0929139093370344,0.1543538518658183,-0.7144215272534837,0.0,False,False
2021-07-23,0.1,4411.79,1.3,0.22,1.08,413.3665466308594,74.59507751464844,33.53743362426758,28.644834518432617,39.761474609375,1.0287856663959039,0.9934461291733143,0.16574971496814417,1.2792913403456119,0.9158126417599277,0.0,False,False
2021-07-26,0.1,4422.3,1.29,0.22,1.07,414.38134765625,74.55646514892578,33.73167037963867,28.653553009033203,39.761474609375,,,,,,0.0,False,False
2021-07-27,0.1,4401.46,1.25,0.2,1.05,412.4927673339844,73.85164642333984,33.722415924072266,29.14615249633789,40.07936477661133,-0.45575900868788377,-0.9453489032481222,-0.027435509306983352,1.7191567382564887,0.7994929020096686,0.0,False,False
2021-07-28,0.1,4400.64,1.26,0.2,1.06,412.3236083984375,73.75990295410156,33.67616271972656,28.923828125,39.83879852294922,-0.0410089458392604,-0.12422670811207404,-0.13715863196114286,-0.7627914914870026,-0.6002247166414509,0.0,False,False
2021-07-29,0.1,4419.15,1.28,0.2,1.08,414.0336608886719,74.1026611328125,34.046146392822266,29.002294540405273,39.71852493286133,0.4147355269994435,0.46469445455239455,1.0986515185086088,0.27128641155715894,-0.3019006459710538,0.0,False,False
2021-07-30,0.07,4395.26,1.24,0.19,1.05,412.02294921875,74.05436706542969,33.77791213989258,28.758176803588867,39.84739685058594,-0.4856396616657044,-0.06517183950554006,-0.7878549596621487,-0.8417187008300631,0.3244630004322957,-0.03,False,True
2021-08-02,0.1,4387.16,1.2,0.17,1.03,411.1584777832031,73.78888702392578,33.78716278076172,28.980499267578125,39.86457824707031,,,,,,0.03,True,False
2021-08-03,0.1,4423.15,1.19,0.17,1.02,414.5035095214844,74.26197814941406,34.1663818359375,29.14615249633789,40.027809143066406,0.8135626331521317,0.6411414300569129,1.122376145154469,0.5716023979789986,0.40946349660200276,0.0,False,False
2021-08-04,0.1,4402.66,1.19,0.17,1.02,412.4645080566406,74.41162872314453,33.87965774536133,29.102558135986328,39.89893341064453,-0.49191416188433257,0.2015170851352499,-0.8391994562168881,-0.1495715784683438,-0.3219654914443315,0.0,False,False
2021-08-05,0.1,4429.1,1.23,0.21,1.02,415.0766906738281,74.82197570800781,34.323612213134766,29.420785903930664,40.216827392578125,0.6333108827945022,0.5514554538108785,1.3103865189848962,1.0934700876031878,0.796748070084452,0.0,False,False
2021-08-06,0.1,4436.52,1.31,0.21,1.1,415.76251220703125,74.75920104980469,35.01729965209961,29.403350830078125,40.14809799194336,0.16522766722693039,-0.08389869100503544,2.021021082097496,-0.05926107449838458,-0.17089712215203612,0.0,False,False
2021-08-09,0.1,4432.35,1.33,0.23,1.1,415.42425537109375,74.51783752441406,35.10979080200195,29.39462661743164,39.96766662597656,,,,,,0.0,False,False
2021-08-10,0.1,4436.75,1.36,0.24,1.12,415.9411315917969,73.98198699951172,35.479759216308594,29.425140380859375,39.5380973815918,0.1244212907697051,-0.7190902778502983,1.0537471339349125,0.10380728364018932,-1.0747919021761754,0.0,False,False
2021-08-11,0.1,4447.7,1.35,0.23,1.12,416.97467041015625,73.99163818359375,35.88672637939453,29.699769973754883,39.75288009643555,0.2484819941716454,0.013045316128224016,1.147040374780417,0.9333161688980463,0.5432297684201393,0.0,False,False
2021-08-12,0.1,4460.83,1.36,0.23,1.1300000000000001,418.22430419921875,74.41645812988281,35.95146560668945,29.730297088623047,39.89034652709961,0.29969057540912836,0.5741458855593518,0.18039880988447443,0.10278569462032205,0.34580244332129695,0.0,False,False
2021-08-13,0.1,4468.0,1.29,0.23,1.06,418.9853820800781,74.82197570800781,35.6832389831543,29.939542770385742,40.15668487548828,0.1819783960945509,0.544929963499774,-0.7460798023356419,0.7038129526218739,0.6676761963141598,0.0,False,False
2021-08-16,0.1,4479.71,1.26,0.21,1.05,419.971923828125,75.15991973876953,35.590755462646484,30.12262725830078,40.199642181396484,,,,,,0.0,False,False
2021-08-17,0.1,4448.08,1.26,0.23,1.03,417.2189636230469,74.53713989257812,35.34102249145508,30.140060424804688,40.2769660949707,-0.6555105350815715,-0.8286063215021788,-0.7016793207817895,0.05787399071939259,0.19234975581450264,0.0,False,False
2021-08-18,0.09,4400.27,1.27,0.23,1.04,412.6524963378906,73.50887298583984,34.906314849853516,29.987497329711914,39.85598373413086,-1.0945013729725894,-1.3795363066254063,-1.2300369682475054,-0.5061804553225691,-1.045218648910129,-0.010000000000000009,False,True
2021-08-19,0.09,4405.8,1.24,0.22,1.02,413.2914123535156,74.22819519042969,34.64733123779297,30.10955238342285,40.19105529785156,0.15483149170187893,0.9785515344908235,-0.7419391395927732,0.40701980685131645,0.8407057920233107,0.0,False,False
2021-08-20,0.09,4441.67,1.26,0.23,1.03,416.5799865722656,75.1840591430664,34.86005783081055,30.484453201293945,40.380069732666016,0.7957034964803711,1.2877370252428744,0.6139768502156251,1.245122521573916,0.4702898030760627,0.0,False,False
2021-08-23,0.09,4479.53,1.25,0.23,1.02,420.2444763183594,76.15438842773438,35.146785736083984,30.09211540222168,40.225406646728516,,,,,,0.0,False,False
2021-08-24,0.09,4486.23,1.29,0.24,1.05,420.9115295410156,76.06746673583984,35.359519958496094,29.895946502685547,39.924713134765625,0.1587298014003924,-0.11413878266124389,0.6052736202096121,-0.6518946804306425,-0.7475213727574426,0.0,False,False
2021-08-25,0.09,4496.19,1.35,0.23,1.12,421.79473876953125,76.0240249633789,35.77573013305664,29.952613830566406,39.88175582885742,0.20983251028516836,-0.057109529638732504,1.1770809531608029,0.189548532526862,-0.10759577849238644,0.0,False,False
2021-08-26,0.09,4470.0,1.34,0.25,1.09,419.3048400878906,75.54608917236328,35.599998474121094,29.878511428833008,39.907535552978516,-0.5903105119101748,-0.6286641508994717,-0.49120355694201034,-0.24739878179772523,0.06464039404814326,0.0,False,False
2021-08-27,0.08,4509.37,1.31,0.22,1.09,423.0538330078125,76.27507019042969,36.07170104980469,29.869783401489258,40.234004974365234,0.8940972203268727,0.9649487168067461,1.3250072918584266,-0.029211720819954934,0.818064600740187,-0.009999999999999995,False,True
2021-08-30,0.08,4528.79,1.29,0.2,1.09,424.91424560546875,77.09574127197266,35.56299591064453,29.913379669189453,40.72372055053711,,,,,,0.0,False,False
2021-08-31,0.06,4522.68,1.3,0.2,1.1,424.28472900390625,76.6902084350586,35.516754150390625,29.878511428833008,40.964290618896484,-0.14815144657376322,-0.5260119822746767,-0.13002774111071647,-0.11656402834467894,0.5907369589692513,-0.020000000000000004,False,True
2021-09-01,0.08,4524.09,1.31,0.2,1.11,424.51019287109375,76.70954132080078,35.31327438354492,30.270845413208008,41.66878890991211,0.05313975539888993,0.025209066628839594,-0.5729120571775659,1.3130974925223082,1.719786380703603,0.020000000000000004,True,False
2021-09-02,0.08,4536.95,1.29,0.2,1.09,425.8162536621094,76.62747955322266,35.433509826660156,30.54547882080078,41.86639404296875,0.30766299913373985,-0.10697726275659125,0.340482283827126,0.9072538405978658,0.47422816507545207,0.0,False,False
2021-09-03,0.08,4535.43,1.33,0.21,1.12,425.712890625,76.93159484863281,35.211524963378906,30.292638778686523,41.86639404296875,-0.024274093865706003,0.3968749816427586,-0.6264828530032518,-0.827749480037876,0.0,0.0,False,False
2021-09-07,0.08,4520.03,1.38,0.22,1.16,424.19073486328125,76.95091247558594,34.998802185058594,29.891584396362305,41.402442932128906,,,,,,0.0,False,False
2021-09-08,0.08,4514.07,1.35,0.22,1.1300000000000001,423.6739501953125,76.65642547607422,34.91556167602539,30.42777442932129,41.65159606933594,-0.12182837235596988,-0.38269461665597637,-0.2378381654122408,1.7937825772267768,0.6017836619338413,0.0,False,False
2021-09-09,0.08,4493.28,1.3,0.23,1.07,421.86053466796875,76.3667984008789,35.01729965209961,30.262123107910156,40.76668167114258,-0.42802148362148795,-0.37782491604139157,0.2913828997460399,-0.5444082734210931,-2.1245629980668035,0.0,False,False
2021-09-10,0.08,4458.58,1.35,0.23,1.12,418.5343933105469,75.61368560791016,34.758323669433594,29.839275360107422,40.25119400024414,-0.788445726510012,-0.9861782983429102,-0.7395658295727192,-1.3972838134816978,-1.2644827829176308,0.0,False,False
2021-09-13,0.08,4468.73,1.33,0.21,1.12,419.6054382324219,75.63783264160156,35.156036376953125,29.786964416503906,40.47456741333008,,,,,,0.0,False,False
2021-09-14,0.08,4443.05,1.28,0.21,1.07,417.341064453125,75.5412826538086,34.684329986572266,29.686704635620117,40.388648986816406,-0.5396435729802529,-0.12764774507811882,-1.3417507745272728,-0.3365894539701375,-0.21227756590024294,0.0,False,False
2021-09-15,0.08,4480.7,1.31,0.21,1.1,420.8269958496094,76.20264434814453,35.01729965209961,29.647462844848633,40.543296813964844,0.8352716023888762,0.875497040958173,0.9600002815572717,-0.1321864156131336,0.3828992328981373,0.0,False,False
2021-09-16,0.08,4473.75,1.34,0.23,1.11,420.1598815917969,76.2461166381836,34.91556167602539,29.39898681640625,40.62062454223633,-0.15852458715621687,0.057048269664305984,-0.29053632657285444,-0.8381021665925026,0.19072876245438408,0.0,False,False
2021-09-17,0.08,4432.99,1.37,0.23,1.1400000000000001,416.067138671875,75.05852508544922,34.758323669433594,28.94562339782715,40.25119400024414,-0.974091792014109,-1.55757644467317,-0.4503378981864259,-1.5421055882310242,-0.9094654406607283,0.0,False,False
2021-09-20,0.08,4357.73,1.31,0.23,1.08,409.1295166015625,73.6913833618164,33.952022552490234,28.892475128173828,39.9755859375,,,,,,0.0,False,False
2021-09-21,0.08,4354.19,1.33,0.22,1.11,408.7430114746094,73.72039031982422,33.90557098388672,28.81341552734375,39.98422622680664,-0.09447011551834139,0.039362754075855655,-0.136815320889061,-0.2736338803766447,0.02161391535360213,0.0,False,False
2021-09-22,0.08,4395.64,1.32,0.25,1.07,412.73028564453125,74.73112487792969,34.47221755981445,28.79584503173828,40.32117462158203,0.9754965976145114,1.371037990602808,1.671249176712064,-0.06098025965992626,0.842703302207437,0.0,False,False
2021-09-23,0.08,4448.98,1.41,0.27,1.14,417.74493408203125,75.732177734375,35.31753158569336,28.642118453979492,40.12245559692383,1.2149940559048167,1.3395393928306243,2.4521602778009965,-0.5338498578157824,-0.4928403661927039,0.0,False,False
2021-09-24,0.08,4455.48,1.47,0.29,1.18,418.4330139160156,75.78538513183594,35.50332260131836,28.611371994018555,39.66455841064453,0.16471290920532233,0.070257318688971,0.5260588928028609,-0.10734701768075894,-1.1412491570291672,0.0,False,False
2021-09-27,0.08,4443.11,1.48,0.31,1.17,417.2359313964844,75.05030059814453,35.98636245727539,28.273162841796875,39.00794982910156,,,,,,0.0,False,False
2021-09-28,0.08,4352.63,1.54,0.31,1.23,408.8279113769531,72.82571411132812,35.391849517822266,27.917388916015625,38.77467727661133,-2.0151716059999214,-2.9641273507056476,-1.6520506626891196,-1.2583449816774728,-0.5980128499760373,0.0,False,False
2021-09-29,0.08,4359.46,1.55,0.3,1.25,409.51593017578125,72.73384857177734,35.41971969604492,28.28194808959961,39.025211334228516,0.1682905642403032,-0.12614437176730053,0.07874744779479137,1.3058498224196136,0.646128027913484,0.0,False,False
2021-09-30,0.06,4307.54,1.52,0.28,1.24,404.5107421875,72.21156311035156,34.86236572265625,28.057941436767578,38.403175354003906,-1.2222205827579935,-0.7180775824207397,-1.573569689911769,-0.7920481719376538,-1.5939336622606048,-0.020000000000000004,False,True
2021-10-01,0.08,4357.04,1.48,0.27,1.21,409.3179931640625,73.2996597290039,35.43829345703125,28.057941436767578,38.817874908447266,1.188411202769557,1.5068177058978005,1.6520041667760887,0.0,1.0798574613182899,0.020000000000000004,True,False
2021-10-04,0.08,4300.46,1.49,0.27,1.22,404.0394592285156,71.60221862792969,35.131752014160156,28.4444637298584,38.86107635498047,,,,,,0.0,False,False
2021-10-05,0.08,4345.72,1.54,0.28,1.26,408.243408203125,72.62261199951172,35.819149017333984,28.374187469482422,38.55868911743164,1.0404798042835894,1.4250862489112892,1.9566260256441703,-0.2470648103736539,-0.7781236803289793,0.0,False,False
2021-10-06,0.08,4363.55,1.53,0.3,1.23,409.9400939941406,73.09654235839844,35.856300354003906,28.81341552734375,38.93018341064453,0.4156064144387628,0.6525933808190665,0.1037192051992708,1.547984619237952,0.9634515636190111,0.0,False,False
2021-10-07,0.08,4399.76,1.58,0.32,1.26,413.4842834472656,73.763916015625,36.06995391845703,28.659685134887695,38.973392486572266,0.8645627751589613,0.9130030445959836,0.5958605944945683,-0.5335375540958198,0.11099119537134605,0.0,False,False
2021-10-08,0.08,4391.34,1.61,0.32,1.29,412.73028564453125,73.4882583618164,36.24645233154297,28.4488525390625,38.55004119873047,-0.18235222786419092,-0.3737025753217882,0.4893225355511843,-0.7356417030853768,-1.0862572150670657,0.0,False,False
2021-10-11,0.08,4361.19,,,,409.7421569824219,73.08203887939453,35.884178161621094,28.062332153320312,38.60187911987305,,,,,,0.0,False,False
2021-10-12,0.08,4350.65,1.59,0.35,1.2400000000000002,408.73358154296875,72.70481872558594,35.772705078125,28.251197814941406,39.12025451660156,-0.24614880901707714,-0.5161598658065758,-0.3106468900974213,0.6730219733314113,1.3428760685944008,0.0,False,False
2021-10-13,0.08,4363.8,1.56,0.37,1.19,410.2040710449219,73.14974212646484,35.56834411621094,28.580625534057617,39.34489059448242,0.3597672342952718,0.6119586138550348,-0.5712762327247933,1.1660663780492353,0.5742193670686069,0.0,False,False
2021-10-14,0.08,4438.26,1.52,0.36,1.1600000000000001,417.1039123535156,74.798828125,36.1628532409668,28.932010650634766,39.897830963134766,1.6820509096893144,2.254397555748233,1.6714557270741892,1.2294521551266424,1.4053676609533827,0.0,False,False
2021-10-15,0.08,4471.37,1.59,0.41,1.1800000000000002,420.2805480957031,75.39847564697266,36.70161819458008,28.848554611206055,39.91510772705078,0.7615933699262722,0.8016803698723152,1.48982977096217,-0.28845571929471125,0.04330251419426556,0.0,False,False
2021-10-18,0.08,4486.46,1.59,0.44,1.1500000000000001,421.5248107910156,76.03684997558594,36.71091079711914,28.57184410095215,39.98422622680664,,,,,,0.0,False,False
2021-10-19,0.08,4519.63,1.65,0.41,1.24,424.7767639160156,76.79126739501953,37.07319259643555,28.932010650634766,40.165653228759766,0.7714737167896502,0.9921734260109671,0.9868504797348576,1.2605645908260188,0.45374643721751706,0.0,False,False
2021-10-20,0.08,4536.19,1.65,0.4,1.25,426.4452209472656,76.57849884033203,37.370452880859375,29.388811111450195,40.77906799316406,0.392784439494398,-0.2770738938231099,0.8018200311467272,1.5788756140438176,1.5272122201291038,0.0,False,False
2021-10-21,0.08,4549.78,1.68,0.45,1.23,427.5574035644531,76.87349700927734,37.21253967285156,29.388811111450195,40.908668518066406,0.2608031612400197,0.38522323290821614,-0.4225616652579922,0.0,0.31781139511102285,0.0,False,False
2021-10-22,0.08,4544.9,1.66,0.48,1.18,427.1144104003906,76.60750579833984,37.73271942138672,29.538145065307617,41.202415466308594,-0.10361021943938731,-0.34601159214260324,1.3978614550585355,0.5081320006144807,0.718055509708071,0.0,False,False
2021-10-25,0.08,4566.48,1.64,0.47,1.17,429.4049377441406,76.85897827148438,37.686279296875,29.410768508911133,41.32337188720703,,,,,,0.0,False,False
2021-10-26,0.08,4574.79,1.63,0.47,1.16,429.79144287109375,77.07659149169922,37.71414566040039,29.568891525268555,41.51344299316406,0.09000947427004746,0.28313311614185377,0.07394299475911303,0.5376364657370791,0.4599603015838838,0.0,False,False
2021-10-27,0.08,4551.68,1.54,0.5,1.04,427.88739013671875,77.0089111328125,37.09177017211914,29.371234893798828,41.211055755615234,-0.44301783247603366,-0.08780922661065782,-1.6502441653735822,-0.6684614176382553,-0.7284079944865574,0.0,False,False
2021-10-28,0.08,4596.42,1.57,0.5,1.07,432.01605224609375,77.78266143798828,37.546932220458984,29.564491271972656,41.815834045410156,0.9648945504226791,1.0047542470005055,1.2271240931013283,0.6579783889666402,1.4675146722309185,0.0,False,False
2021-10-29,0.07,4605.38,1.55,0.48,1.07,432.8926086425781,78.11634063720703,37.39830780029297,29.388811111450195,41.314727783203125,0.2028990339426162,0.42898917708642514,-0.395836387626447,-0.5942269018138213,-1.1983648626088694,-0.009999999999999995,False,True
2021-11-01,0.08,4613.67,1.58,0.5,1.08,433.6372985839844,78.00028228759766,37.41688537597656,29.49422264099121,41.409759521484375,,,,,,0.009999999999999995,True,False
2021-11-02,0.08,4630.65,1.56,0.46,1.1,435.3905334472656,78.68699645996094,37.50978469848633,29.520570755004883,41.798545837402344,0.40430905482677915,0.8803995988517999,0.24828181602045696,0.08933313596490855,0.9388760534005502,0.0,False,False
2021-11-03,0.08,4660.57,1.6,0.47,1.1300000000000001,438.0487365722656,79.14640808105469,37.64912033081055,29.410768508911133,42.04045486450195,0.6105330549916355,0.5838469401072022,0.3714647616461564,-0.371951636724821,0.5787498637886745,0.0,False,False
2021-11-04,0.08,4680.06,1.53,0.41,1.12,440.11297607421875,80.38442993164062,37.15679931640625,29.248247146606445,41.565284729003906,0.4712351228554734,1.5642173543972682,-1.3076560888499733,-0.5525913484900835,-1.130268778084198,0.0,False,False
2021-11-05,0.08,4697.53,1.45,0.39,1.06,441.6400146484375,80.80033874511719,37.17536926269531,29.524965286254883,41.66031265258789,0.34696513332550527,0.5173997176197709,0.049977249469024265,0.9461016185393634,0.22862329514532487,0.0,False,False
2021-11-08,0.08,4701.7,1.51,0.45,1.06,442.01702880859375,81.23558044433594,37.37973403930664,29.08574104309082,41.65167236328125,,,,,,0.0,False,False
2021-11-09,0.08,4685.25,1.46,0.41,1.05,440.55596923828125,80.90188598632812,37.17536926269531,29.235076904296875,41.80718231201172,-0.3305437291071356,-0.4107737720129512,-0.5467261388120814,0.5134332351540039,0.37335823487261166,0.0,False,False
2021-11-10,0.08,4646.71,1.56,0.51,1.05,437.0118103027344,79.56714630126953,37.110347747802734,29.472257614135742,41.59983825683594,-0.8044741606099914,-1.6498251787160467,-0.17490482591607792,0.8112881338239619,-0.4959531920337268,0.0,False,False
2021-11-11,0.08,4649.27,,,,437.15325927734375,79.93952178955078,37.21253967285156,29.292171478271484,41.61711120605469,0.0323673116549017,0.46800156294573014,0.2753731270407789,-0.6110361079969762,0.0415216739837021,0.0,False,False
2021-11-12,0.08,4682.85,1.58,0.53,1.05,440.4522705078125,80.91156768798828,37.296138763427734,29.27460479736328,41.63439178466797,0.7546578140404048,1.2159766241740977,0.22465301027858597,-0.05997056558689762,0.04152277299527274,0.0,False,False
2021-11-15,0.08,4682.8,1.63,0.53,1.0999999999999999,440.6031188964844,80.82935333251953,37.296138763427734,29.661128997802734,41.86766815185547,,,,,,0.0,False,False
2021-11-16,0.08,4700.9,1.63,0.54,1.0899999999999999,442.34698486328125,81.68048858642578,37.25897216796875,29.520570755004883,41.60847091674805,0.395790654220618,1.0530026763975409,-0.09965266295992592,-0.4738802855692503,-0.6190868671436478,0.0,False,False
2021-11-17,0.08,4688.67,1.6,0.52,1.08,441.2724304199219,81.43386840820312,36.831668853759766,29.546926498413086,41.884944915771484,-0.2429211637311135,-0.3019327901812252,-1.1468467575612151,0.08927924743371562,0.6644656555070627,0.0,False,False
2021-11-18,0.08,4704.54,1.59,0.52,1.07,442.771240234375,82.24630737304688,36.6458854675293,29.393198013305664,41.87630844116211,0.3396563463134994,0.9976671632142553,-0.5044120780085315,-0.5202858751338413,-0.02061952003695744,0.0,False,False
2021-11-19,0.08,4697.96,1.54,0.52,1.02,441.9794006347656,82.84596252441406,36.24645233154297,29.56010627746582,41.65167236328125,-0.1788371799374855,0.7290967467357801,-1.0899808556686486,0.5678465612506622,-0.5364276036806892,0.0,False,False
2021-11-22,0.08,4682.94,1.63,0.63,0.9999999999999999,440.7351379394531,81.92227935791016,36.75736618041992,29.740190505981445,41.4443244934082,,,,,,0.0,False,False
2021-11-23,0.08,4690.7,1.67,0.6,1.0699999999999998,441.3195495605469,81.73369598388672,37.33329391479492,29.770933151245117,41.884944915771484,0.13259928033557689,-0.23019790892235825,1.566836240518743,0.10337070725048303,1.0631622731198442,0.0,False,False
2021-11-24,0.08,4701.46,1.64,0.64,0.9999999999999999,442.497802734375,82.32852172851562,37.24969482421875,29.78850555419922,42.4465217590332,0.26698413315280334,0.7277607325455682,-0.22392637190538078,0.05902536835116212,1.3407606107421755,0.0,False,False
2021-11-26,0.08,4594.62,1.48,0.5,0.98,432.628662109375,80.27320861816406,36.01423263549805,29.322921752929688,41.297447204589844,,,,,,0.0,False,False
2021-11-29,0.08,4655.27,1.52,0.51,1.01,437.9355773925781,82.28015899658203,36.12569808959961,29.75775909423828,41.815834045410156,,,,,,0.0,False,False
2021-11-30,0.07,4567.0,1.43,0.52,0.9099999999999999,429.4143371582031,81.59344482421875,35.26180648803711,28.888076782226562,40.94322204589844,-1.9457748295102162,-0.8346048193608957,-2.3913492257502167,-2.9225396618662303,-2.0867980262311625,-0.009999999999999995,False,True
2021-12-01,0.08,4513.04,1.43,0.56,0.8699999999999999,424.64483642578125,80.476318359375,34.871646881103516,28.940793991088867,40.40755844116211,-1.1106989962155644,-1.3691375174199827,-1.106465169519777,0.18248777604585875,-1.3083083791887051,0.009999999999999995,True,False
2021-12-02,0.08,4577.1,1.44,0.63,0.8099999999999999,431.14874267578125,81.21623992919922,35.912044525146484,29.309743881225586,41.51344299316406,1.5316108173463627,0.919427708558973,2.9835059055004054,1.274843704185602,2.7368259668849815,0.0,False,False
2021-12-03,0.08,4538.43,1.35,0.6,0.7500000000000001,427.39715576171875,79.85731506347656,35.326820373535156,29.60403060913086,41.306095123291016,-0.870137505395363,-1.6732181481281416,-1.6296041045547827,1.0040576577462934,-0.49947162876177176,0.0,False,False
2021-12-06,0.08,4591.67,1.43,0.65,0.7799999999999999,432.4590759277344,80.61656951904297,35.865596771240234,30.056434631347656,41.902225494384766,,,,,,0.0,False,False
2021-12-07,0.08,4686.75,1.48,0.7,0.78,441.40435791015625,83.43114471435547,36.50654220581055,30.28044319152832,42.64522933959961,2.0684690136822725,3.491311044496448,1.787075895205148,0.7452931890565395,1.7731846851771982,0.0,False,False
2021-12-08,0.08,4701.21,1.52,0.68,0.84,442.57318115234375,83.81317901611328,36.311485290527344,30.249696731567383,42.826663970947266,0.2647964890336141,0.457903703785667,-0.5343067392785228,-0.10153900247252823,0.42545117978571856,0.0,False,False
2021-12-09,0.08,4667.45,1.49,0.7,0.79,439.585205078125,82.90884399414062,36.237159729003906,30.210161209106445,42.2823600769043,-0.6751371753794144,-1.078989047532486,-0.20468884962638878,-0.1306972523122174,-1.2709462834000207,0.0,False,False
2021-12-10,0.08,4712.02,1.48,0.67,0.8099999999999999,443.72320556640625,84.57244110107422,36.27431869506836,30.3726806640625,42.49835968017578,0.9413420744098566,2.00653757402669,0.10254381508469912,0.5379628855044505,0.5108503945347787,0.0,False,False
2021-12-13,0.08,4668.97,1.42,0.66,0.7599999999999999,439.79248046875,83.31507110595703,35.884178161621094,30.74601936340332,43.06856918334961,,,,,,0.0,False,False
2021-12-14,0.08,4634.09,1.44,0.67,0.7699999999999999,436.7667541503906,81.94646453857422,36.09782791137695,30.56154441833496,42.593387603759766,-0.6879895525122248,-1.642687870532178,0.5953870499516123,-0.5999961910124196,-1.1033140608106118,0.0,False,False
2021-12-15,0.08,4709.85,1.47,0.69,0.78,443.59124755859375,84.11785125732422,36.20000457763672,31.062265396118164,43.22409439086914,1.5625029477067898,2.6497625382335688,0.2830548877085226,1.6384020746111227,1.4807622088591543,0.0,False,False
2021-12-16,0.08,4668.67,1.44,0.64,0.7999999999999999,439.6793518066406,81.73369598388672,36.65517044067383,31.22039031982422,43.388240814208984,-0.8818694628181079,-2.8343035845556086,1.257364103534675,0.5090579250726979,0.3797567668057722,0.0,False,False
2021-12-17,0.08,4620.64,1.41,0.66,0.7499999999999999,435.0,81.18721771240234,35.84701156616211,30.750415802001953,43.241363525390625,-1.0642646254396926,-0.668608295398887,-2.204760924027671,-1.5053447859165403,-0.33851865404568304,0.0,False,False
2021-12-20,0.08,4568.02,1.43,0.65,0.7799999999999999,430.3744201660156,80.22157287597656,35.150726318359375,30.779630661010742,42.95817565917969,,,,,,0.0,False,False
2021-12-21,0.08,4649.23,1.48,0.7,0.78,438.0174255371094,82.251708984375,35.87875747680664,30.7353572845459,43.20216369628906,1.7758967570947748,2.530661062376649,2.071169602168399,-0.14383985614526695,0.5679664775457782,0.0,False,False
2021-12-22,0.08,4696.56,1.46,0.68,0.7799999999999999,442.3970642089844,83.32733154296875,36.04674530029297,30.868173599243164,43.629119873046875,0.9998777255276092,1.3077206198816915,0.4682097020637377,0.4321287482285108,0.9882749849273953,0.0,False,False
2021-12-23,0.08,4725.79,1.5,0.71,0.79,445.149658203125,83.7924575805664,36.233428955078125,30.863740921020508,43.4984130859375,0.6221998780806315,0.5581914468937521,0.5178932334388486,-0.014360027516380214,-0.29958611929304935,0.0,False,False
2021-12-27,0.08,4791.19,1.48,0.76,0.72,451.4494934082031,85.59003448486328,36.60678482055664,31.014253616333008,44.38720703125,,,,,,0.0,False,False
2021-12-28,0.08,4786.35,1.49,0.74,0.75,451.08062744140625,85.14427185058594,36.62545394897461,31.293142318725586,44.57890701293945,-0.08170702862287937,-0.5208113736140385,0.05099909349997045,0.8992275159757757,0.431881153401914,0.0,False,False
2021-12-29,0.08,4793.06,1.55,0.75,0.8,451.65765380859375,85.2169418334961,36.578773498535156,31.461360931396484,44.849029541015625,0.12792089309188182,0.08534923293217478,-0.12745357505872246,0.5375574333749134,0.6059424651164491,0.0,False,False
2021-12-30,0.08,4778.73,1.52,0.73,0.79,450.4089660644531,84.65491485595703,36.5134391784668,31.576454162597656,45.04944610595703,-0.27646774799697793,-0.6595249318347984,-0.17861265925435132,0.36582407052301313,0.4468693458754114,0.0,False,False
2021-12-31,0.07,4766.18,1.52,0.73,0.79,449.27386474609375,84.24307250976562,36.4481086730957,31.6871280670166,45.145294189453125,-0.2520157021467795,-0.4864954939617694,-0.17892180753441567,0.35049503610837807,0.21276195776227524,-0.009999999999999995,False,True
2022-01-03,0.08,4796.56,1.63,0.78,0.8499999999999999,451.8750915527344,85.04253387451172,36.896121978759766,31.372827529907227,44.72704315185547,,,,,,0.009999999999999995,True,False
2022-01-04,0.08,4793.54,1.66,0.77,0.8899999999999999,451.7238464355469,84.14131164550781,37.86682891845703,31.27543830871582,44.552764892578125,-0.03347055857134684,-1.059731157980015,2.6309186105143434,-0.3104253867413309,-0.3896485146260176,0.0,False,False
2022-01-05,0.08,4700.58,1.71,0.83,0.88,443.0497741699219,81.55398559570312,37.428138732910156,31.257732391357422,43.1063117980957,-1.920215710122497,-3.074977082250918,-1.1585078499484536,-0.0566128512209052,-3.246606799757523,0.0,False,False
2022-01-06,0.08,4696.05,1.73,0.88,0.85,442.633544921875,81.14216613769531,37.97883987426758,30.934574127197266,43.15858459472656,-0.09394638533033461,-0.5049654593821673,1.4713559370057583,-1.0338506329061414,0.12126483211019057,0.0,False,False
2022-01-07,0.08,4677.03,1.76,0.87,0.89,440.883544921875,80.39598846435547,38.42684555053711,31.169189453125,42.93203353881836,-0.3953609074768383,-0.9195929919760926,1.1796191714983806,0.7584242956215848,-0.5249269827442005,0.0,False,False
2022-01-10,0.08,4670.29,1.78,0.92,0.86,440.3349304199219,80.41053771972656,38.296180725097656,30.965553283691406,42.67934036254883,,,,,,0.0,False,False
2022-01-11,0.08,4713.07,1.75,0.9,0.85,444.3456726074219,81.37474060058594,38.6321907043457,30.686674118041992,42.609622955322266,0.9108389797001015,1.1991001530422984,0.8773981448960466,-0.900610956615111,-0.16335165125405116,0.0,False,False
2022-01-12,0.08,4726.35,1.74,0.92,0.82,445.5469055175781,81.75751495361328,38.660186767578125,30.7840576171875,42.722904205322266,0.2703374836773742,0.47038472897398265,0.07246822590694091,0.3173478454227441,0.26585837222445896,0.0,False,False
2022-01-13,0.08,4659.03,1.7,0.91,0.7899999999999999,439.4079895019531,79.64015197753906,38.51085662841797,30.934574127197266,42.57477569580078,-1.3778383240017344,-2.589808383089365,-0.3862633671635307,0.48894304929356647,-0.34671919495358194,0.0,False,False
2022-01-14,0.08,4662.85,1.78,0.99,0.79,439.58770751953125,80.31362915039062,38.1095085144043,30.722078323364258,42.07809829711914,0.04090003410766041,0.8456502858526838,-1.0421687522720768,-0.6869200880518456,-1.1666001536459691,0.0,False,False
2022-01-18,0.08,4577.11,1.87,1.06,0.81,431.8027648925781,78.38525390625,37.26014709472656,30.354656219482422,41.79054641723633,,,,,,0.0,False,False
2022-01-19,0.08,4532.76,1.83,1.04,0.79,427.319091796875,77.2902603149414,36.63478088378906,30.49188995361328,41.250301361083984,-1.0383613677922066,-1.3969382463418722,-1.6783782665903857,0.45210109822551026,-1.2927446575082824,0.0,False,False
2022-01-20,0.08,4482.73,1.83,1.08,0.75,422.5895080566406,76.29215240478516,36.40143966674805,30.531728744506836,40.88432312011719,-1.1068037518161211,-1.291376049309667,-0.6369390273718523,0.130653727775365,-0.887213496365058,0.0,False,False
2022-01-21,0.08,4397.94,1.75,1.01,0.74,414.2938232421875,74.77559661865234,35.654747009277344,30.474184036254883,40.85818862915039,-1.9630598148549505,-1.987826713927776,-2.0512723241350006,-0.18847510644908194,-0.06392301247110099,0.0,False,False
2022-01-24,0.08,4410.13,1.75,0.99,0.76,416.0531311035156,75.16322326660156,35.75741958618164,30.182008743286133,40.94533157348633,,,,,,0.0,False,False
2022-01-25,0.08,4356.45,1.78,1.02,0.76,410.9736328125,73.42378997802734,35.90675354003906,29.708341598510742,40.83204650878906,-1.2208773138043805,-2.3142079503489454,0.4176306780121486,-1.5693691854779424,-0.27667394631778475,0.0,False,False
2022-01-26,0.08,4349.93,1.85,1.13,0.7200000000000002,409.9425354003906,73.8550033569336,36.000083923339844,29.464872360229492,40.15238571166992,-0.25089137837215336,0.5872938172154951,0.2599243153428299,-0.8195315698586669,-1.664527877565103,0.0,False,False
2022-01-27,0.08,4326.51,1.81,1.18,0.6300000000000001,407.91827392578125,73.34626007080078,35.67341613769531,29.72604751586914,39.429161071777344,-0.4937915194948683,-0.6888406512881806,-0.9074084003252603,0.8863950009577293,-1.801199672383047,0.0,False,False
2022-01-28,0.08,4431.85,1.78,1.15,0.6300000000000001,418.0491027832031,76.55378723144531,36.140098571777344,30.08462142944336,40.79718780517578,2.4835437647652725,4.3731298058664825,1.3082078606676983,1.2062616578365937,3.4695811328779413,0.0,False,False
2022-01-31,0.08,4515.55,1.79,1.18,0.6100000000000001,425.57861328125,78.4773178100586,36.45743942260742,30.655685424804688,41.250301361083984,,,,,,0.0,False,False
2022-02-01,0.08,4546.54,1.81,1.18,0.6300000000000001,428.4542236328125,78.6808090209961,36.961463928222656,30.248416900634766,40.97146987915039,0.6756942811085631,0.2592993958203449,1.3825011125237818,-1.3285252589406604,-0.6759501694129311,0.0,False,False
2022-02-02,0.08,4589.38,1.78,1.16,0.6200000000000001,432.61627197265625,79.32038116455078,37.213470458984375,30.695524215698242,41.677276611328125,0.9714102721532836,0.8128693025817979,0.6818088462380745,1.47811806658249,1.7226785718442272,0.0,False,False
2022-02-03,0.08,4477.44,1.82,1.19,0.6300000000000001,422.44757080078125,77.01892852783203,36.80278778076172,30.558290481567383,41.250301361083984,-2.3505128749567006,-2.9014644192699612,-1.103586075572549,-0.44708060095834945,-1.024479728428529,0.0,False,False
2022-02-04,0.08,4500.53,1.93,1.31,0.6199999999999999,424.4339904785156,77.3290023803711,37.428138732910156,30.314821243286133,40.68391799926758,0.47021685412202974,0.4025943472155902,1.6991945172026623,-0.7967371029086512,-1.3730405430461667,0.0,False,False
2022-02-07,0.08,4483.87,1.92,1.3,0.6199999999999999,423.0718994140625,76.81539916992188,37.54014587402344,30.27054786682129,40.692630767822266,,,,,,0.0,False,False
2022-02-08,0.08,4521.54,1.96,1.35,0.6099999999999999,426.5528869628906,77.76507568359375,38.062843322753906,30.29268455505371,40.326656341552734,0.8227886450622668,1.2363100679475991,1.3923692531311094,0.07312946012676402,-0.8993629051846086,0.0,False,False
2022-02-09,0.08,4587.18,1.94,1.36,0.5799999999999998,432.7959289550781,79.48994445800781,38.305511474609375,30.425491333007812,41.30258560180664,1.4636032677304733,2.2180506599544847,0.6375460440455338,0.4384120453660767,2.420059952375242,0.0,False,False
2022-02-10,0.08,4504.08,2.03,1.61,0.4199999999999997,425.0205078125,77.41138458251953,37.96950149536133,29.655223846435547,40.126243591308594,-1.796555979939718,-2.6148714653918548,-0.8771844215440638,-2.53165175918334,-2.8481074328833067,0.0,False,False
2022-02-11,0.08,4418.64,1.92,1.5,0.41999999999999993,416.6396484375,75.04691314697266,37.43748092651367,29.672929763793945,39.57728576660156,-1.9718717617026704,-3.0544233878498583,-1.401178703683148,0.05970589684327621,-1.368076788593131,0.0,False,False
2022-02-14,0.08,4401.67,1.98,1.58,0.3999999999999999,415.2774963378906,75.02269744873047,37.017459869384766,29.420602798461914,39.150325775146484,,,,,,0.0,False,False
2022-02-15,0.08,4471.07,2.05,1.58,0.46999999999999975,421.9746398925781,76.99470520019531,37.521484375,29.283367156982422,39.34201431274414,1.6126911796921384,2.6285481841178626,1.361585877025795,-0.4664610117596446,0.4896218200037161,0.0,False,False
2022-02-16,0.08,4475.01,2.03,1.52,0.5099999999999998,422.44757080078125,76.91715240478516,37.54948425292969,29.349773406982422,39.44658279418945,0.11207567078521663,-0.10072484232326318,0.07462358804850577,0.22677122355503343,0.2657934101036652,0.0,False,False
2022-02-17,0.08,4380.26,1.97,1.49,0.48,413.42352294921875,74.61570739746094,36.616111755371094,29.367481231689453,39.10675048828125,-2.136134392832878,-2.992108957976769,-2.4857132291657758,0.06033376974152738,-0.8614999876700669,0.0,False,False
2022-02-18,0.08,4348.87,1.92,1.47,0.44999999999999996,410.74658203125,73.85985565185547,36.60678482055664,29.314353942871094,38.93247985839844,-0.6475057100941872,-1.012992802680568,-0.025472215282618116,-0.18090515968741672,-0.44562799953178356,0.0,False,False
2022-02-22,0.08,4304.76,1.94,1.56,0.3799999999999999,406.3385925292969,73.17669677734375,36.420108795166016,29.283367156982422,38.827919006347656,,,,,,0.0,False,False
2022-02-23,0.08,4225.5,1.99,1.58,0.4099999999999999,399.13067626953125,71.34519958496094,35.78541946411133,28.787565231323242,38.32251739501953,-1.7738694754291462,-2.502842124666471,-1.7426892781246428,-1.6931178815649206,-1.301644858292561,0.0,False,False
2022-02-24,0.08,4288.7,1.96,1.54,0.41999999999999993,405.1372375488281,73.78233337402344,35.3560676574707,29.017765045166016,38.9847526550293,1.5049109568417762,3.4159744499141276,-1.1997953721660681,0.799650168373045,1.7280578235077781,0.0,False,False
2022-02-25,0.08,4384.65,1.97,1.55,0.41999999999999993,414.0762023925781,74.7853012084961,36.49477005004883,29.91640853881836,39.960689544677734,2.2064041552518843,1.3593604167928985,3.2206703630331956,3.0968735609155695,2.503380996884519,0.0,False,False
2022-02-28,0.08,4373.94,1.83,1.44,0.3900000000000001,413.01678466796875,74.64962768554688,35.95341491699219,30.071340560913086,39.27231216430664,,,,,,0.0,False,False
2022-03-01,0.08,4306.26,1.72,1.31,0.4099999999999999,406.7264404296875,73.15731811523438,34.628028869628906,29.810157775878906,39.193885803222656,-1.5230238750074454,-1.999085081306351,-3.686398219538478,-0.8685438698854187,-0.19969886355523103,0.0,False,False
2022-03-02,0.08,4386.54,1.86,1.5,0.3600000000000001,414.20867919921875,74.74166870117188,35.52406692504883,30.173160552978516,39.8909797668457,1.83962438282268,2.1656761438983985,2.5876091844367455,1.2177150481012644,1.7785783403127864,0.0,False,False
2022-03-03,0.08,4363.49,1.86,1.53,0.33000000000000007,412.1465148925781,73.85015869140625,35.41206359863281,30.704381942749023,40.326656341552734,-0.4978563729343799,-1.1927884742980677,-0.3152885807031325,1.7605758894159607,1.092168147419459,0.0,False,False
2022-03-04,0.08,4328.87,1.74,1.5,0.24,408.7980041503906,72.55648803710938,34.749366760253906,31.381683349609375,40.66648864746094,-0.8124564011078084,-1.7517506762614654,-1.871387236536226,2.2058786531617525,0.8426989409435315,0.0,False,False
2022-03-07,0.08,4201.09,1.78,1.55,0.22999999999999998,396.7469787597656,69.90135192871094,33.4799919128418,31.788949966430664,39.92583465576172,,,,,,0.0,False,False
2022-03-08,0.08,4170.7,1.86,1.63,0.2300000000000002,393.739013671875,69.56218719482422,33.28398513793945,31.29756736755371,39.568572998046875,-0.7581570242307989,-0.48520482727232306,-0.58544451089656,-1.5457654291691214,-0.8948132476005455,0.0,False,False
2022-03-09,0.08,4277.88,1.94,1.68,0.26,404.2953796386719,72.31424713134766,34.50669479370117,31.076217651367188,40.230804443359375,2.6810566391051394,3.9562584897103514,3.673567485066531,-0.7072425584615849,1.673629840897184,0.0,False,False
2022-03-10,0.08,4259.52,1.98,1.72,0.26,402.46978759765625,71.04966735839844,34.21736145019531,31.284286499023438,40.3702278137207,-0.4515490735133354,-1.7487283946305943,-0.8384846628622156,0.6695436683785028,0.3465587434564599,0.0,False,False
2022-03-11,0.08,4204.31,2.0,1.75,0.25,397.3523864746094,69.79959869384766,33.974674224853516,31.178050994873047,39.96940612792969,-1.2714994468510654,-1.7594292992886396,-0.7092517220973815,-0.33958103584592614,-0.9928645625695176,0.0,False,False
2022-03-14,0.08,4173.11,2.14,1.87,0.27,394.4483642578125,68.50594329833984,34.40402603149414,31.142635345458984,39.72541809082031,,,,,,0.0,False,False
2022-03-15,0.08,4262.45,2.15,1.85,0.2999999999999998,403.1225280761719,70.8073959350586,34.88936996459961,31.54104232788086,40.03910827636719,2.199061931637236,3.359493389786694,1.410718421911361,1.2792975867405687,0.789646026706925,0.0,False,False
2022-03-16,0.08,4357.86,2.19,1.95,0.24,412.0614318847656,73.10885620117188,35.86941909790039,31.483497619628906,40.48350143432617,2.2174160921377917,3.250310558270031,2.8090192923953206,-0.18244390167501123,1.1098977402083765,0.0,False,False
2022-03-17,0.33,4411.67,2.2,1.94,0.26000000000000023,417.2167053222656,73.62728881835938,36.31743240356445,31.61629295349121,41.0586051940918,1.2510934143775243,0.7091242349092974,1.24901187956592,0.42179345975688065,1.4205879911316055,0.25,True,False
2022-03-18,0.33,4463.12,2.14,1.97,0.17000000000000015,421.7862854003906,75.1341552734375,36.40143966674805,31.34626579284668,41.154449462890625,1.0952533826744437,2.046614073751396,0.23131388323407442,-0.8540759697594935,0.23343284153407584,0.0,False,False
2022-03-21,0.33,4461.18,2.32,2.14,0.17999999999999972,421.6629943847656,74.99143981933594,36.3658332824707,31.555713653564453,40.94325637817383,,,,,,0.0,False,False
2022-03-22,0.33,4511.61,2.38,2.18,0.19999999999999973,426.5970764160156,76.06906127929688,36.95615768432617,31.600284576416016,40.969539642333984,1.1701482219109938,1.4369926255010768,1.6232940333585688,0.14124517461682196,0.0641943667533118,0.0,False,False
2022-03-23,0.33,4456.24,2.32,2.13,0.18999999999999995,421.10321044921875,74.89920806884766,36.272125244140625,31.644838333129883,40.50507736206055,-1.287834884606498,-1.537883064119805,-1.8509295420493843,0.14099163128145076,-1.1336770789425854,0.0,False,False
2022-03-24,0.33,4520.16,2.34,2.13,0.20999999999999996,427.4510498046875,76.845703125,36.5626106262207,31.97015953063965,40.8205680847168,1.5074307670789544,2.5988192750491024,0.8008501848868255,1.0280387407420433,0.778891791357883,0.0,False,False
2022-03-25,0.33,4543.06,2.48,2.3,0.18000000000000016,429.5384826660156,76.8020248413086,37.0311164855957,32.433624267578125,41.302555084228516,0.4883443056887815,-0.0568389407802794,1.2813796699708613,1.4496791500032913,1.1807454480090351,0.0,False,False
2022-03-28,0.33,4575.52,2.46,2.35,0.10999999999999988,432.5938415527344,77.714599609375,36.92803955078125,32.64307403564453,41.828372955322266,,,,,,0.0,False,False
2022-03-29,0.33,4631.6,2.41,2.35,0.06000000000000005,437.9454345703125,79.36499786376953,37.01237869262695,32.94611358642578,43.055267333984375,1.2370941293036841,2.123665646725459,0.22838781281557807,0.9283425649506682,2.9331630469408454,0.0,False,False
2022-03-30,0.33,4602.45,2.35,2.31,0.040000000000000036,435.2411193847656,78.30680847167969,36.75001525878906,33.21795654296875,42.81864929199219,-0.6175004856941113,-1.3333200032415227,-0.7088532083190713,0.8251138812772396,-0.5495681635343641,0.0,False,False
2022-03-31,0.33,4530.41,2.32,2.28,0.040000000000000036,428.542236328125,77.14667510986328,35.90668487548828,33.18229675292969,42.34541702270508,-1.5391199862066829,-1.4815229792387474,-2.29477560039677,-0.10735094433920178,-1.1052013015637407,0.0,False,False
2022-04-01,0.33,4545.86,2.39,2.44,-0.04999999999999982,429.7568359375,76.91853332519531,35.81299591064453,33.6457633972168,43.186710357666016,0.28342588114116385,-0.2957247144391828,-0.26092346082249307,1.396728646416534,1.9867399924526685,0.0,False,False
2022-04-04,0.33,4582.64,2.42,2.43,-0.010000000000000231,433.4383850097656,78.3796157836914,35.65369415283203,33.38729476928711,43.055267333984375,,,,,,0.0,False,False
2022-04-05,0.33,4525.12,2.54,2.51,0.03000000000000025,427.96343994140625,76.72923278808594,35.428810119628906,33.596744537353516,43.090309143066406,-1.2631426421164882,-2.105627820580447,-0.6307453927190343,0.6273337493011732,0.08138797237096096,0.0,False,False
2022-04-06,0.33,4481.15,2.61,2.5,0.10999999999999988,423.68402099609375,74.91375732421875,35.1851806640625,34.265201568603516,43.73005294799805,-0.9999496559562226,-2.3660805639504345,-0.6876591529429543,1.9896482247165226,1.4846581926520663,0.0,False,False
2022-04-07,0.33,4500.21,2.66,2.47,0.18999999999999995,425.8190002441406,75.03025817871094,35.14769744873047,34.18052673339844,43.370765686035156,0.5039083709193148,0.15551329776182232,-0.10653125726398649,-0.24711611585166438,-0.8216026227778395,0.0,False,False
2022-04-08,0.33,4488.28,2.72,2.53,0.1900000000000004,424.6803283691406,73.98178100585938,35.5037727355957,34.29639434814453,43.52850341796875,-0.26740748401249403,-1.3974057910799753,1.0130828267901126,0.3389872123675586,0.3636959814716567,0.0,False,False
2022-04-11,0.33,4412.53,2.79,2.5,0.29000000000000004,417.4216003417969,72.1177749633789,35.34447479248047,33.8284797668457,42.93257141113281,,,,,,0.0,False,False
2022-04-12,0.33,4397.45,2.72,2.39,0.33000000000000007,415.8749694824219,71.79740905761719,34.96030044555664,33.957706451416016,42.80112075805664,-0.37052008283916527,-0.44422599827074194,-1.086943147916175,0.38200559250956,-0.30617931504117735,0.0,False,False
2022-04-13,0.33,4446.59,2.7,2.37,0.33000000000000007,420.6382751464844,72.95269012451172,34.96030044555664,33.89086151123047,42.97639083862305,1.145369645590999,1.6090846202645226,0.0,-0.19684762950991086,0.40949881092404716,0.0,False,False
2022-04-14,0.33,4392.59,2.83,2.47,0.3599999999999999,415.4005126953125,71.18095397949219,34.566749572753906,33.9086799621582,42.73101043701172,-1.2451939732179285,-2.4286097496824643,-1.1257079252382507,0.05257597515433421,-0.5709655855763551,0.0,False,False
2022-04-18,0.33,4391.69,2.85,2.46,0.3900000000000001,415.57135009765625,71.4139404296875,34.77288818359375,33.72597885131836,42.6258544921875,,,,,,0.0,False,False
2022-04-19,0.33,4462.21,2.93,2.61,0.3200000000000003,422.27984619140625,72.7536849975586,35.25077438354492,33.944339752197266,43.51972961425781,1.6142826237115715,1.8760266690369454,1.3743068951535653,0.6474560807902874,2.097025696538579,0.0,False,False
2022-04-20,0.33,4459.45,2.85,2.6,0.25,421.96661376953125,72.68571472167969,35.49440383911133,34.22063064575195,44.34349822998047,-0.0741765027860275,-0.09342520022345147,0.6911322086590399,0.8139527696567006,1.8928624396893579,0.0,False,False
2022-04-21,0.33,4393.66,2.9,2.68,0.21999999999999975,415.65673828125,71.45276641845703,34.932186126708984,33.6546745300293,44.05430603027344,-1.4953494618717755,-1.6962732057375085,-1.583961558984781,-1.6538447861506933,-0.6521637021219662,0.0,False,False
2022-04-22,0.33,4271.78,2.9,2.72,0.17999999999999972,404.2514953613281,69.45286560058594,33.892093658447266,33.088714599609375,43.265594482421875,-2.7439090647448205,-2.798913069591802,-2.9774617153618954,-1.6816681139344536,-1.7903165863277337,0.0,False,False
2022-04-25,0.33,4296.12,2.81,2.63,0.18000000000000016,406.5951843261719,70.49649047851562,33.94831085205078,32.86143112182617,43.06403350830078,,,,,,0.0,False,False
2022-04-26,0.33,4175.2,2.77,2.54,0.22999999999999998,394.81982421875,67.87042236328125,33.09563064575195,32.531673431396484,42.38923263549805,-2.8960894180132812,-3.725104749767205,-2.5117014216550326,-1.0034793956696153,-1.5669708985171171,0.0,False,False
2022-04-27,0.33,4183.96,2.82,2.58,0.23999999999999977,395.929931640625,68.87522888183594,33.0675163269043,32.37569046020508,42.13509750366211,0.2811681060016724,1.4804777745103692,-0.08494873280580073,-0.4794803179133944,-0.5995275593243865,0.0,False,False
2022-04-28,0.33,4287.5,2.85,2.63,0.2200000000000002,405.9309387207031,71.63237762451172,33.48917007446289,32.736656188964844,42.90628433227539,2.525953781427104,4.00310646866382,1.2751297780883908,1.1149282799187032,1.8302718500799786,0.0,False,False
2022-04-29,0.33,4131.93,2.89,2.7,0.18999999999999995,390.92950439453125,68.64707946777344,32.33662796020508,31.756258010864258,40.83808898925781,-3.695563184577433,-4.16752627196999,-3.441536806362011,-2.994802439325084,-4.820262055322788,0.0,False,False
2022-05-02,0.33,4155.38,2.99,2.73,0.26000000000000023,393.2826232910156,69.69072723388672,32.346004486083984,31.430938720703125,39.7776985168457,,,,,,0.0,False,False
2022-05-03,0.33,4175.48,2.97,2.78,0.1900000000000004,395.0854797363281,69.81207275390625,32.767669677734375,31.551258087158203,40.25968933105469,0.45841243384365793,0.1741200369631546,1.3036082766630486,0.38280551377813943,1.211711165252205,0.0,False,False
2022-05-04,0.33,4300.17,2.93,2.66,0.27,407.11700439453125,72.26339721679688,33.77027893066406,32.255367279052734,40.73292541503906,3.045296594102287,3.511318839553379,3.059751464752347,2.2316358667837433,1.1754588568554603,0.0,False,False
2022-05-05,0.83,4146.87,3.05,2.71,0.33999999999999986,392.6469421386719,68.787841796875,32.786407470703125,31.925594329833984,39.690059661865234,-3.5542760679769247,-4.809565497585022,-2.9134241442926423,-1.0223816283527865,-2.5602525292445333,0.49999999999999994,True,False
2022-05-06,0.83,4123.34,3.12,2.72,0.3999999999999999,390.30328369140625,68.23448944091797,32.552154541015625,32.179603576660156,39.286949157714844,-0.5968869729381265,-0.8044333729658737,-0.7144818470789183,0.7956288744444873,-1.0156460020081637,0.0,False,False
2022-05-09,0.83,3991.24,3.05,2.61,0.43999999999999995,377.8067932128906,65.59384155273438,31.774423599243164,31.938955307006836,37.455360412597656,,,,,,0.0,False,False
2022-05-10,0.83,4001.05,2.99,2.62,0.3700000000000001,378.67974853515625,66.59380340576172,31.493318557739258,31.551258087158203,36.62282943725586,0.23105866224426563,1.5244752088859226,-0.8846896643959989,-1.2138694460165356,-2.2227285124769125,0.0,False,False
2022-05-11,0.83,3935.18,2.91,2.66,0.25,372.6639404296875,64.49195098876953,31.202838897705078,31.778535842895508,36.570247650146484,-1.5886268354037059,-3.1562282216941795,-0.9223532905927923,0.7203445108574291,-0.14357652840412127,0.0,False,False
2022-05-12,0.83,3930.08,2.84,2.56,0.2799999999999998,372.27496337890625,63.82693862915039,30.968578338623047,31.457679748535156,36.8419189453125,-0.10437743193847382,-1.0311555929436,-0.7507668127570977,-1.0096629245179067,0.7428751857657456,0.0,False,False
2022-05-13,0.83,4023.89,2.93,2.61,0.3200000000000003,381.1752624511719,65.94819641113281,31.418357849121094,31.83201026916504,37.7620849609375,2.3907863670130203,3.3234521779392123,1.452373775702509,1.1899495564268836,2.497606101872374,0.0,False,False
2022-05-16,0.83,4008.01,2.88,2.58,0.2999999999999998,379.6285705566406,65.3656997680664,31.15598487854004,31.930055618286133,37.455360412597656,,,,,,0.0,False,False
2022-05-17,0.83,4088.85,2.98,2.71,0.27,387.4376525878906,67.25879669189453,31.989938735961914,32.259822845458984,37.85848617553711,2.0570322248927964,2.896162560096971,2.6767051681177767,1.0327799961112438,1.0762832302205538,0.0,False,False
2022-05-18,0.83,3923.68,2.89,2.68,0.20999999999999996,371.8194885253906,64.1812744140625,31.109132766723633,31.947879791259766,36.754276275634766,-4.031142548530953,-4.5756427845859875,-2.7533843578390838,-0.9669707601730693,-2.916677372630516,0.0,False,False
2022-05-19,0.83,3900.79,2.84,2.63,0.20999999999999996,369.542236328125,63.477447509765625,30.902992248535156,31.881031036376953,36.684173583984375,-0.612461763716865,-1.0966234477616799,-0.662636659575988,-0.2092431651789961,-0.19073342955976402,0.0,False,False
2022-05-20,0.83,3901.36,2.78,2.6,0.17999999999999972,369.7034912109375,63.61821746826172,30.846765518188477,31.97015953063965,37.113590240478516,0.0436363876602508,0.22176373502484914,-0.1819459096209175,0.2795659091482827,1.1705774303761851,0.0,False,False
2022-05-23,0.83,3973.75,2.86,2.65,0.20999999999999996,376.6207580566406,65.07931518554688,31.84937858581543,32.35340881347656,37.5955810546875,,,,,,0.0,False,False
2022-05-24,0.83,3941.48,2.76,2.5,0.2599999999999998,373.7457580566406,64.11333465576172,31.78378677368164,32.99958419799805,38.033756256103516,-0.7633673764651183,-1.4843126837322473,-0.2059437736188663,1.9972405017561146,1.1654965533811845,0.0,False,False
2022-05-25,0.83,3978.73,2.75,2.48,0.27,377.0477294921875,64.86085510253906,32.03678894042969,32.977298736572266,38.24409484863281,0.8834806454302235,1.1659359956722515,0.7960101436293998,-0.06753255220449672,0.5530313417190902,0.0,False,False
2022-05-26,0.83,4057.84,2.75,2.46,0.29000000000000004,384.5816345214844,66.41903686523438,32.77703094482422,33.070884704589844,38.20026779174805,1.9981303267476491,2.4023453903467162,2.310599872449637,0.2837890658211828,-0.11459823289904358,0.0,False,False
2022-05-27,0.83,4158.24,2.74,2.47,0.27,394.0227966308594,68.66650390625,33.32987594604492,33.587833404541016,39.27817916870117,2.4549175680534496,3.3837693936691338,1.6866841970871072,1.5631535248266992,2.8217377501892127,0.0,False,False
2022-05-31,0.83,4132.15,2.85,2.53,0.3200000000000003,391.8118896484375,68.17622375488281,33.23617172241211,33.12437057495117,38.752376556396484,,,,,,0.0,False,False
2022-06-01,0.83,4101.23,2.94,2.66,0.2799999999999998,388.6427001953125,67.97235870361328,32.70207214355469,33.070884704589844,38.33171463012695,-0.8088548451065769,-0.29902661080569715,-1.6069828478388337,-0.16146984662034347,-1.085512589550064,0.0,False,False
2022-06-02,0.83,4176.82,2.92,2.65,0.27,396.0438537597656,69.61792755126953,33.15184783935547,33.293701171875,38.910118103027344,1.9043593410434934,2.4209382740881358,1.3753736883288958,0.6737541776565603,1.5089423431264626,0.0,False,False
2022-06-03,0.83,4108.54,2.96,2.66,0.2999999999999998,389.5441589355469,67.95294189453125,32.6739616394043,33.13327407836914,38.41935348510742,-1.6411553322984718,-2.391604742201092,-1.441506978032936,-0.48185418820716475,-1.2612776363732925,0.0,False,False
2022-06-06,0.83,4121.43,3.04,2.73,0.31000000000000005,390.7302551269531,67.95780181884766,32.767669677734375,33.28034210205078,38.305419921875,,,,,,0.0,False,False
2022-06-07,0.83,4160.68,2.98,2.75,0.22999999999999998,394.4782409667969,68.76844787597656,33.02067565917969,33.480873107910156,38.752376556396484,0.9592259085813515,1.1928668017982869,0.7721207639529881,0.6025509150250574,1.1668234819852241,0.0,False,False
2022-06-08,0.83,4115.77,3.03,2.78,0.25,390.1893615722656,67.99177551269531,32.43970489501953,32.8257942199707,37.82343673706055,-1.0872283814742145,-1.1294022000932324,-1.7594151317695594,-1.9565764782421002,-2.397117033542573,0.0,False,False
2022-06-09,0.83,4017.82,3.04,2.83,0.20999999999999996,380.90960693359375,66.17634582519531,31.624500274658203,32.03700637817383,36.95583724975586,-2.378269515416609,-2.670072481282715,-2.5129840823135408,-2.4029512782267726,-2.293814529166216,0.0,False,False
2022-06-10,0.83,3900.86,3.15,3.06,0.08999999999999986,369.8647766113281,63.63276672363281,30.481334686279297,31.791908264160156,36.079490661621094,-2.8995935311736942,-3.8436378888029865,-3.614809968380639,-0.7650468683636169,-2.371334688515425,0.0,False,False
2022-06-13,0.83,3749.63,3.43,3.4,0.03000000000000025,355.82177734375,60.812522888183594,29.572420120239258,30.330202102661133,34.34431457519531,,,,,,0.0,False,False
2022-06-14,0.83,3735.48,3.49,3.45,0.040000000000000036,354.7495422363281,61.19599151611328,29.319425582885742,29.56370735168457,34.09892272949219,-0.3013404956341392,0.6305751015046157,-0.8555083970972266,-2.527166645253942,-0.7145050024680244,0.0,False,False
2022-06-15,0.83,3789.99,3.33,3.2,0.1299999999999999,359.8069763183594,62.4871940612793,29.647380828857422,29.755329132080078,34.878883361816406,1.4256351256013877,2.109946277814667,1.1185595878901333,0.6481655974875267,2.287346842337712,0.0,False,False
2022-06-16,1.58,3666.77,3.28,3.14,0.13999999999999968,347.8988037109375,59.94363021850586,28.897762298583984,29.180456161499023,34.046348571777344,-3.309600255467382,-4.070536181027817,-2.5284477391129045,-1.932000039486259,-2.386930743747606,0.7500000000000001,True,False
2022-06-17,1.58,3674.84,3.25,3.17,0.08000000000000007,348.6488037109375,60.49214553833008,28.982097625732422,28.908615112304688,34.24790954589844,0.21557993071548154,0.9150518876230418,0.2918403379370549,-0.9315860166470125,0.5920193576593347,0.0,False,False
2022-06-21,1.58,3764.79,3.31,3.21,0.10000000000000009,357.42547607421875,62.03150177001953,29.56049156188965,29.458894729614258,34.8857307434082,,,,,,0.0,False,False
2022-06-22,1.58,3759.89,3.16,3.06,0.10000000000000009,356.77752685546875,61.768699645996094,29.494556427001953,29.768842697143555,35.451107025146484,-0.18128232656126064,-0.42365913531767774,-0.2230515509177189,1.052137123181729,1.6206519676963183,0.0,False,False
2022-06-23,1.58,3795.73,3.09,3.01,0.08000000000000007,360.2748718261719,62.69338607788086,29.381513595581055,30.46961212158203,36.14899826049805,0.9802593233737777,1.4970145675467617,-0.38326676212498967,2.354036505778301,1.968602094305627,0.0,False,False
2022-06-24,1.58,3911.74,3.13,3.04,0.08999999999999986,371.72943115234375,64.9466781616211,30.46483039855957,30.999662399291992,36.93522644042969,3.1793944629306736,3.594146407949772,3.687069420213418,1.7396029709696226,2.1749653317248097,0.0,False,False
2022-06-27,1.58,3900.11,3.2,3.08,0.1200000000000001,370.3094787597656,64.5086669921875,30.361207962036133,31.25122833251953,36.80271911621094,,,,,,0.0,False,False
2022-06-28,1.58,3821.55,3.2,3.1,0.10000000000000009,362.74298095703125,62.57657241821289,30.059764862060547,31.134429931640625,36.29917526245117,-2.043290338685355,-2.9950930069731596,-0.9928560825132937,-0.3737401923410766,-1.368224592780054,0.0,False,False
2022-06-29,1.58,3818.83,3.1,3.06,0.040000000000000036,362.447509765625,62.7031135559082,29.890199661254883,31.15689468383789,36.06949996948242,-0.08145469572607977,0.20221807108515844,-0.5640935702051264,0.07215405018363708,-0.6327286813216704,0.0,False,False
2022-06-30,1.58,3785.38,2.98,2.92,0.06000000000000005,359.5029296875,61.86602783203125,29.62643814086914,31.502779006958008,36.09599304199219,-0.8124155908890374,-1.3349986570133865,-0.8824347892451234,1.1101373440131068,0.07345006870675963,0.0,False,False
2022-07-01,1.58,3825.33,2.88,2.84,0.040000000000000036,363.3052978515625,62.00716781616211,30.03150177001953,32.27541732788086,36.74087905883789,1.0576737628724464,0.2281381059635157,1.3672370172356674,2.4526036917320804,1.7865861623351798,0.0,False,False
2022-07-05,1.58,3831.39,2.82,2.82,0.0,363.9913635253906,62.78584671020508,29.92788314819336,31.174863815307617,36.59070587158203,,,,,,0.0,False,False
2022-07-06,1.58,3845.08,2.93,2.97,-0.040000000000000036,365.22064208984375,63.3260612487793,29.852521896362305,31.498289108276367,36.56418991088867,0.3377219043185775,0.8604081443189582,-0.2518094963746331,1.037455351480765,-0.07246638199989164,0.0,False,False
2022-07-07,1.58,3902.62,3.01,3.03,-0.020000000000000018,370.6906433105469,64.63520812988281,30.28584861755371,31.46684455871582,36.59070587158203,1.4977250982866064,2.067311396425664,1.4515581721898263,-0.09982938899461002,0.07251893384752073,0.0,False,False
2022-07-08,1.58,3899.38,3.09,3.12,-0.03000000000000025,370.3857421875,64.6644058227539,30.219911575317383,31.363527297973633,36.422855377197266,-0.08225217672717111,0.04517304688247403,-0.21771568321883317,-0.3283368961555788,-0.4587243956808318,0.0,False,False
2022-07-11,1.58,3854.43,2.99,3.07,-0.07999999999999963,366.15460205078125,63.77378845214844,29.97498321533203,31.56117820739746,36.422855377197266,,,,,,0.0,False,False
2022-07-12,1.58,3818.8,2.96,3.03,-0.06999999999999984,362.9145202636719,62.90264892578125,29.78658103942871,31.408443450927734,36.193172454833984,-0.884894459597696,-1.3659836549005266,-0.6285313808180981,-0.48393236610516643,-0.6306010882031976,0.0,False,False
2022-07-13,1.58,3801.78,2.91,3.13,-0.21999999999999975,361.008544921875,62.7371826171875,29.522815704345703,31.278181076049805,35.998817443847656,-0.525185749088275,-0.26305141582985136,-0.885517323165963,-0.4147368050296696,-0.536993575870881,0.0,False,False
2022-07-14,1.58,3790.38,2.96,3.15,-0.18999999999999995,360.13189697265625,63.31143569946289,28.957605361938477,31.278181076049805,35.64545822143555,-0.24283301920414724,0.9153313207884928,-1.9144865722412363,0.0,-0.9815856394818856,0.0,False,False
2022-07-15,1.58,3863.16,2.93,3.13,-0.19999999999999973,367.0122985839844,64.42593383789062,29.937299728393555,31.336572647094727,36.21967315673828,1.9105226915933304,1.7603425449364662,3.383202285582554,0.18668467614195716,1.6109063088363573,0.0,False,False
2022-07-18,1.58,3830.85,2.96,3.15,-0.18999999999999995,363.9819030761719,63.80299377441406,29.824262619018555,30.90084457397461,35.86630630493164,,,,,,0.0,False,False
2022-07-19,1.58,3936.69,3.01,3.23,-0.2200000000000002,373.8163146972656,65.74970245361328,30.719173431396484,31.098495483398438,36.8557243347168,2.701895764041784,3.0511243501866403,3.0006133724401085,0.6396294733972852,2.7586281714465644,0.0,False,False
2022-07-20,1.58,3959.9,3.04,3.25,-0.20999999999999996,376.1986999511719,66.77656555175781,30.83222198486328,30.685222625732422,36.67020797729492,0.6373144135872311,1.5617760382550694,0.3680064950942086,-1.3289159209860735,-0.5033583270187547,0.0,False,False
2022-07-21,1.58,3998.95,2.91,3.1,-0.18999999999999995,380.0296325683594,67.71585083007812,31.03003692626953,30.766090393066406,37.05007553100586,1.018326915453116,1.4066091458271979,0.6415850972510739,0.26353977717654686,1.0359023705187154,0.0,False,False
2022-07-22,1.58,3961.63,2.77,2.98,-0.20999999999999996,376.5037536621094,66.78144836425781,30.851057052612305,31.188331604003906,37.332767486572266,-0.9277905205499426,-1.379887359261045,-0.5767955548441672,1.372424008195261,0.7629996741297607,0.0,False,False
2022-07-25,1.58,3966.84,2.81,3.0,-0.18999999999999995,376.9610900878906,66.35803985595703,31.04888153076172,31.57914161682129,37.35926818847656,,,,,,0.0,False,False
2022-07-26,1.58,3921.05,2.81,3.02,-0.20999999999999996,372.50128173828125,65.282470703125,30.61555290222168,31.767810821533203,37.429935455322266,-1.1830951434721126,-1.6208573296721318,-1.3956336176255468,0.5974488065610295,0.189155918390016,0.0,False,False
2022-07-27,1.58,4023.61,2.78,2.96,-0.18000000000000016,382.173828125,68.09059143066406,31.086565017700195,31.794761657714844,37.63312911987305,2.596647813285835,4.301492724301315,1.5384733275365159,0.08483693236858159,0.5428640527401329,0.0,False,False
2022-07-28,2.33,4072.43,2.68,2.85,-0.16999999999999993,386.9671630859375,69.12721252441406,31.312650680541992,32.93574905395508,39.02006912231445,1.2542289942915064,1.5224145832329672,0.7272777250013629,3.588601822285975,3.685423016575573,0.75,True,False
2022-07-29,2.32,4130.29,2.67,2.89,-0.2200000000000002,392.6086730957031,70.18816375732422,31.755390167236328,33.21874237060547,39.17025375366211,1.4578782253192868,1.5347808687287356,1.4139316764053333,0.8592284213326806,0.3848907362949072,-0.010000000000000231,False,True
2022-08-01,2.33,4118.63,2.6,2.9,-0.2999999999999998,391.4460144042969,70.03729248046875,31.491634368896484,33.25468063354492,38.8168830871582,,,,,,0.010000000000000231,True,False
2022-08-02,2.33,4091.19,2.75,3.06,-0.31000000000000005,388.86358642578125,69.54088592529297,31.143081665039062,33.187294006347656,38.30450439453125,-0.6597149756258358,-0.7087746221974722,-1.1068104620244101,-0.20263802241808904,-1.3199892723907647,0.0,False,False
2022-08-03,2.33,4155.17,2.73,3.1,-0.3700000000000001,394.9529724121094,71.3902587890625,31.614091873168945,33.39393615722656,38.46352767944336,1.5659439965306055,2.659403657520687,1.5124071959090601,0.6226544135818468,0.41515557354350197,0.0,False,False
2022-08-04,2.33,4151.94,2.68,3.03,-0.34999999999999964,394.68609619140625,71.71631622314453,31.51047134399414,33.4658088684082,38.498863220214844,-0.06757164506782098,0.45672538468508606,-0.3277669008824091,0.2152268329293383,0.0918676546414865,0.0,False,False
2022-08-05,2.33,4145.19,2.83,3.24,-0.41000000000000014,394.01904296875,71.55084991455078,31.73654556274414,33.34452438354492,38.622535705566406,-0.16900854352183137,-0.23072337971027368,0.7174574327435179,-0.36241312839676576,0.32123671975494705,0.0,False,False
2022-08-08,2.33,4140.06,2.77,3.21,-0.43999999999999995,393.5616149902344,70.94252014160156,31.717714309692383,33.39393615722656,38.90522766113281,,,,,,0.0,False,False
2022-08-09,2.33,4122.47,2.8,3.28,-0.48,391.998779296875,70.23196411132812,31.877857208251953,33.76677703857422,39.21441650390625,-0.39710064036558856,-1.0015940071697038,0.5049005013284757,1.1164927656093893,0.7947231294120449,0.0,False,False
2022-08-10,2.33,4210.24,2.78,3.23,-0.4500000000000002,400.23236083984375,72.14945983886719,32.593788146972656,33.915016174316406,39.744468688964844,2.1004099955967304,2.7302322408348845,2.2458565330902402,0.439008838696231,1.3516768380470223,0.0,False,False
2022-08-11,2.33,4207.27,2.87,3.23,-0.3599999999999999,400.23236083984375,71.86717224121094,32.98000717163086,33.910518646240234,39.558956146240234,0.0,-0.3912539307801999,1.18494672333469,-0.013261170370837405,-0.466763171943263,0.0,False,False
2022-08-12,2.33,4280.15,2.84,3.25,-0.41000000000000014,407.00787353515625,73.29801177978516,33.498130798339844,34.46303939819336,40.2303466796875,1.692894767703157,1.9909501013506192,1.5710233900575687,1.6293491636536261,1.697189710884417,0.0,False,False
2022-08-15,2.33,4297.14,2.79,3.2,-0.41000000000000014,408.68499755859375,73.76033782958984,33.488704681396484,34.75053787231445,40.407020568847656,,,,,,0.0,False,False
2022-08-16,2.33,4305.2,2.82,3.25,-0.43000000000000016,409.485595703125,73.5608139038086,33.73362731933594,34.84935760498047,40.24800109863281,0.19589614233794794,-0.27050299883687456,0.7313589470527182,0.2843689298540175,-0.3935441613268642,0.0,False,False
2022-08-17,2.33,4274.04,2.89,3.28,-0.3899999999999997,406.5789794921875,73.03521728515625,33.56406784057617,34.79096603393555,40.13315963745117,-0.7098213567064748,-0.7145062578285732,-0.5026422956376675,-0.16755422497823913,-0.28533457077832836,0.0,False,False
2022-08-18,2.33,4283.74,2.88,3.22,-0.3400000000000003,407.7607116699219,73.41481018066406,33.601749420166016,34.921226501464844,39.85930252075195,0.29065255149449687,0.5197395306236308,0.11226761836147237,0.37440888362294533,-0.6823711842604663,0.0,False,False
2022-08-19,2.33,4228.48,2.98,3.25,-0.27,402.2811584472656,72.0813217163086,32.93291473388672,34.90326690673828,39.47060775756836,-1.3438158865810235,-1.8163752805107514,-1.9904757871859413,-0.051428877292747366,-0.9751669964150222,0.0,False,False
2022-08-22,2.33,4137.99,3.03,3.32,-0.29000000000000004,393.9047546386719,70.07135009765625,32.20756149291992,34.42710876464844,38.64904022216797,,,,,,0.0,False,False
2022-08-23,2.33,4128.73,3.05,3.29,-0.2400000000000002,392.9517822265625,69.88643646240234,32.075679779052734,34.22047424316406,38.06599807739258,-0.24192965453883053,-0.26389335298405703,-0.409474383511399,-0.6002087567009373,-1.5085553002710084,0.0,False,False
2022-08-24,2.33,4140.77,3.11,3.36,-0.25,394.20965576171875,69.93020629882812,32.24524688720703,34.328285217285156,38.36634826660156,0.3201088764704929,0.06262994458063886,0.5286469665563676,0.31504815904950245,0.7890248630768593,0.0,False,False
2022-08-25,2.33,4199.12,3.03,3.35,-0.3200000000000003,399.7748718261719,71.11282348632812,32.74451446533203,34.539405822753906,38.95822525024414,1.4117401700117327,1.69113928027953,1.5483447215381085,0.6150048105590944,1.542698250898722,0.0,False,False
2022-08-26,2.33,4057.66,3.04,3.37,-0.33000000000000007,386.2428894042969,68.07598876953125,31.76481819152832,34.00934600830078,37.96881866455078,-3.3849006967498707,-4.270445986975502,-2.991940145702743,-1.5346523827689307,-2.5396603139337337,0.0,False,False
2022-08-29,2.33,4030.61,3.12,3.42,-0.2999999999999998,383.6890563964844,67.17565155029297,31.538728713989258,34.1126594543457,37.64196014404297,,,,,,0.0,False,False
2022-08-30,2.33,3986.16,3.11,3.46,-0.3500000000000001,379.4769287109375,66.4748306274414,31.369169235229492,33.614044189453125,37.10308074951172,-1.0977971915869023,-1.0432662827644767,-0.5376230611494393,-1.461672214562737,-1.431592277525251,0.0,False,False
2022-08-31,2.33,3955.0,3.15,3.45,-0.30000000000000027,376.5895080566406,65.82755279541016,31.13365936279297,33.39393615722656,36.97056579589844,-0.7608949150361477,-0.9737186630213834,-0.7507685991633872,-0.6548097306768752,-0.3571535056830166,0.0,False,False
2022-09-01,2.33,3966.85,3.26,3.51,-0.25,377.7710876464844,65.50634765625,31.227863311767578,33.87458419799805,37.10308074951172,0.31375796844186343,-0.4879493852041783,0.30257910860034265,1.4393273033417753,0.3584336640798158,0.0,False,False
2022-09-02,2.33,3924.26,3.2,3.4,-0.19999999999999973,373.78778076171875,64.65467834472656,30.982938766479492,33.51072692871094,36.46702575683594,-1.0544234365794547,-1.3001324940182024,-0.7843141326796754,-1.074130584630506,-1.7142915893423538,0.0,False,False
2022-09-06,2.33,3908.19,3.33,3.5,-0.16999999999999993,372.37744140625,64.22639465332031,30.907581329345703,33.596073150634766,36.84688949584961,,,,,,0.0,False,False
2022-09-07,2.33,3979.87,3.27,3.45,-0.18000000000000016,379.067138671875,65.25328063964844,31.5198917388916,34.647216796875,37.553611755371094,1.7964829556704531,1.5988535428012485,1.981101021853604,3.1287693699415975,1.917997066213939,0.0,False,False
2022-09-08,2.33,4006.18,3.29,3.48,-0.18999999999999995,381.5447998046875,65.4771499633789,32.075679779052734,34.620262145996094,37.65962600708008,0.6536206597842709,0.34307749976090207,1.7632929857920754,-0.07779744917731923,0.28230108038496127,0.0,False,False
2022-09-09,2.33,4067.36,3.33,3.56,-0.22999999999999998,387.4722900390625,66.77171325683594,32.367706298828125,34.75951385498047,38.021820068359375,1.5535502613085672,1.9771222391033794,0.9104297143099016,0.402226038604625,0.9617569256030523,0.0,False,False
2022-09-12,2.33,4110.41,3.37,3.58,-0.20999999999999996,391.6366882324219,67.84237670898438,32.631473541259766,35.0919303894043,38.3398551940918,,,,,,0.0,False,False
2022-09-13,2.33,3932.69,3.42,3.75,-0.33000000000000007,374.6073303222656,64.24100494384766,31.416261672973633,34.15758514404297,36.88222122192383,-4.348253986881323,-5.308439856971859,-3.7240483999277596,-2.662564398689926,-3.801876571491569,0.0,False,False
2022-09-14,2.33,3946.01,3.41,3.78,-0.36999999999999966,376.0367126464844,64.47460174560547,31.32206916809082,34.43609619140625,36.43169403076172,0.3815681671229143,0.3636256966434326,-0.29982085667386027,0.8153710111203694,-1.2215294421972112,0.0,False,False
2022-09-15,2.33,3901.35,3.45,3.87,-0.41999999999999993,371.76751708984375,62.9902458190918,31.425687789916992,33.57810974121094,35.636619567871094,-1.1353134981408441,-2.3022335715549347,0.3308166560456183,-2.491532273072894,-2.182370279623258,0.0,False,False
2022-09-16,2.33,3873.33,3.45,3.85,-0.3999999999999999,368.9313049316406,62.63985061645508,31.143081665039062,33.452327728271484,35.64545822143555,-0.7628994002501055,-0.5562689874922144,-0.8992838176436146,-0.37459527623462385,0.024802166062976028,0.0,False,False
2022-09-19,2.33,3899.89,3.49,3.95,-0.45999999999999996,371.7923278808594,63.15066146850586,31.49630355834961,33.90050506591797,35.57770919799805,,,,,,0.0,False,False
2022-09-20,2.33,3855.93,3.57,3.96,-0.3900000000000001,367.5247802734375,62.77986145019531,31.03228187561035,33.40755844116211,34.64168167114258,-1.1478310033308237,-0.587167275350664,-1.4732575899886746,-1.454098172866003,-2.6309381575026713,0.0,False,False
2022-09-21,2.33,3789.93,3.51,4.02,-0.5099999999999998,361.1136779785156,61.799232482910156,30.38834571838379,32.95079040527344,34.133567810058594,-1.7444000075728328,-1.562011996574908,-2.075052552718204,-1.3672595580222935,-1.4667701929356847,0.0,False,False
2022-09-22,3.08,3757.99,3.7,4.11,-0.41000000000000014,358.08038330078125,61.16987228393555,29.876983642578125,32.83320999145508,33.81264114379883,-0.8399833245626431,-1.018394846810844,-1.6827572008841218,-0.3568363986787504,-0.9402083838572328,0.75,True,False
2022-09-23,3.08,3693.23,3.69,4.2,-0.5100000000000002,352.080810546875,60.369754791259766,29.40349769592285,32.45331573486328,33.393653869628906,-1.6754821078446835,-1.3080254425934301,-1.584784971333253,-1.1570426915024967,-1.2391438822777823,0.0,False,False
2022-09-26,3.08,3655.04,3.88,4.27,-0.3899999999999997,348.5977783203125,59.95018768310547,28.93947982788086,31.67091941833496,32.49330139160156,,,,,,0.0,False,False
2022-09-27,3.08,3647.29,3.97,4.3,-0.3299999999999996,347.7078857421875,60.02824401855469,28.816370010375977,31.13727569580078,32.065399169921875,-0.25527775375187023,0.13020198679247752,-0.42540438956431004,-1.6849644163637434,-1.3168936468557324,0.0,False,False
2022-09-28,3.08,3719.04,3.72,4.07,-0.3500000000000001,354.549560546875,60.6624870300293,29.38455581665039,31.47193717956543,32.671592712402344,1.9676501699361415,1.056574320712378,1.971746635921967,1.074793720022793,1.8904911779457745,0.0,False,False
2022-09-29,3.08,3640.47,3.76,4.16,-0.40000000000000036,347.14337158203125,59.081764221191406,29.015233993530273,30.210163116455078,31.76230812072754,-2.0889009010249704,-2.605766572108059,-1.2568569197525359,-4.009203678538142,-2.7831045755220662,0.0,False,False
2022-09-30,3.08,3585.62,3.83,4.22,-0.3899999999999997,341.77532958984375,57.94989013671875,28.75008201599121,29.626766204833984,32.10105514526367,-1.5463472535061862,-1.9157757040482504,-0.9138371160411274,-1.9311279762780353,1.066506323308003,0.0,False,False
2022-10-03,3.08,3678.43,3.67,4.12,-0.4500000000000002,350.798583984375,59.74528121948242,29.52659797668457,30.495084762573242,32.69832992553711,,,,,,0.0,False,False
2022-10-04,3.08,3790.93,3.62,4.1,-0.47999999999999954,361.6686706542969,61.75045394897461,30.625089645385742,31.141794204711914,33.215370178222656,3.098668913214886,3.356202680050857,3.7203462097752826,2.1207005888777886,1.5812436104932104,0.0,False,False
2022-10-05,3.08,3783.28,3.76,4.15,-0.39000000000000057,360.8265686035156,61.95535659790039,30.38834571838379,30.44985580444336,32.60027313232422,-0.23283798656317245,0.3318237127375445,-0.7730391314548335,-2.221896386958533,-1.8518446207223649,0.0,False,False
2022-10-06,3.08,3744.52,3.83,4.23,-0.40000000000000036,357.10443115234375,61.44796371459961,29.962209701538086,29.445865631103516,31.53053092956543,-1.0315585866022658,-0.8189653181948975,-1.402300805693113,-3.2971918809327705,-3.2813903074269235,0.0,False,False
2022-10-07,3.08,3639.66,3.89,4.3,-0.4099999999999997,347.14337158203125,58.92076110839844,29.251977920532227,28.835330963134766,30.78171157836914,-2.7893967986252766,-4.112752406148045,-2.370425239261975,-2.0734138898054533,-2.37490244889641,0.0,False,False
2022-10-10,3.08,3612.39,,,,344.4928283691406,57.930381774902344,29.119403839111328,28.885074615478516,30.434045791625977,,,,,,0.0,False,False
2022-10-11,3.08,3588.84,3.93,4.3,-0.36999999999999966,342.3111572265625,57.04244613647461,28.75008201599121,28.78106117248535,30.719310760498047,-0.6332994370031875,-1.5327633121389517,-1.2683014568590445,-0.36009407757398026,0.9373218757217083,0.0,False,False
2022-10-12,3.08,3577.03,3.91,4.28,-0.3700000000000001,341.18206787109375,56.86680603027344,28.683794021606445,27.822296142578125,30.309249877929688,-0.3298429898156763,-0.30791124521720725,-0.23056627924711304,-3.331235857362358,-1.3348635513517282,0.0,False,False
2022-10-13,3.08,3669.91,3.97,4.47,-0.49999999999999956,350.18621826171875,58.6329231262207,29.86751365661621,28.518760681152344,30.87976837158203,2.639104231593725,3.1057082667999003,4.1267889251962675,2.503260460621637,1.8823246894928314,0.0,False,False
2022-10-14,3.08,3583.07,4.0,4.48,-0.4800000000000004,342.2059326171875,56.98390197753906,29.365619659423828,28.107210159301758,30.104211807250977,-2.278869135440109,-2.812449151020069,-1.6804009967572364,-1.4430869786097422,-2.511536210371257,0.0,False,False
2022-10-17,3.08,3677.95,4.02,4.45,-0.4300000000000006,350.99957275390625,58.720741271972656,30.104259490966797,28.695131301879883,31.227432250976562,,,,,,0.0,False,False
2022-10-18,3.08,3719.98,4.01,4.43,-0.41999999999999993,355.1236877441406,59.21837615966797,30.587209701538086,29.21973991394043,31.637508392333984,1.1749629658740046,0.8474601595890086,1.6042587286234422,1.828214711901932,1.3131919975411854,0.0,False,False
2022-10-19,3.08,3695.16,4.14,4.55,-0.41000000000000014,352.6070556640625,59.0476188659668,30.085315704345703,28.83985137939453,30.844112396240234,-0.708663535250087,-0.2883518677391006,-1.6408623149667179,-1.3001092263817737,-2.5077701639930505,0.0,False,False
2022-10-20,3.08,3665.78,4.24,4.62,-0.3799999999999999,349.650390625,59.081764221191406,29.602359771728516,28.11173439025879,30.692575454711914,-0.8385155633072183,0.05782681144537172,-1.605287899795671,-2.5246905039738365,-0.4912994077495014,0.0,False,False
2022-10-21,3.08,3752.75,4.21,4.49,-0.28000000000000025,358.1474304199219,60.6624870300293,30.483043670654297,28.631820678710938,30.906513214111328,2.4301530965640916,2.6754834248347015,2.975046265625325,1.8500683068219725,0.6970342378569194,0.0,False,False
2022-10-24,3.08,3797.34,4.25,4.5,-0.25,362.5298767089844,61.501625061035156,30.890235900878906,28.871511459350586,30.88869285583496,,,,,,0.0,False,False
2022-10-25,3.08,3859.11,4.1,4.42,-0.3200000000000003,368.3189392089844,62.677406311035156,31.25956153869629,29.45039176940918,32.1099739074707,1.5968511485322523,1.911788914249235,1.1956064013317391,2.0050225318948955,3.9538126696903486,0.0,False,False
2022-10-26,3.08,3830.6,4.04,4.39,-0.34999999999999964,365.54400634765625,61.28208541870117,31.33531951904297,29.436819076538086,32.047576904296875,-0.7534048798271575,-2.226194372833068,0.24235138504069553,-0.046086629262409584,-0.19432280871244378,0.0,False,False
2022-10-27,3.08,3807.3,3.96,4.3,-0.33999999999999986,363.5920104980469,60.58442687988281,31.590999603271484,29.6719913482666,32.065399169921875,-0.5339974984442497,-1.1384379856718474,0.8159485467289951,0.7989051776180256,0.055611897517948705,0.0,False,False
2022-10-28,3.08,3901.06,4.02,4.41,-0.39000000000000057,372.24212646484375,63.21895980834961,32.37698745727539,30.486040115356445,32.82313919067383,2.379072068978627,4.34853156850048,2.488011977697946,2.7434921961764447,2.3631080241244273,0.0,False,False
2022-10-31,3.08,3871.98,4.1,4.51,-0.41000000000000014,369.55328369140625,62.38468933105469,32.17812728881836,30.20111846923828,32.74290084838867,,,,,,0.0,False,False
2022-11-01,3.08,3856.1,4.07,4.54,-0.46999999999999975,367.9361572265625,61.8626594543457,32.26335144042969,30.318696975708008,32.68941116333008,-0.4375895266551355,-0.8367916588295388,0.2648511855472213,0.38931838431575105,-0.16336269442426277,0.0,False,False
2022-11-02,3.08,3759.69,4.1,4.61,-0.5100000000000007,358.7024230957031,59.72575759887695,31.856155395507812,30.024742126464844,31.833620071411133,-2.509602263735544,-3.4542676863832056,-1.2621008876703699,-0.9695497450919022,-2.617945877467942,0.0,False,False
2022-11-03,3.83,3719.89,4.14,4.71,-0.5700000000000003,355.0088195800781,57.96940612792969,31.534183502197266,30.155895233154297,31.81578826904297,-1.0297124518279466,-2.9406934990143907,-1.0107054329473453,0.4368167631116915,-0.0560156285341229,0.75,True,False
2022-11-04,3.83,3770.55,4.17,4.66,-0.4900000000000002,360.1185302734375,59.02809524536133,32.111839294433594,30.341312408447266,32.26151657104492,1.439319366601488,1.8262893966780824,1.831840016393893,0.6148621152162415,1.4009657665331243,0.0,False,False
2022-11-07,3.83,3806.8,4.22,4.72,-0.5,363.5633239746094,60.013607025146484,32.43381118774414,29.762439727783203,32.252601623535156,,,,,,0.0,False,False
2022-11-08,3.83,3828.11,4.14,4.67,-0.5300000000000002,365.5248718261719,60.58930969238281,32.623207092285156,29.970470428466797,32.44873046875,0.5395340294829909,0.9592868947122302,0.5839458811814913,0.698970590402892,0.60810240210738,0.0,False,False
2022-11-09,3.83,3748.57,4.12,4.61,-0.4900000000000002,357.9942932128906,59.01345443725586,32.07396697998047,29.73530387878418,32.09214401245117,-2.0602096310596507,-2.6008800283873645,-1.6835871186759332,-0.7846608555708512,-1.0989226732375346,0.0,False,False
2022-11-10,3.83,3956.37,3.82,4.34,-0.52,377.6675720214844,63.862937927246094,33.69328308105469,31.13727569580078,34.55253982543945,5.495416877188752,8.21758959246537,5.048692923095377,4.7148393799227195,7.666660762938404,0.0,False,False
2022-11-11,3.83,3992.93,,,,381.3228454589844,64.95579528808594,33.96790313720703,30.78904914855957,34.53471755981445,0.967854724178463,1.7112544400710972,0.8150587625779915,-1.1183590711122293,-0.05158018980671031,0.0,False,False
2022-11-14,3.83,3957.25,3.88,4.4,-0.5200000000000005,378.0790100097656,64.39961242675781,33.484954833984375,30.422718048095703,33.616519927978516,,,,,,0.0,False,False
2022-11-15,3.83,3991.73,3.8,4.37,-0.5700000000000003,381.30364990234375,65.18022155761719,33.56071090698242,30.757383346557617,34.03550338745117,0.8529010622660094,1.2121332744776447,0.22623913746826485,1.1000506198454607,1.246361789888728,0.0,False,False
2022-11-16,3.83,3958.79,3.67,4.35,-0.6799999999999997,378.3947448730469,64.28741455078125,33.399715423583984,31.033260345458984,33.79480743408203,-0.762884129234509,-1.369751414616971,-0.47971416292299507,0.8969456074755522,-0.7071908137485816,0.0,False,False
2022-11-17,3.83,3946.56,3.77,4.43,-0.6599999999999997,377.2369689941406,64.3703384399414,33.21979522705078,30.490562438964844,33.49171829223633,-0.3059703906021949,0.1289893048889823,-0.538687812909211,-1.7487621360207872,-0.8968512172672916,0.0,False,False
2022-11-18,3.83,3965.34,3.82,4.51,-0.69,378.9497985839844,64.4435043334961,33.49441146850586,31.13727569580078,33.919612884521484,0.4540460587441508,0.11366398768115626,0.8266644618912578,2.121027639718065,1.2776131357355558,0.0,False,False
2022-11-21,3.83,3949.94,3.83,4.48,-0.6500000000000004,377.5718688964844,63.750736236572266,33.59857940673828,31.277467727661133,34.160308837890625,,,,,,0.0,False,False
2022-11-22,3.83,4003.58,3.76,4.47,-0.71,382.6528625488281,64.98506164550781,33.939491271972656,31.544292449951172,34.32967758178711,1.3457023869902773,1.9361743593910852,1.0146615459759811,0.853089273765173,0.49580565767197715,0.0,False,False
2022-11-23,3.83,4027.26,3.71,4.46,-0.75,385.0642395019531,65.56076049804688,34.08154296875,31.897050857543945,34.3831672668457,0.630173504273035,0.8858941393015574,0.4185439776896338,1.118295514640133,0.15581178975876409,0.0,False,False
2022-11-25,3.83,4026.12,3.68,4.42,-0.7399999999999998,384.9780578613281,65.18022155761719,34.195186614990234,32.082462310791016,34.58819580078125,,,,,,0.0,False,False
2022-11-28,3.83,3963.94,3.69,4.46,-0.77,378.8349304199219,63.78489685058594,33.60805130004883,31.75232696533203,33.616519927978516,,,,,,0.0,False,False
2022-11-29,3.83,3957.63,3.75,4.48,-0.7300000000000004,378.184326171875,63.16040802001953,33.80691909790039,31.51715850830078,34.178138732910156,-0.17173818880051872,-0.979054386541145,0.5917266552472711,-0.7406337724098488,1.6706631326945054,0.0,False,False
2022-11-30,3.83,4080.11,3.68,4.38,-0.6999999999999997,390.0973815917969,66.33158874511719,34.38457489013672,32.304073333740234,34.98044204711914,3.150065879384889,5.020836350665281,1.7086910243536702,2.4967822693540143,2.347416635173416,0.0,False,False
2022-12-01,3.83,4076.57,3.53,4.25,-0.7200000000000002,389.81024169921875,66.4242935180664,34.18570327758789,32.27694320678711,34.909114837646484,-0.07360723402101144,0.13975961484269384,-0.5783744984029893,-0.08398360997029508,-0.20390596944594996,0.0,False,False
2022-12-02,3.83,4071.7,3.51,4.28,-0.7700000000000005,389.3605651855469,66.03887176513672,34.024715423583984,32.1231689453125,34.73975372314453,-0.11535779863343087,-0.5802421561696525,-0.47092157998530615,-0.4764213899979053,-0.4851486933702298,0.0,False,False
2022-12-05,3.83,3998.84,3.6,4.41,-0.81,382.356201171875,64.94115447998047,33.181922912597656,31.942276000976562,34.151390075683594,,,,,,0.0,False,False
2022-12-06,3.83,3941.26,3.51,4.34,-0.8300000000000001,376.8446044921875,63.55071258544922,32.88835144042969,32.14126968383789,33.89286804199219,-1.4414822259440574,-2.141079729279971,-0.884733151063144,0.6229790352298092,-0.7569883191240301,0.0,False,False
2022-12-07,3.83,3933.92,3.42,4.26,-0.8399999999999999,376.20355224609375,63.22871398925781,32.755775451660156,31.992019653320312,33.96418762207031,-0.1701105013716675,-0.5066797571442683,-0.40310925590072433,-0.46435636172963424,0.2104265121197768,0.0,False,False
2022-12-08,3.83,3963.51,3.48,4.31,-0.8299999999999996,379.1507263183594,64.26300048828125,32.7841911315918,32.20004653930664,34.21379470825195,0.7833987889454441,1.6357860752935105,0.08675013654790842,0.6502461808932436,0.7349125760318209,0.0,False,False
2022-12-09,3.83,3934.38,3.57,4.33,-0.7600000000000002,376.3183288574219,63.86783218383789,32.69895553588867,32.0327262878418,34.14247512817383,-0.7470373295709432,-0.6149235196626357,-0.2599899303935893,-0.5196273591114076,-0.2084527036135042,0.0,False,False
2022-12-12,3.83,3990.56,3.61,4.39,-0.7799999999999998,381.7438659667969,65.2631607055664,33.13456344604492,32.76536560058594,34.427738189697266,,,,,,0.0,False,False
2022-12-13,3.83,4019.65,3.51,4.22,-0.71,384.63360595703125,66.03400421142578,33.21979522705078,32.86486053466797,35.185462951660156,0.7569840010175133,1.1811311274625869,0.2572292257438269,0.30365885519143543,2.200913570876528,0.0,False,False
2022-12-14,3.83,3995.32,3.49,4.23,-0.7400000000000002,382.1744079589844,65.47782135009766,32.80312728881836,32.824161529541016,34.846717834472656,-0.6393611894436546,-0.8422673559933647,-1.254276058550563,-0.12383744967978672,-0.9627416801446853,0.0,False,False
2022-12-15,4.33,3895.75,3.44,4.23,-0.7900000000000005,372.82574462890625,63.0286865234375,32.1591911315918,32.42618179321289,34.44556427001953,-2.446177225734447,-3.740403660599967,-1.9630328278062104,-1.2124597180340868,-1.151194687426993,0.5,True,False
2022-12-16,4.33,3852.36,3.48,4.17,-0.69,368.4241638183594,62.19441223144531,31.91297149658203,31.874441146850586,33.4293098449707,-1.1806000186301513,-1.3236421985121982,-0.7656275744071461,-1.7015282584944669,-2.950320154671837,0.0,False,False
2022-12-19,4.33,3817.66,3.57,4.25,-0.6800000000000002,365.3000183105469,61.365089416503906,31.82720947265625,31.747682571411133,33.033531188964844,,,,,,0.0,False,False
2022-12-20,4.33,3821.62,3.69,4.25,-0.56,365.79986572265625,61.45804977416992,31.96061897277832,31.756799697875977,32.96139907836914,0.13683202492600355,0.1514873661065952,0.4191680713846013,0.02871745502790457,-0.21836027817637715,0.0,False,False
2022-12-21,4.33,3878.44,3.68,4.21,-0.5299999999999998,371.26953125,62.47574996948242,32.45613098144531,32.199073791503906,33.294986724853516,1.4952617646641686,1.6559266020514496,1.5503830169529387,1.3926910073923882,1.0120554825091999,0.0,False,False
2022-12-22,4.33,3822.39,3.67,4.24,-0.5700000000000003,365.97296142578125,60.90027618408203,32.17026138305664,32.003021240234375,33.1327018737793,-1.4266104213793485,-2.5217364916306995,-0.8807876655171798,-0.6088763687397192,-0.48741527490406833,0.0,False,False
2022-12-23,4.33,3844.82,3.75,4.31,-0.5599999999999996,368.0780944824219,60.96388626098633,32.351318359375,32.331295013427734,33.43022537231445,0.5752154608469784,0.10444957049460246,0.5628085335163568,1.0257586954967035,0.897975358811931,0.0,False,False
2022-12-27,4.33,3829.25,3.84,4.32,-0.4800000000000004,366.6265869140625,60.386539459228516,32.34177780151367,32.531917572021484,33.403175354003906,,,,,,0.0,False,False
2022-12-28,4.33,3783.22,3.88,4.31,-0.4299999999999997,362.0702819824219,59.412872314453125,32.22743606567383,32.22187805175781,32.871238708496094,-1.242764462335244,-1.612391028687421,-0.3535419003295903,-0.9530318020057771,-1.5924732899504135,0.0,False,False
2022-12-29,4.33,3849.28,3.83,4.34,-0.5099999999999998,368.5876159667969,60.96877670288086,32.6753044128418,32.45440673828125,33.60151672363281,1.8000190318550935,2.618800148548339,1.3897113821133456,0.7216484593167705,2.221632173989141,0.0,False,False
2022-12-30,4.33,3839.5,3.88,4.41,-0.5300000000000002,367.61669921875,60.885597229003906,32.58953857421875,32.14436721801758,33.294986724853516,-0.2634154556441559,-0.1364296257448494,-0.2624790806519339,-0.9553079270987475,-0.9122504835137546,0.0,False,False
2023-01-03,4.33,3824.14,3.79,4.4,-0.6100000000000003,366.06903076171875,60.30824279785156,32.703880310058594,32.14436721801758,33.421199798583984,,,,,,0.0,False,False
2023-01-04,4.33,3852.97,3.69,4.36,-0.6700000000000004,368.8951721191406,60.464820861816406,33.22798538208008,32.436161041259766,34.187538146972656,0.7720241593617505,0.2596296239133933,1.6025776362087685,0.9077603589553007,2.292970788024018,0.0,False,False
2023-01-05,4.33,3808.1,3.71,4.45,-0.7400000000000002,364.6849060058594,59.29055404663086,32.98023223876953,31.733999252319336,33.186790466308594,-1.1413177594857382,-1.9420661443274034,-0.7456159031662524,-2.1647499778018053,-2.9272294377028163,0.0,False,False
2023-01-06,4.33,3895.08,3.55,4.24,-0.6900000000000004,373.0478820800781,61.027488708496094,33.71397018432617,32.37233352661133,34.15148162841797,2.2932059804209093,2.9295301583776245,2.22478101501693,2.0115153757222615,2.9068528428162876,0.0,False,False
2023-01-09,4.33,3892.09,3.53,4.19,-0.6600000000000006,372.83636474609375,61.736942291259766,33.59009552001953,32.591190338134766,34.13343811035156,,,,,,0.0,False,False
2023-01-10,4.33,3919.25,3.61,4.24,-0.6300000000000003,375.4510498046875,62.11858367919922,33.780677795410156,32.60029983520508,34.23262023925781,0.7012956100391099,0.618173453001547,0.5673764020023064,0.027950795831022113,0.29057175132958246,0.0,False,False
2023-01-11,4.33,3969.61,3.54,4.2,-0.6600000000000001,380.19970703125,63.194984436035156,34.09513473510742,32.86475372314453,35.47677993774414,1.2647873082344052,1.7328159997897385,0.930878123884149,0.8112007842758118,3.6344273087793866,0.0,False,False
2023-01-12,4.33,3983.17,3.43,4.12,-0.69,381.58392333984375,63.66468811035156,34.16183853149414,32.64133834838867,35.873477935791016,0.3640761113158808,0.743261001657225,0.19564021935960518,-0.6798023701559686,1.1181905424985317,0.0,False,False
2023-01-13,4.33,3999.09,3.49,4.22,-0.7299999999999995,383.0642395019531,63.84572982788086,34.41912078857422,32.52279281616211,35.66611099243164,0.38793986632161825,0.2843675558662717,0.7531276656637997,-0.36317607740619096,-0.5780508478451241,0.0,False,False
2023-01-17,4.33,3990.97,3.53,4.18,-0.6499999999999999,382.362548828125,64.1343994140625,34.190433502197266,32.477203369140625,35.67512893676758,,,,,,0.0,False,False
2023-01-18,4.33,3928.86,3.37,4.06,-0.6899999999999995,376.3257751464844,63.307518005371094,33.551971435546875,31.69753074645996,35.12516784667969,-1.5788088295107028,-1.2892946940267103,-1.8673704930045942,-2.4006766032739657,-1.5415812261328377,0.0,False,False
2023-01-19,4.33,3898.85,3.39,4.09,-0.6999999999999997,373.5861511230469,62.56871032714844,33.161285400390625,31.37836456298828,34.9538688659668,-0.7279926607129394,-1.1670141264422562,-1.1644205047883882,-1.0069118191716742,-0.48768160044275755,0.0,False,False
2023-01-20,4.33,3972.61,3.48,4.14,-0.6599999999999997,380.5456848144531,64.26160430908203,33.68538284301758,31.565311431884766,35.359580993652344,1.8628992724931015,2.7056558670972786,1.5804497211099555,0.59578270410241,1.1607073575782945,0.0,False,False
2023-01-23,4.33,4019.81,3.52,4.21,-0.69,385.11175537109375,65.72454833984375,34.07607650756836,31.574420928955078,35.4587516784668,,,,,,0.0,False,False
2023-01-24,4.33,4016.95,3.46,4.12,-0.6600000000000001,384.6984558105469,65.69518280029297,34.09513473510742,31.733999252319336,35.61201858520508,-0.10731938321347778,-0.0446797129726062,0.055928467982013785,0.5054038005109396,0.432239995722572,0.0,False,False
2023-01-25,4.33,4016.22,3.46,4.11,-0.6500000000000004,384.84259033203125,65.55818176269531,34.3619499206543,31.305416107177734,35.64808654785156,0.03746688329713255,-0.20854046180848185,0.7825608774384429,-1.3505487969981522,0.10128030951177536,0.0,False,False
2023-01-26,4.33,4060.43,3.49,4.17,-0.6799999999999997,389.0721435546875,66.60523986816406,34.543006896972656,31.410282135009766,36.05379104614258,1.099034599836557,1.5971432967113897,0.5269112397184639,0.334977268703307,1.1380821176654843,0.0,False,False
2023-01-27,4.33,4070.56,3.52,4.19,-0.6700000000000004,389.966064453125,66.88412475585938,34.543006896972656,31.410282135009766,36.37834930419922,0.22975710629662416,0.4187131346532702,0.0,0.0,0.9002056334138642,0.0,False,False
2023-01-30,4.33,4017.77,3.55,4.25,-0.7000000000000002,385.0732727050781,65.60711669921875,34.37147903442383,31.26894187927246,35.936580657958984,,,,,,0.0,False,False
2023-01-31,4.33,4076.6,3.52,4.21,-0.69,390.7351379394531,66.52205657958984,34.838409423828125,31.501466751098633,36.5947265625,1.4703345144162494,1.3945741352507701,1.3584820977201817,0.743628846553035,1.8314093675332765,0.0,False,False
2023-02-01,4.33,4119.21,3.39,4.09,-0.6999999999999997,394.88775634765625,68.08775329589844,34.838409423828125,31.55618667602539,36.86520004272461,1.062770660990986,2.353650498515969,0.0,0.17370595902443942,0.7391050723187353,0.0,False,False
2023-02-02,4.58,4179.76,3.4,4.09,-0.69,400.6361389160156,69.94701385498047,34.93369674682617,31.624576568603516,37.71268081665039,1.4557003796538348,2.7306827866708794,0.2735122658409139,0.21672419826976874,2.298863895879033,0.25,True,False
2023-02-03,4.58,4136.48,3.53,4.3,-0.77,396.3778076171875,69.3647689819336,34.86699676513672,30.963455200195312,36.928314208984375,-1.06289245656912,-0.8324084774426921,-0.1909330758002703,-2.090530341090968,-2.0798484506561854,0.0,False,False
2023-02-06,4.58,4111.08,3.63,4.44,-0.8100000000000005,393.9554138183594,68.51830291748047,34.85746383666992,31.227909088134766,36.693904876708984,,,,,,0.0,False,False
2023-02-07,4.58,4164.0,3.67,4.47,-0.7999999999999998,399.1078186035156,70.23077392578125,35.2576904296875,31.214221954345703,36.54964828491211,1.3078649523349029,2.4992898764045313,1.1481804726038103,-0.04382981182131651,-0.39313502414521917,0.0,False,False
2023-02-08,4.58,4117.86,3.63,4.45,-0.8200000000000003,394.74365234375,69.38433074951172,35.04804992675781,30.689878463745117,36.45047378540039,-1.0934805223901445,-1.2052311671291505,-0.5945951092507396,-1.6798223943159551,-0.2713418710315163,0.0,False,False
2023-02-09,4.57,4081.5,3.67,4.48,-0.8100000000000005,391.32147216796875,69.00269317626953,34.657352447509766,30.27041244506836,36.09886169433594,-0.8669373542709025,-0.5500342355681975,-1.1147481245447732,-1.3667894422334848,-0.9646296866661963,-0.009999999999999787,False,True
2023-02-10,4.58,4090.46,3.74,4.5,-0.7599999999999998,392.2347106933594,68.6846694946289,34.771705627441406,30.872262954711914,36.17099380493164,0.23337296579488687,-0.46088589734928354,0.3299535938437126,1.9882468094405192,0.19981824137966786,0.009999999999999787,True,False
2023-02-13,4.58,4137.29,3.72,4.52,-0.7999999999999994,396.8391418457031,69.87362670898438,35.17192459106445,31.059202194213867,36.504573822021484,,,,,,0.0,False,False
2023-02-14,4.58,4136.13,3.77,4.6,-0.8299999999999996,396.65655517578125,70.17207336425781,34.981346130371094,30.92697525024414,36.12590789794922,-0.046010247142624916,0.42712346464630624,-0.5418482579761297,-0.4257255004262772,-1.037310902240518,0.0,False,False
2023-02-15,4.58,4147.6,3.81,4.62,-0.81,397.9446716308594,70.49989318847656,35.01946258544922,31.127595901489258,36.22507858276367,0.3247435188628911,0.4671656522347023,0.10896223071596989,0.6486914728058846,0.27451402770166666,0.0,False,False
2023-02-16,4.58,4090.41,3.86,4.62,-0.7600000000000002,392.4654235839844,69.27669525146484,34.6668815612793,30.890504837036133,35.891502380371094,-1.3768868984776028,-1.7350351634456862,-1.006814491540542,-0.7616748341357837,-0.920843281624506,0.0,False,False
2023-02-17,4.58,4079.09,3.82,4.6,-0.7799999999999998,391.4849548339844,68.4106674194336,34.67641067504883,31.22334861755371,35.7111930847168,-0.24982296301324647,-1.250099804685667,0.027487657788571873,1.0774954383993007,-0.5023732184387675,0.0,False,False
2023-02-21,4.58,3997.34,3.95,4.67,-0.7199999999999998,383.6313781738281,66.78627014160156,33.96173095703125,30.639724731445312,35.007972717285156,,,,,,0.0,False,False
2023-02-22,4.58,3991.05,3.93,4.66,-0.73,383.1026306152344,66.68842315673828,33.92361068725586,30.52118492126465,34.69240951538086,-0.1378269840988211,-0.14650763496123487,-0.11224477875882988,-0.3868827517859774,-0.9014038157899029,0.0,False,False
2023-02-23,4.58,4012.32,3.88,4.66,-0.7800000000000002,385.14056396484375,67.794189453125,33.95220184326172,30.361600875854492,35.0260009765625,0.5319549349835029,1.6581083253203177,0.08428099316857285,-0.5228632041050618,0.9615690170893032,0.0,False,False
2023-02-24,4.58,3970.04,3.95,4.78,-0.8300000000000001,381.0263977050781,66.58566284179688,33.980796813964844,30.37071990966797,34.37687301635742,-1.0682246028338782,-1.782640401894231,0.08422125562026483,0.03003475953313739,-1.853274544928607,0.0,False,False
2023-02-27,4.57,3982.24,3.92,4.78,-0.8600000000000003,382.32403564453125,66.94283294677734,33.97126770019531,30.16554832458496,34.43095397949219,,,,,,-0.009999999999999787,False,True
2023-02-28,4.57,3970.15,3.92,4.81,-0.8899999999999997,380.9110412597656,66.7960433959961,34.037967681884766,29.636642456054688,34.44899368286133,-0.3695803174873835,-0.21927597670978738,0.19634233929124445,-1.7533441223715918,0.05239385286821552,0.0,False,False
2023-03-01,4.58,3951.39,4.01,4.89,-0.8799999999999999,379.44989013671875,66.30680084228516,33.92361068725586,29.148778915405273,33.91706085205078,-0.38359379613005506,-0.7324424155043086,-0.3359689265166277,-1.6461498341886038,-1.5441171829503664,0.009999999999999787,True,False
2023-03-02,4.57,3981.35,4.08,4.89,-0.8099999999999996,382.4009704589844,67.12387084960938,33.761619567871094,29.700471878051758,34.35883331298828,0.777725965661058,1.2322567171769716,-0.4775173282059342,1.8926794986767526,1.302508088376375,-0.009999999999999787,False,True
2023-03-03,4.57,4045.64,3.97,4.86,-0.8900000000000001,388.53387451171875,68.56724548339844,34.29524612426758,30.206575393676758,34.93583297729492,1.6037888307064874,2.1503149557970724,1.5805715579601642,1.7040251673543505,1.679334274975286,0.0,False,False
2023-03-06,4.57,4048.42,3.98,4.89,-0.9099999999999997,388.8030090332031,68.89505004882812,34.323829650878906,30.35248374938965,34.80060577392578,,,,,,0.0,False,False
2023-03-07,4.57,3986.37,3.97,5.0,-1.0299999999999998,382.8431091308594,68.03881072998047,33.437625885009766,29.85549545288086,33.92608642578125,-1.53288420199309,-1.242816890677645,-2.5818907006679215,-1.6373892186624883,-2.512942889056724,0.0,False,False
2023-03-08,4.57,3992.01,3.98,5.05,-1.0699999999999998,383.46795654296875,68.60150146484375,33.313751220703125,30.083477020263672,34.40391540527344,0.16321239620269434,0.827014359637146,-0.37046489105607705,0.7636167610838074,1.4084412021336812,0.0,False,False
2023-03-09,4.57,3918.32,3.93,4.9,-0.9700000000000002,376.3930969238281,67.6180419921875,31.96061897277832,29.84181785583496,33.61954879760742,-1.8449676168308171,-1.4335830144479367,-4.061782892476817,-0.8032953247589458,-2.2798759920964917,0.0,False,False
2023-03-10,4.57,3861.59,3.7,4.6,-0.8999999999999995,370.9619140625,66.4291000366211,31.37934112548828,29.372188568115234,32.54668045043945,-1.4429549600446734,-1.7583205909804,-1.8187315076254595,-1.5737288190300402,-3.191203884462368,0.0,False,False
2023-03-13,4.58,3855.76,3.55,4.03,-0.4800000000000004,370.4331970214844,66.7911605834961,30.14055633544922,29.823583602905273,33.06958770751953,,,,,,0.009999999999999787,True,False
2023-03-14,4.58,3919.29,3.64,4.2,-0.56,376.55645751953125,68.33238983154297,30.750423431396484,30.2156982421875,33.41218185424805,1.6529999328574574,2.307534761460195,2.0234102156567735,1.3147804251264716,1.0359794919687415,0.0,False,False
2023-03-15,4.58,3891.93,3.51,3.93,-0.4200000000000004,374.2013244628906,68.37152099609375,29.93091583251953,30.626049041748047,33.43022537231445,-0.6254395614815556,0.05726590954486799,-2.665028664419067,1.358071543710393,0.054002812941456035,0.0,False,False
2023-03-16,4.58,3960.28,3.56,4.14,-0.5799999999999996,380.76678466796875,70.28949737548828,30.502666473388672,30.831226348876953,33.43022537231445,1.7545261803928236,2.805227017699541,1.9102343679304967,0.6699437686174203,0.0,0.0,False,False
2023-03-17,4.58,3916.64,3.39,3.81,-0.41999999999999993,376.3146057128906,70.19163513183594,29.521167755126953,30.534860610961914,32.66388702392578,-1.1692666310062827,-0.13922740566710834,-3.2177472717606626,-0.9612518638131728,-2.292351726181663,0.0,False,False
2023-03-20,4.58,3951.57,3.47,3.92,-0.44999999999999973,379.9331359863281,70.38092041015625,29.84963607788086,30.77370262145996,33.014366149902344,,,,,,0.0,False,False
2023-03-21,4.58,4002.87,3.59,4.17,-0.5800000000000001,384.9218444824219,70.9497299194336,30.606172561645508,30.153636932373047,32.82368850708008,1.313049066684524,0.808187085310208,2.534491481875234,-2.0149206506418715,-0.5775596052836174,0.0,False,False
2023-03-22,4.58,3936.97,3.48,3.96,-0.48,378.36029052734375,70.24360656738281,29.89751625061035,29.56112289428711,31.625146865844727,-1.7046457739754883,-0.9952445948034128,-2.315403239682501,-1.9649836582392943,-3.6514532514431597,0.0,False,False
2023-03-23,4.83,3948.72,3.38,3.76,-0.3799999999999999,379.3831481933594,71.38614654541016,29.6964168548584,29.257984161376953,31.434471130371094,0.27033959208297986,1.6265394586927107,-0.6726291042582822,-1.0254642017294313,-0.6029244268255463,0.25,True,False
2023-03-24,4.83,3970.99,3.38,3.76,-0.3799999999999999,381.8726501464844,71.5724868774414,29.677261352539062,30.17201042175293,32.242576599121094,0.6561972942077388,0.26103150407861264,-0.06450442291727754,3.1240233617412683,2.57076209553031,0.0,False,False
2023-03-27,4.83,3977.53,3.53,3.94,-0.41000000000000014,382.586669921875,71.01837921142578,30.08904457092285,30.2087459564209,32.13361740112305,,,,,,0.0,False,False
2023-03-28,4.83,3971.27,3.55,4.02,-0.46999999999999975,381.7279357910156,70.68492889404297,30.0794677734375,30.29142951965332,32.024662017822266,-0.22445479635626597,-0.46952679163532185,-0.03182818737490489,0.27370736723630884,-0.33906977213519207,0.0,False,False
2023-03-29,4.83,4027.81,3.57,4.08,-0.5100000000000002,387.2762756347656,72.16582489013672,30.519987106323242,30.732364654541016,32.78737258911133,1.4534801683436571,2.0950661184276242,1.4645183758030367,1.4556432029779742,2.381635037598828,0.0,False,False
2023-03-30,4.83,4050.83,3.55,4.1,-0.5499999999999998,389.5438537597656,73.00432586669922,30.452953338623047,30.865558624267578,33.21412658691406,0.5855195031720717,1.1619086705362491,-0.21963891225336152,0.43339967888504916,1.3015803466498443,0.0,False,False
2023-03-31,4.83,4109.31,3.48,4.06,-0.5799999999999996,395.0343322753906,74.04878234863281,30.788124084472656,31.09063148498535,33.940513610839844,1.4094635206363781,1.430677524289048,1.1006181966085826,0.7292039112514637,2.1869821626198327,0.0,False,False
2023-04-03,4.83,4124.51,3.43,3.97,-0.54,396.53961181640625,73.93109893798828,30.845579147338867,30.87934684753418,33.62270736694336,,,,,,0.0,False,False
2023-04-04,4.83,4100.6,3.35,3.84,-0.48999999999999977,394.3396301269531,73.52410125732422,30.55829429626465,31.035507202148438,33.631797790527344,-0.5547949369738348,-0.5505094425898416,-0.9313647498786048,0.5057113266847768,0.027036560395843345,0.0,False,False
2023-04-05,4.83,4090.38,3.3,3.79,-0.4900000000000002,393.3071594238281,72.68557739257812,30.519987106323242,31.83930015563965,33.45927429199219,-0.2618227092196168,-1.1404748244543295,-0.12535774925791499,2.589914024139328,-0.5129773305896479,0.0,False,False
2023-04-06,4.83,4105.02,3.3,3.82,-0.52,394.84136962890625,73.09750366210938,30.634904861450195,32.06435775756836,33.686275482177734,0.3900793993492746,0.5667235293549622,0.37653277744387204,0.7068547387303337,0.6784402680242163,0.0,False,False
2023-04-10,4.83,4109.11,3.41,4.0,-0.5899999999999999,395.24658203125,73.05827331542969,30.701936721801758,32.000057220458984,33.85879135131836,,,,,,0.0,False,False
2023-04-11,4.83,4108.94,3.43,4.03,-0.6000000000000001,395.35272216796875,72.37176513671875,30.970075607299805,32.027618408203125,34.0222282409668,0.026854156757849523,-0.9396720556848259,0.8733614687819857,0.08612855769056793,0.4827014879315028,0.0,False,False
2023-04-12,4.83,4091.95,3.41,3.95,-0.54,393.7413330078125,71.95986938476562,30.903043746948242,31.995464324951172,33.92235565185547,-0.4075826647455427,-0.5691387396383196,-0.21644073847776335,-0.10039486184123536,-0.2935509937913805,0.0,False,False
2023-04-13,4.83,4146.22,3.45,3.96,-0.5099999999999998,398.97125244140625,73.29853820800781,31.180757522583008,32.000057220458984,33.81338882446289,1.3282627438786054,1.8602991287885784,0.8986615619770211,0.014354833113738863,-0.3212242348700767,0.0,False,False
2023-04-14,4.83,4137.64,3.52,4.08,-0.56,397.9966735839844,72.89154052734375,31.487205505371094,31.641796112060547,33.23228454589844,-0.2442729523639109,-0.5552602966092945,0.982811217996038,-1.119563961808745,-1.7185626722632463,0.0,False,False
2023-04-17,4.83,4151.32,3.6,4.18,-0.5799999999999996,399.4248046875,73.1563491821289,31.85110092163086,31.816329956054688,33.98590850830078,,,,,,0.0,False,False
2023-04-18,4.83,4154.87,3.58,4.19,-0.6100000000000003,399.6853332519531,73.38190460205078,31.946868896484375,31.650981903076172,33.93143081665039,0.0652259352437845,0.308319677572122,0.30067398640050147,-0.5196955563602002,-0.16029493999575317,0.0,False,False
2023-04-19,4.83,4154.52,3.6,4.24,-0.6400000000000001,399.6177978515625,73.17105102539062,32.023475646972656,31.8944149017334,34.13118362426758,-0.016897142519878283,-0.28733729085339554,0.23979423691413704,0.7691167351543182,0.5886955038723718,0.0,False,False
2023-04-20,4.83,4129.79,3.54,4.14,-0.5999999999999996,397.4370422363281,72.69048309326172,31.92772102355957,31.88523292541504,33.722591400146484,-0.545710332962801,-0.6567733077418092,-0.2990138374381557,-0.028788665183698825,-1.1971229261166894,0.0,False,False
2023-04-21,4.83,4133.52,3.57,4.17,-0.6000000000000001,397.7458190917969,72.45513153076172,31.812801361083984,31.977087020874023,33.7589111328125,0.07769201726424146,-0.32377218101308225,-0.3599369412893183,0.2880772289600264,0.10770148780991917,0.0,False,False
2023-04-24,4.83,4137.04,3.52,4.12,-0.6000000000000001,398.16070556640625,72.13639068603516,31.736186981201172,32.13785171508789,33.668121337890625,,,,,,0.0,False,False
2023-04-25,4.83,4071.63,3.4,3.86,-0.45999999999999996,391.8404235839844,70.5966796875,31.19033432006836,32.10569763183594,33.359397888183594,-1.5873695957593137,-2.1344441881443132,-1.7199692623948382,-0.10005050597970966,-0.9169607255739232,0.0,False,False
2023-04-26,4.83,4055.99,3.43,3.9,-0.46999999999999975,390.1806945800781,71.64604187011719,30.893463134765625,31.352428436279297,33.086997985839844,-0.4235726852082955,1.4864186067421903,-0.9518050760735974,-2.346216563161363,-0.816561207899491,0.0,False,False
2023-04-27,4.83,4135.35,3.53,4.07,-0.5400000000000005,397.9483947753906,73.16614532470703,31.391435623168945,31.729061126708984,33.88603591918945,1.990795624491959,2.1216851830357264,1.6119024475534927,1.2012871385550072,2.4149605040976185,0.0,False,False
2023-04-28,4.83,4169.48,3.44,4.04,-0.6000000000000001,401.344970703125,73.96053314208984,31.76491355895996,31.683137893676758,34.276466369628906,0.8535217059115086,1.0857314046781585,1.1897446815569257,-0.14473555599023857,1.1521868517478495,0.0,False,False
2023-05-01,4.83,4167.87,3.59,4.14,-0.5499999999999998,400.93975830078125,74.004638671875,31.678730010986328,31.73825454711914,33.958675384521484,,,,,,0.0,False,False
2023-05-02,4.83,4119.58,3.44,3.97,-0.5300000000000002,396.4334716796875,73.3132553100586,30.96050262451172,31.352428436279297,33.37755584716797,-1.123931096330233,-0.9342432774814169,-2.267222790261869,-1.2156500612440446,-1.7112550203250643,0.0,False,False
2023-05-03,4.83,4090.75,3.38,3.89,-0.5100000000000002,393.7124328613281,72.6954116821289,30.606172561645508,31.265161514282227,33.168724060058594,-0.6863796860619109,-0.8427447742112681,-1.144458367370571,-0.27834182661299334,-0.6256653065478845,0.0,False,False
2023-05-04,5.08,4061.22,3.37,3.75,-0.3799999999999999,390.9237060546875,72.34724426269531,30.21354103088379,31.50400161743164,33.47743606567383,-0.7083156572865623,-0.4789400202532823,-1.282850803937996,0.763917701305683,0.9307322315330824,0.25,True,False
2023-05-05,5.08,4136.25,3.44,3.92,-0.48,398.16070556640625,74.16158294677734,30.96050262451172,31.706096649169922,33.994991302490234,1.851256242492072,2.5078200318095156,2.4722742457244484,0.6414900373369115,1.545982302232174,0.0,False,False
2023-05-08,5.08,4138.12,3.52,4.0,-0.48,398.266845703125,74.12234497070312,31.008378982543945,31.609642028808594,33.7589111328125,,,,,,0.0,False,False
2023-05-09,5.08,4119.17,3.53,4.01,-0.48,396.5203552246094,73.55352783203125,30.893463134765625,31.56830596923828,33.64995193481445,-0.4385226883328097,-0.7674030535551712,-0.3705961148211312,-0.1307704134473897,-0.32275684950081596,0.0,False,False
2023-05-10,5.08,4137.64,3.43,3.9,-0.46999999999999975,398.3730163574219,74.45088195800781,30.72109031677246,31.857669830322266,33.967750549316406,0.4672297672494219,1.2200014770546108,-0.5579588705909355,0.9166277764982134,0.9444251662456438,0.0,False,False
2023-05-11,5.08,4130.62,3.39,3.89,-0.5,397.67822265625,74.11742401123047,30.673208236694336,31.531564712524414,33.6136360168457,-0.17440782197670757,-0.44788985436791107,-0.15586061426987596,-1.023631419167581,-1.042502157911751,0.0,False,False
2023-05-12,5.08,4124.08,3.46,3.98,-0.52,397.1571960449219,74.01937103271484,30.54871368408203,31.706096649169922,33.67719268798828,-0.13101713436757256,-0.13229409929407243,-0.4058739198443906,0.5535149880341539,0.18908002428159598,0.0,False,False
2023-05-15,5.08,4136.28,3.5,3.99,-0.4900000000000002,398.52740478515625,74.6323013305664,30.797698974609375,31.306507110595703,33.6136360168457,,,,,,0.0,False,False
2023-05-16,5.08,4109.9,3.54,4.06,-0.5199999999999996,395.8641357421875,74.71077728271484,30.51041030883789,30.61294174194336,32.71472930908203,-0.6682775164243759,0.10515011697260768,-0.9328250984215858,-2.215403226563095,-2.6742322886853964,0.0,False,False
2023-05-17,5.08,4158.77,3.57,4.12,-0.5500000000000003,400.66961669921875,75.70619201660156,31.123292922973633,30.50271224975586,33.141483306884766,1.2139217784964629,1.3323576197312725,2.0087655588106212,-0.36007481122427576,1.3044705147056357,0.0,False,False
2023-05-18,5.08,4198.05,3.65,4.24,-0.5900000000000003,404.5292663574219,77.2557144165039,31.353132247924805,30.410846710205078,32.93265151977539,0.9632998104522006,2.04675781283854,0.7384801008042396,-0.30117170826838846,-0.6301220291669685,0.0,False,False
2023-05-19,5.08,4191.98,3.7,4.28,-0.5800000000000001,403.9406433105469,77.22138977050781,31.219058990478516,30.36491584777832,32.87816619873047,-0.14550814881090224,-0.044429912085264256,-0.42762316819291435,-0.15103447419418936,-0.16544468340851104,0.0,False,False
2023-05-22,5.08,4192.63,3.72,4.29,-0.5699999999999998,404.104736328125,77.36849975585938,31.276521682739258,30.374101638793945,33.09608840942383,,,,,,0.0,False,False
2023-05-23,5.08,4145.58,3.7,4.26,-0.5599999999999996,399.569580078125,76.22596740722656,30.912616729736328,30.268465042114258,32.6874885559082,-1.1222724809435425,-1.4767409892115446,-1.1635083871994634,-0.34778508986342827,-1.2345865422551894,0.0,False,False
2023-05-24,5.08,4115.24,3.73,4.31,-0.5799999999999996,396.67474365234375,75.66696166992188,30.51041030883789,30.070959091186523,31.970182418823242,-0.7244886923612248,-0.7333534178953438,-1.3011076493939622,-0.6525139304319971,-2.1944363693102042,0.0,False,False
2023-05-25,5.08,4151.28,3.83,4.5,-0.6699999999999999,400.1098937988281,78.56986999511719,30.50083351135254,29.666763305664062,32.04281997680664,0.8659866052614262,3.8364277633592847,-0.03138862240268381,-1.344139986678794,0.22720407732372827,0.0,False,False
2023-05-26,5.08,4205.45,3.8,4.54,-0.7400000000000002,405.29156494140625,80.80099487304688,30.749820709228516,29.666763305664062,32.41509246826172,1.2950619874407376,2.8396698099008466,0.8163291596057665,0.0,1.16179690715279,0.0,False,False
2023-05-30,5.08,4205.52,3.69,4.46,-0.77,405.44598388671875,81.23251342773438,30.74024200439453,29.551939010620117,32.514976501464844,,,,,,0.0,False,False
2023-05-31,5.08,4179.83,3.64,4.4,-0.7600000000000002,403.19769287109375,80.55583190917969,30.41464614868164,29.822933197021484,32.723812103271484,-0.5545229463299273,-0.8330180736764614,-1.059184425634463,0.9170098324308817,0.6422751122001635,0.0,False,False
2023-06-01,5.08,4221.02,3.61,4.33,-0.7200000000000002,407.0284729003906,81.37472534179688,30.74024200439453,29.602458953857422,32.73289108276367,0.9500996898118785,1.0165538772418437,1.0705232410767485,-0.7392775274904229,0.02774425993994356,0.0,False,False
2023-06-02,5.08,4282.37,3.69,4.5,-0.81,412.91461181640625,81.84056091308594,31.410587310791016,29.91020393371582,33.42295837402344,1.4461246099252811,0.5724573193118809,2.1806767373550695,1.0395926241738573,2.108177030604974,0.0,False,False
2023-06-05,5.08,4273.79,3.69,4.46,-0.77,412.12335205078125,81.36982727050781,31.24778938293457,30.05258560180664,33.26860427856445,,,,,,0.0,False,False
2023-06-06,5.08,4283.85,3.7,4.51,-0.8099999999999996,413.02069091796875,81.35018920898438,31.640424728393555,30.029619216918945,33.46835708618164,0.21773550630466154,-0.024134328635294633,1.2565219915153802,-0.07642066207546039,0.6004243699093026,0.0,False,False
2023-06-07,5.08,4267.52,3.79,4.56,-0.7699999999999996,411.59259033203125,80.13412475585938,31.76491355895996,30.539447784423828,34.08578109741211,-0.3457697440686136,-1.4948514133150903,0.3934486709171514,1.6977523551735318,1.8447992820221026,0.0,False,False
2023-06-08,5.08,4293.93,3.73,4.52,-0.7899999999999996,414.0821838378906,81.00204467773438,31.736186981201172,30.67265510559082,33.876953125,0.6048683976188851,1.0830840475505976,-0.09043493131334346,0.43618117166785986,-0.612654208554908,0.0,False,False
2023-06-09,5.08,4298.86,3.75,4.59,-0.8399999999999999,414.8251647949219,81.40413665771484,31.74576187133789,30.49352264404297,33.70443344116211,0.17942838065259092,0.496397321302422,0.030170260032780227,-0.5840135486516851,-0.5092538375612521,0.0,False,False
2023-06-12,5.08,4338.93,3.73,4.55,-0.8199999999999998,418.5883483886719,83.17432403564453,31.736186981201172,30.438405990600586,33.686275482177734,,,,,,0.0,False,False
2023-06-13,5.08,4369.01,3.84,4.67,-0.8300000000000001,421.34808349609375,83.67938995361328,31.92772102355957,30.433813095092773,33.93143081665039,0.6592957300520341,0.6072377789957173,0.6035193908828784,-0.0150891459599789,0.7277602850524589,0.0,False,False
2023-06-14,5.08,4372.59,3.83,4.74,-0.9100000000000001,421.849853515625,84.54241943359375,31.803218841552734,30.41543960571289,34.11302947998047,0.11908681662151643,1.0313524996524048,-0.3899501061004784,-0.060371959709659695,0.5351930612986999,0.0,False,False
2023-06-15,5.07,4425.84,3.72,4.62,-0.8999999999999999,427.0798034667969,85.63102722167969,32.22459030151367,30.746145248413086,34.25830841064453,1.239765738351295,1.2876468350199177,1.3249333724999923,1.0872952914285028,0.4258751945479311,-0.009999999999999787,False,True
2023-06-16,5.08,4409.59,3.77,4.7,-0.9300000000000002,425.62506103515625,84.92489624023438,32.157554626464844,30.911497116088867,34.22198486328125,-0.3406254334276215,-0.8246204726906958,-0.2080264618466776,0.5377970680221056,-0.10602843236706683,0.009999999999999787,True,False
2023-06-20,5.07,4388.71,3.74,4.68,-0.9399999999999995,423.4169006347656,84.35096740722656,31.91706657409668,30.548967361450195,33.85438537597656,,,,,,-0.009999999999999787,False,True
2023-06-21,5.07,4365.69,3.72,4.68,-0.9599999999999995,421.24737548828125,83.10284423828125,31.87858772277832,30.794357299804688,33.70770263671875,-0.5123851086793918,-1.4796785470398532,-0.1205588590951101,0.8032675391317801,-0.4332754460871113,0.0,False,False
2023-06-22,5.07,4381.89,3.8,4.77,-0.9699999999999998,422.7679748535156,83.78096008300781,31.62849235534668,30.5582218170166,33.23101043701172,0.3609753920654768,0.8159959516935489,-0.7845246144732365,-0.7668141292547226,-1.4141936780578956,0.0,False,False
2023-06-23,5.07,4348.33,3.74,4.71,-0.9699999999999998,419.5718688964844,82.87189483642578,31.49381446838379,30.109107971191406,32.87349319458008,-0.7559952851534324,-1.0850499274314251,-0.42581190861006313,-1.469698886651516,-1.075854263021292,0.0,False,False
2023-06-26,5.07,4328.82,3.72,4.65,-0.9300000000000002,417.85760498046875,82.27732849121094,31.426477432250977,30.405433654785156,33.60686492919922,,,,,,0.0,False,False
2023-06-27,5.07,4378.41,3.77,4.74,-0.9700000000000002,422.4386901855469,83.89888763427734,31.67658042907715,30.414697647094727,33.97355270385742,1.096326870799036,1.9708456421742238,0.7958352868702612,0.030468213065959482,1.0911097343674125,0.0,False,False
2023-06-28,5.07,4376.86,3.71,4.71,-1.0,422.6517333984375,83.94802856445312,31.599620819091797,29.9655818939209,34.065223693847656,0.05043174733758704,0.05857161109215081,-0.24295428655142226,-1.4766405321038234,0.26983044955386504,0.0,False,False
2023-06-29,5.07,4396.44,3.85,4.87,-1.02,424.31756591796875,84.09545135498047,32.14793014526367,29.9655818939209,34.37690734863281,0.3941383384699959,0.1756119745136786,1.73517691655527,0.0,0.9149614210267165,0.0,False,False
2023-06-30,5.08,4450.38,3.81,4.87,-1.06,429.3248291015625,85.4320068359375,32.42688751220703,30.298940658569336,34.55108642578125,1.1800744503143612,1.589331479196443,0.8677304127602037,1.1124721883544186,0.5066746562801594,0.009999999999999787,True,False
2023-07-03,5.08,4455.59,3.86,4.94,-1.0800000000000005,429.8187561035156,85.25020599365234,32.609657287597656,30.525814056396484,34.82609939575195,,,,,,0.0,False,False
2023-07-05,5.08,4446.82,3.95,4.94,-0.9900000000000002,429.17950439453125,84.72441864013672,32.54232406616211,30.873064041137695,35.00027847290039,,,,,,0.0,False,False
2023-07-06,5.08,4411.59,4.05,4.99,-0.9400000000000004,425.8188171386719,84.49838256835938,32.263362884521484,30.49803352355957,34.80777359008789,-0.783049335172814,-0.2667897583781831,-0.857225750298185,-1.2147499097543535,-0.5500095748139588,0.0,False,False
2023-07-07,5.08,4398.95,4.06,4.94,-0.8800000000000008,424.7437438964844,84.12984466552734,32.311458587646484,30.27579116821289,34.642757415771484,-0.25247199017919275,-0.43614787837374935,0.14907219466595567,-0.7287104434946512,-0.4740785097596678,0.0,False,False
2023-07-10,5.07,4409.53,4.01,4.85,-0.8399999999999999,425.8188171386719,84.35096740722656,32.45575714111328,30.146150588989258,34.761932373046875,,,,,,-0.009999999999999787,False,True
2023-07-11,5.08,4439.26,3.99,4.88,-0.8899999999999997,428.5306091308594,84.53277587890625,32.840518951416016,30.521183013916016,35.15612030029297,0.636841746546013,0.215538099049839,1.185496331605651,1.2440474740537333,1.1339643694598944,0.009999999999999787,True,False
2023-07-12,5.08,4472.16,3.86,4.72,-0.8599999999999999,431.97857666015625,85.49098205566406,33.052146911621094,30.965665817260742,35.32113265991211,0.8046023914814349,1.1335321321169545,0.6444111328391511,1.4563092234729735,0.4693702212009043,0.0,False,False
2023-07-13,5.08,4510.04,3.76,4.59,-0.8300000000000001,435.4071350097656,86.60641479492188,33.16758346557617,31.072153091430664,35.55947494506836,0.7936871259026868,1.304737309639914,0.3492558418784375,0.34388821089248456,0.6747866424644977,0.0,False,False
2023-07-14,5.08,4505.42,3.83,4.74,-0.9100000000000001,435.13592529296875,86.4786605834961,32.94633483886719,30.951770782470703,35.55947494506836,-0.06228876262921457,-0.14751125736851556,-0.6670628474896634,-0.3874282821847985,0.0,0.0,False,False
2023-07-17,5.08,4522.79,3.81,4.74,-0.9300000000000002,436.6468200683594,87.58426666259766,33.2637825012207,30.59526252746582,35.2569580078125,,,,,,0.0,False,False
2023-07-18,5.08,4554.98,3.8,4.74,-0.9400000000000004,439.8913879394531,88.57685852050781,33.63893127441406,30.359128952026367,34.96361541748047,0.7430645826267179,1.1332992736400094,1.1277995013934117,-0.7717978403600001,-0.8320133298710286,0.0,False,False
2023-07-19,5.08,4565.72,3.75,4.74,-0.9900000000000002,440.86956787109375,88.35574340820312,33.78322219848633,30.669342041015625,35.3486328125,0.2223685115143148,-0.24963079070307037,0.42894027427682335,1.0218115594800459,1.1011944572157706,0.0,False,False
2023-07-20,5.08,4534.87,3.85,4.8,-0.9499999999999997,437.94464111328125,86.59168243408203,34.033321380615234,31.229578018188477,35.22945785522461,-0.6634449213486437,-1.9965436383361568,0.7403058851506161,1.8266970853943354,-0.33714163121253415,0.0,False,False
2023-07-21,5.08,4536.34,3.84,4.82,-0.9800000000000004,437.94464111328125,86.54745483398438,33.91790008544922,31.69721031188965,35.38529968261719,0.0,-0.051076037391151186,-0.33914202459168763,1.497401897101569,0.4423622640831182,0.0,False,False
2023-07-24,5.08,4554.64,3.86,4.81,-0.9499999999999997,439.9010314941406,86.69978332519531,34.24494934082031,31.61387062072754,35.7244873046875,,,,,,0.0,False,False
2023-07-25,5.08,4567.46,3.91,4.85,-0.9399999999999995,441.1020202636719,87.69236755371094,34.02369689941406,31.66943359375,35.4586296081543,0.2730134015489938,1.1448520289752295,-0.646087804669393,0.17575504653970508,-0.7441889767815346,0.0,False,False
2023-07-26,5.08,4566.75,3.86,4.82,-0.9600000000000004,441.16986083984375,86.51305389404297,34.2257194519043,31.66943359375,35.586978912353516,0.0153797926682131,-1.3448304482663764,0.5937701393457839,0.0,0.36196916129467294,0.0,False,False
2023-07-27,5.33,4537.41,4.01,4.91,-0.9000000000000004,438.2449035644531,86.262451171875,33.7928466796875,31.109203338623047,34.83527374267578,-0.6630002488888231,-0.2896704149120577,-1.2647587228227342,-1.7689936053593147,-2.1123039736783866,0.25,True,False
2023-07-28,5.33,4582.23,3.96,4.87,-0.9100000000000001,442.5354309082031,87.43687438964844,33.86017608642578,31.039749145507812,34.73442840576172,0.9790250403035161,1.361453566202786,0.19924159505257943,-0.22325931126948584,-0.2894920179442151,0.0,False,False
2023-07-31,5.33,4588.96,3.97,4.88,-0.9099999999999997,443.3780517578125,87.63834381103516,33.985233306884766,31.05364227294922,35.00944519042969,,,,,,0.0,False,False
2023-08-01,5.33,4576.73,4.05,4.92,-0.8700000000000001,442.1092529296875,87.78572845458984,33.985233306884766,30.673973083496094,34.94527053833008,-0.28616635918145006,0.1681736978878412,0.0,-1.2226236977807114,-0.18330668124141303,0.0,False,False
2023-08-02,5.33,4513.39,4.08,4.88,-0.7999999999999998,435.95916748046875,85.61380767822266,33.696651458740234,30.673973083496094,34.79859924316406,-1.3910782026081758,-2.4741160261496087,-0.849138934956406,0.0,-0.419717154586452,0.0,False,False
2023-08-03,5.33,4501.89,4.2,4.9,-0.7000000000000002,434.7098083496094,85.26495361328125,33.71588134765625,29.974836349487305,34.3219108581543,-0.2865770980524984,-0.4074740680295008,0.05706765534125857,-2.279250660179244,-1.369849348471719,0.0,False,False
2023-08-04,5.33,4478.03,4.05,4.78,-0.7300000000000004,432.7436828613281,84.10528564453125,33.58122253417969,29.627586364746094,33.98271942138672,-0.4522845931969499,-1.36007576337831,-0.39939283238082934,-1.1584716616714785,-0.9882650128933412,0.0,False,False
2023-08-07,5.33,4518.44,4.09,4.76,-0.6699999999999999,436.52093505859375,84.34114837646484,34.05256652832031,29.622957229614258,34.41357421875,,,,,,0.0,False,False
2023-08-08,5.33,4499.38,4.02,4.74,-0.7200000000000006,434.6226501464844,83.6925048828125,33.744747161865234,29.761857986450195,34.23939895629883,-0.43486686654663487,-0.7690712139192812,-0.9039534984802811,0.4688956465733085,-0.5061237212503067,0.0,False,False
2023-08-09,5.33,4467.71,4.0,4.79,-0.79,431.7170715332031,82.61146545410156,33.4946403503418,29.826675415039062,34.3219108581543,-0.6685290360044394,-1.291680097548309,-0.7411725751677367,0.21778690234453002,0.24098525199225396,0.0,False,False
2023-08-10,5.33,4468.83,4.09,4.82,-0.7300000000000004,431.8720397949219,82.62129974365234,33.523502349853516,29.734079360961914,34.21190643310547,0.03589579192881942,0.011904267157980541,0.08616900856326382,-0.310447117517032,-0.3205078688755303,0.0,False,False
2023-08-11,5.33,4464.05,4.16,4.89,-0.7299999999999995,431.62017822265625,82.01197052001953,33.5908317565918,29.896129608154297,34.27606964111328,-0.058318564078663204,-0.7374965360305019,0.2008424001634035,0.5449983677824566,0.18754642666076737,0.0,False,False
2023-08-14,5.33,4489.72,4.19,4.96,-0.7699999999999996,434.0027770996094,83.31905364990234,33.523502349853516,29.659996032714844,34.09272384643555,,,,,,0.0,False,False
2023-08-15,5.33,4437.86,4.21,4.92,-0.71,428.9471435546875,82.49845123291016,32.907867431640625,29.1784725189209,33.74437713623047,-1.16488506795005,-0.9848916676853614,-1.8364278045536087,-1.6234780114698144,-1.0217626252866818,0.0,False,False
2023-08-16,5.33,4404.33,4.28,4.97,-0.6899999999999995,425.7994384765625,81.71222686767578,32.85976791381836,29.30811309814453,33.33185577392578,-0.7338212004490696,-0.9530171215150429,-0.14616418983145474,0.44430214480750685,-1.2224891887596123,0.0,False,False
2023-08-17,5.33,4370.36,4.3,4.94,-0.6400000000000006,422.5549011230469,80.93585205078125,32.69623565673828,29.24329376220703,33.08433532714844,-0.7619872316234177,-0.9501329808962233,-0.4976671092412288,-0.22116516242597362,-0.7425942571459454,0.0,False,False
2023-08-18,5.33,4369.71,4.26,4.92,-0.6600000000000001,422.7582702636719,81.05870819091797,32.686614990234375,29.396085739135742,33.176002502441406,0.0481284538611515,0.15179446070405778,-0.02942438574553563,0.5224855249587934,0.2770712314046353,0.0,False,False
2023-08-21,5.33,4399.77,4.34,4.97,-0.6299999999999999,425.50885009765625,82.60655212402344,32.64814376831055,29.21088409423828,32.89183044433594,,,,,,0.0,False,False
2023-08-22,5.33,4387.55,4.34,5.02,-0.6799999999999997,424.3563232421875,82.51319885253906,32.34032440185547,29.294221878051758,32.99266815185547,-0.2708584921804147,-0.11300952416488652,-0.9428387985532583,0.2852970267678945,0.3065737180245387,0.0,False,False
2023-08-23,5.33,4436.01,4.19,4.95,-0.7599999999999998,429.08270263671875,84.00209045410156,32.65776062011719,29.409975051879883,33.4785270690918,1.1137761206008623,1.8044284093546414,0.9815492705555817,0.3951399504994235,1.4726269333539932,0.0,False,False
2023-08-24,5.33,4376.31,4.23,4.98,-0.75,423.1360168457031,82.0660400390625,32.54232406616211,29.238664627075195,33.32268142700195,-1.3859066689179467,-2.3047645654686533,-0.3534735749271434,-0.5824908878789947,-0.4655092554347262,0.0,False,False
2023-08-25,5.33,4405.71,4.25,5.03,-0.7800000000000002,426.1190490722656,82.90139770507812,32.69623565673828,29.460905075073242,33.41436004638672,0.7049818752843828,1.0179090713016148,0.4729582013357492,0.7600909645929965,0.2751237759350156,0.0,False,False
2023-08-28,5.33,4433.31,4.2,4.98,-0.7800000000000002,428.8211975097656,83.57950592041016,32.87900161743164,29.456274032592773,33.680206298828125,,,,,,0.0,False,False
2023-08-29,5.33,4497.63,4.12,4.87,-0.75,435.01971435546875,85.25511169433594,33.177207946777344,29.567398071289062,34.065223693847656,1.445478181045834,2.004804593510512,0.9069810963712621,0.3772508314301204,1.1431562847431964,0.0,False,False
2023-08-30,5.33,4514.87,4.12,4.9,-0.7800000000000002,436.8115234375,85.89883422851562,33.19643783569336,29.43312644958496,34.18439865112305,0.4118914667317952,0.755054472848049,0.057961142923379505,-0.4541205194327991,0.34984346014117484,0.0,False,False
2023-08-31,5.33,4507.66,4.09,4.85,-0.7599999999999998,436.1722412109375,86.3165054321289,33.071388244628906,29.15069007873535,33.936885833740234,-0.1463519601158092,0.48623617231189353,-0.3766958120126951,-0.959586713743732,-0.7240519861380745,0.0,False,False
2023-09-01,5.33,4515.77,4.18,4.87,-0.6900000000000004,436.98577880859375,86.58186340332031,33.369590759277344,29.002531051635742,33.918556213378906,0.18651750863321048,0.30742436786908023,0.9016933684266037,-0.5082522118667998,-0.05401090851743229,0.0,False,False
2023-09-05,5.33,4496.83,4.27,4.94,-0.6700000000000008,435.09716796875,86.89142608642578,33.03290939331055,28.558046340942383,33.57936477661133,,,,,,0.0,False,False
2023-09-06,5.33,4465.48,4.3,5.01,-0.71,432.1722412109375,85.9725341796875,33.013671875,28.622867584228516,33.51519775390625,-0.6722467929330622,-1.057517350243875,-0.0582374324994861,0.22698066426625196,-0.19109063894434675,0.0,False,False
2023-09-07,5.33,4451.14,4.27,4.94,-0.6700000000000008,430.8454284667969,84.72933197021484,32.92709732055664,28.99790382385254,33.79021072387695,-0.30701017270866604,-1.4460457881517064,-0.26223848946932415,1.310267877669502,0.8205619790462082,0.0,False,False
2023-09-08,5.33,4457.49,4.26,4.98,-0.7200000000000006,431.4942932128906,84.90621948242188,32.99443435668945,29.252552032470703,33.57019805908203,0.15060267632474034,0.20876774086830974,0.20450340786879462,0.8781607462560848,-0.6511136216130642,0.0,False,False
2023-09-11,5.33,4487.46,4.29,4.97,-0.6799999999999997,434.3320617675781,85.3484878540039,33.14834213256836,29.37293243408203,33.58853530883789,,,,,,0.0,False,False
2023-09-12,5.33,4461.9,4.27,4.98,-0.7100000000000009,431.9494934082031,83.80061340332031,33.369590759277344,29.409975051879883,33.58853530883789,-0.5485591714502469,-1.813593292163973,0.6674500517225068,0.12611140505287555,0.0,0.0,False,False
2023-09-13,5.33,4467.44,4.25,4.96,-0.71,432.4531555175781,84.01190948486328,33.369590759277344,29.761857986450195,33.24935531616211,0.11660208359105528,0.25214144976006825,0.0,1.196474780918999,-1.009808821840874,0.0,False,False
2023-09-14,5.33,4505.1,4.29,5.0,-0.71,436.1819152832031,84.6212387084961,33.67741012573242,30.19708251953125,33.85438537597656,0.8622343756891526,0.7252891017107466,0.9224547243495973,1.4623567294730133,1.819674559284934,0.0,False,False
2023-09-15,5.33,4450.32,4.33,5.02,-0.6899999999999995,430.9266357421875,82.9947509765625,33.50426483154297,30.067441940307617,33.72604751586914,-1.2048366419784906,-1.9220797955186275,-0.5141288880083916,-0.42931491523985343,-0.3790878454360991,0.0,False,False
2023-09-18,5.33,4453.53,4.32,5.05,-0.7299999999999995,431.17938232421875,83.39363098144531,33.59605026245117,30.04503631591797,33.431278228759766,,,,,,0.0,False,False
2023-09-19,5.33,4443.95,4.37,5.08,-0.71,430.28521728515625,83.34928894042969,33.557403564453125,29.881669998168945,33.25571823120117,-0.20737657590272907,-0.05317197547795027,-0.11503345689788391,-0.5437381270944619,-0.5251369581422916,0.0,False,False
2023-09-20,5.33,4402.2,4.35,5.12,-0.7700000000000005,426.3294372558594,82.03942108154297,33.32551193237305,29.90967559814453,33.32039260864258,-0.9193390500969345,-1.5715405320648745,-0.6910297205643068,0.09372166942911431,0.19447596047024174,0.0,False,False
2023-09-21,5.33,4330.0,4.49,5.12,-0.6299999999999999,419.2829284667969,80.78864288330078,32.774749755859375,29.596948623657227,32.165367126464844,-1.6528318650521845,-1.524606319441213,-1.6526743163955748,-1.0455712682711393,-3.4664221869887157,0.0,False,False
2023-09-22,5.33,4320.06,4.44,5.1,-0.6599999999999993,418.340087890625,80.96099090576172,32.52353286743164,29.540937423706055,31.943593978881836,-0.2248697745981687,0.21333199359456767,-0.7664952144533888,-0.18924653572700567,-0.689478054800563,0.0,False,False
2023-09-25,5.33,4337.44,4.55,5.09,-0.54,420.0993347167969,81.22198486328125,32.60083770751953,29.498931884765625,31.88814926147461,,,,,,0.0,False,False
2023-09-26,5.33,4273.53,4.56,5.04,-0.4800000000000004,413.9275207519531,79.75946044921875,32.16603088378906,28.616764068603516,31.324495315551758,-1.4691320492103088,-1.8006509155425454,-1.3337289907436323,-2.9905076550168053,-1.7675969254315582,0.0,False,False
2023-09-27,5.33,4274.51,4.61,5.1,-0.4899999999999993,414.0928039550781,79.88257598876953,32.11771774291992,28.06599235534668,31.047286987304688,0.0399304696688807,0.15435854111520708,-0.15019926158651442,-1.924647077274222,-0.8849570454514066,0.0,False,False
2023-09-28,5.33,4299.7,4.59,5.04,-0.4500000000000002,416.4934387207031,80.44886779785156,32.349613189697266,27.459209442138672,31.37070083618164,0.5797335144914539,0.7089052926406048,0.7220172013264081,-2.1619863125645455,1.0416815131357504,0.0,False,False
2023-09-29,5.33,4288.05,4.59,5.03,-0.4400000000000004,415.4826354980469,80.72463989257812,32.050071716308594,27.50588607788086,31.48158073425293,-0.24269367262087504,0.3427917660935975,-0.9259507111635923,0.1699853589759881,0.3534504971702823,0.0,False,False
2023-10-02,5.33,4288.39,4.69,5.12,-0.4299999999999997,415.3173828125,81.59130859375,31.779529571533203,26.22697639465332,30.9086856842041,,,,,,0.0,False,False
2023-10-03,5.33,4229.45,4.81,5.15,-0.34000000000000075,409.7579040527344,80.20758819580078,31.277084350585938,26.530366897583008,30.345029830932617,-1.3386096970267047,-1.6959164178121933,-1.5810341679737605,1.156787951323035,-1.823616374472825,0.0,False,False
2023-10-04,5.33,4263.75,4.73,5.05,-0.3199999999999994,412.7418518066406,81.20721435546875,31.50898551940918,26.502361297607422,30.66843605041504,0.7282221341903039,1.2462987382536816,0.7414411337829829,-0.10556054533168435,1.0657633928332855,0.0,False,False
2023-10-05,5.33,4258.19,4.72,5.03,-0.3100000000000005,412.5862731933594,81.31556701660156,31.653915405273438,26.34833335876465,30.89020538330078,-0.03769392723327325,0.13342738325996528,0.4599636690143072,-0.5811857181823199,0.7231191460861597,0.0,False,False
2023-10-06,5.33,4308.5,4.78,5.08,-0.2999999999999998,417.48480224609375,82.83717346191406,31.92445945739746,26.721736907958984,31.010326385498047,1.187273879671391,1.871236346420413,0.854693799045636,1.4171809051828577,0.38886436884035813,0.0,False,False
2023-10-09,5.33,4335.66,,,,420.1576232910156,83.26558685302734,31.943790435791016,26.9877872467041,31.416902542114258,,,,,,0.0,False,False
2023-10-10,5.33,4358.24,4.66,4.96,-0.2999999999999998,422.344482421875,83.39363098144531,32.17568588256836,27.356523513793945,31.527782440185547,0.5204854106252155,0.1537779690954144,0.7259484350909062,1.366307892229579,0.3529307127672965,0.0,False,False
2023-10-11,5.33,4376.95,4.58,4.99,-0.41000000000000014,424.0745544433594,84.16673278808594,32.2239990234375,27.799942016601562,32.165367126464844,0.4096352843450335,0.9270513797542179,0.15015419110402384,1.6208876196715405,2.0222947411189462,0.0,False,False
2023-10-12,5.33,4349.61,4.7,5.06,-0.35999999999999943,421.48919677734375,84.24553680419922,32.021087646484375,27.370525360107422,31.740310668945312,-0.6096469686584172,0.09362846044136397,-0.6296902405115601,-1.5446674537583638,-1.3214724266890299,0.0,False,False
2023-10-13,5.33,4327.78,4.63,5.04,-0.41000000000000014,419.38983154296875,83.03907012939453,32.08872604370117,27.678585052490234,31.73107147216797,-0.498082809814937,-1.4320837881402815,0.21123079254374844,1.1255161833021,-0.029108715644621252,0.0,False,False
2023-10-16,5.33,4373.63,4.71,5.09,-0.3799999999999999,423.8023681640625,83.83680725097656,32.42690658569336,27.963306427001953,32.054473876953125,,,,,,0.0,False,False
2023-10-17,5.33,4373.2,4.83,5.19,-0.3600000000000003,423.782958984375,83.44779968261719,32.581512451171875,27.888626098632812,31.88814926147461,-0.0045797714089190755,-0.46400570479124825,0.47678265291801747,-0.26706544365235896,-0.5188811275361527,0.0,False,False
2023-10-18,5.33,4314.6,4.91,5.19,-0.28000000000000025,418.135986328125,82.59095764160156,32.021087646484375,27.645910263061523,31.185897827148438,-1.3325152738051016,-1.0268000405936561,-1.7200699492614935,-0.8703040254219863,-2.2022332765940456,0.0,False,False
2023-10-19,5.33,4278.0,4.98,5.14,-0.15999999999999925,414.4620666503906,82.11820983886719,31.595943450927734,27.370525360107422,30.418949127197266,-0.8786423072543958,-0.572396562812405,-1.3277006710398775,-0.9961144354940998,-2.459280486975479,0.0,False,False
2023-10-20,5.33,4224.16,4.93,5.07,-0.14000000000000057,409.369140625,80.72955322265625,31.112823486328125,27.08580780029297,30.261865615844727,-1.2288038967114057,-1.691045894614318,-1.5290569352675032,-1.040234179170818,-0.5164001908668614,0.0,False,False
2023-10-23,5.33,4217.04,4.86,5.05,-0.1899999999999995,408.6596374511719,80.8231201171875,30.919578552246094,26.85709571838379,30.00313949584961,,,,,,0.0,False,False
2023-10-24,5.33,4247.68,4.83,5.02,-0.1899999999999995,411.7406311035156,81.37957763671875,31.132150650024414,27.547893524169922,30.381994247436523,0.7539265858404809,0.6884880449114394,0.6874999845781549,2.5721240041352678,1.2627170287940137,0.0,False,False
2023-10-25,5.33,4186.77,4.95,5.08,-0.1299999999999999,405.8313293457031,80.41931915283203,31.01620101928711,27.701923370361328,29.744409561157227,-1.435200053483876,-1.1799747698044705,-0.37244336904560527,0.559134752195356,-2.098561013101019,0.0,False,False
2023-10-26,5.33,4137.23,4.86,5.02,-0.15999999999999925,400.97161865234375,78.8829345703125,30.948564529418945,27.93996810913086,30.37274932861328,-1.1974705602927127,-1.910467035414376,-0.21806825995905887,0.8593076213047945,2.112463406490317,0.0,False,False
2023-10-27,5.33,4117.37,4.84,4.99,-0.15000000000000036,399.15411376953125,79.34088897705078,30.388147354125977,27.412540435791016,29.89225196838379,-0.4532751941199953,0.5805494042949055,-1.810801837869569,-1.8877175209354613,-1.5820015337789317,0.0,False,False
2023-10-30,5.33,4166.82,4.88,5.03,-0.15000000000000036,403.9263610839844,80.19280242919922,30.929241180419922,27.622577667236328,29.98465919494629,,,,,,0.0,False,False
2023-10-31,5.33,4193.8,4.88,5.07,-0.1900000000000004,406.4631042480469,80.76400756835938,31.26742172241211,27.860618591308594,30.58527183532715,0.6280211960553617,0.7122897839422215,1.0934007078268637,0.8617621676727527,2.003066422986355,0.0,False,False
2023-11-01,5.33,4237.86,4.77,4.95,-0.1800000000000006,410.79791259765625,82.32502746582031,31.4703369140625,28.178010940551758,30.74236297607422,1.0664703153386412,1.9328162933713644,0.6489668174493035,1.1392150113356703,0.5136169512988342,0.0,False,False
2023-11-02,5.33,4317.78,4.67,4.98,-0.3100000000000005,418.67059326171875,83.71862030029297,32.21434020996094,28.705446243286133,31.694107055664062,1.916436384566822,1.6927936465630067,2.364141502298245,1.8717974943196936,3.095871583881027,0.0,False,False
2023-11-03,5.33,4358.34,4.57,4.83,-0.2599999999999998,422.49029541015625,84.58039855957031,32.63947677612305,28.87348175048828,32.442569732666016,0.9123406826067049,1.0293746554663752,1.3197121635620368,0.5853784880332613,2.361520000192585,0.0,False,False
2023-11-06,5.33,4365.98,4.67,4.93,-0.2599999999999998,423.4621887207031,85.1368408203125,32.5428581237793,28.798795700073242,31.99903678894043,,,,,,0.0,False,False
2023-11-07,5.33,4378.38,4.58,4.91,-0.33000000000000007,424.6673889160156,86.06753540039062,32.49454116821289,28.58875846862793,31.73107147216797,0.2846063302495594,1.0931749065512308,-0.1484717641659805,-0.7293264400107469,-0.837416821449688,0.0,False,False
2023-11-08,5.33,4382.78,4.49,4.93,-0.4399999999999995,424.9784240722656,86.55504608154297,32.5331916809082,28.378719329833984,31.915874481201172,0.07324206293399804,0.5664280717281089,0.11894463286996615,-0.7346913613770045,0.5824039355093902,0.0,False,False
2023-11-09,5.33,4347.35,4.62,5.03,-0.41000000000000014,421.66412353515625,86.1512451171875,32.39792251586914,28.005313873291016,31.42613983154297,-0.7798750123243381,-0.46652504115710647,-0.4157881783189543,-1.3157938954292958,-1.5344547427226574,0.0,False,False
2023-11-10,5.33,4415.24,4.61,5.04,-0.4299999999999997,428.244140625,88.40167999267578,32.76508712768555,28.154674530029297,31.777273178100586,1.5604877727509958,2.6121907726662785,1.1332967773984848,0.5333297009776805,1.1173289129362995,0.0,False,False
2023-11-13,5.33,4411.55,4.63,5.02,-0.3899999999999997,427.8359680175781,87.88462829589844,32.71677780151367,27.81861114501953,31.509302139282227,,,,,,0.0,False,False
2023-11-14,5.33,4495.7,4.44,4.8,-0.35999999999999943,436.13629150390625,89.64259338378906,33.335166931152344,28.92949104309082,33.20950698852539,1.9400714542044062,2.0003100906016646,1.8901284637207194,3.993297480885105,5.395882275423491,0.0,False,False
2023-11-15,5.33,4502.88,4.53,4.9,-0.3700000000000001,437.0595703125,89.75586700439453,33.51875305175781,28.840805053710938,33.28343200683594,0.21169501978615113,0.12636138283115272,0.5507280674029058,-0.3065591069258189,0.22260197459749165,0.0,False,False
2023-11-16,5.33,4508.24,4.45,4.83,-0.3799999999999999,437.5941467285156,90.2039794921875,33.65403366088867,28.994834899902344,33.274192810058594,0.12231202616919123,0.4992570432983845,0.4035967833348808,0.5340691631338101,-0.027759146879580143,0.0,False,False
2023-11-17,5.33,4514.02,4.44,4.88,-0.4399999999999995,438.13836669921875,90.016845703125,33.82794952392578,29.074180603027344,33.23723602294922,0.12436637344712675,-0.20745624540734475,0.5167756851661709,0.27365461261952273,-0.11106741888627925,0.0,False,False
2023-11-20,5.33,4547.38,4.42,4.89,-0.46999999999999975,441.5110778808594,91.32178497314453,33.963226318359375,28.985496520996094,33.49595642089844,,,,,,0.0,False,False
2023-11-21,5.33,4538.19,4.41,4.86,-0.4500000000000002,440.5487976074219,90.5831527709961,33.94390106201172,29.04617691040039,33.32963180541992,-0.2179515581027358,-0.8088236584136488,-0.05690053167065612,0.20934742090874536,-0.4965513251466547,0.0,False,False
2023-11-22,5.33,4556.62,4.42,4.89,-0.46999999999999975,442.2497253417969,90.98695373535156,34.07917404174805,29.18620491027832,33.431278228759766,0.38609292401037276,0.44577932209570736,0.3985192494203815,0.4820875405044722,0.3049731360168062,0.0,False,False
2023-11-24,5.33,4559.34,4.47,4.92,-0.4500000000000002,442.52178955078125,90.8096694946289,34.185455322265625,29.260887145996094,33.56064987182617,,,,,,0.0,False,False
2023-11-27,5.33,4550.43,4.39,4.84,-0.4500000000000002,441.72491455078125,90.80474090576172,34.069515228271484,29.307559967041016,33.68076705932617,,,,,,0.0,False,False
2023-11-28,5.33,4554.89,4.34,4.73,-0.39000000000000057,442.1622314453125,90.97708892822266,34.059844970703125,29.40091323852539,33.86557388305664,0.09900208933788512,0.18980068743306155,-0.028383901278217216,0.3185296612524535,0.5487013505510285,0.0,False,False
2023-11-29,5.33,4550.58,4.27,4.64,-0.3700000000000001,441.85113525390625,91.04603576660156,34.30141067504883,29.16753578186035,34.12430191040039,-0.07035792957470477,0.07578483681018877,0.7092390013914818,-0.7937762163089279,0.7639853623540471,0.0,False,False
2023-11-30,5.33,4567.8,4.37,4.73,-0.3600000000000003,443.5909423828125,91.17899322509766,34.68790054321289,29.29355812072754,34.40150451660156,0.39375413800997183,0.1460332208608639,1.1267462782374782,0.4320637156655538,0.8123319472703505,0.0,False,False
2023-12-01,5.33,4594.63,4.22,4.56,-0.33999999999999986,446.2152099609375,91.38582611083984,34.94878387451172,29.6529598236084,35.122249603271484,0.5915962945564956,0.22684269525938827,0.7520874057333815,1.2268967170176337,2.0950975743578404,0.0,False,False
2023-12-04,5.33,4569.78,4.28,4.64,-0.35999999999999943,443.872802734375,90.27291870117188,34.91014099121094,29.536270141601562,35.3162956237793,,,,,,0.0,False,False
2023-12-05,5.33,4567.18,4.18,4.57,-0.39000000000000057,443.7853698730469,90.8145980834961,34.736209869384766,29.326231002807617,35.168453216552734,-0.019697728896550526,0.6000463817031676,-0.49822520587917696,-0.7111227578397106,-0.4186237673438731,0.0,False,False
2023-12-06,5.33,4549.34,4.12,4.6,-0.47999999999999954,441.9970397949219,90.04640197753906,34.562294006347656,29.718303680419922,35.0483283996582,-0.40297184168928135,-0.8458949576044428,-0.5006759911086123,1.3369351062356705,-0.3415698044916926,0.0,False,False
2023-12-07,5.33,4585.59,4.14,4.58,-0.4400000000000004,445.3696594238281,91.13961029052734,34.72655487060547,29.6529598236084,35.09452438354492,0.7630412254505226,1.214049966439501,0.4752603060075966,-0.21987747858763784,0.13180652543522964,0.0,False,False
2023-12-08,5.33,4604.37,4.23,4.71,-0.47999999999999954,447.2843933105469,91.91764831542969,34.91014099121094,29.596948623657227,35.02060317993164,0.42992014525546907,0.8536771469860094,0.5286620607472647,-0.18888906970621067,-0.21063457878899294,0.0,False,False
2023-12-11,5.33,4622.44,4.23,4.71,-0.47999999999999954,449.02410888671875,92.7203140258789,35.122703552246094,29.788318634033203,35.140724182128906,,,,,,0.0,False,False
2023-12-12,5.33,4643.7,4.2,4.73,-0.5300000000000002,451.0748291015625,93.33583068847656,35.373931884765625,29.666959762573242,35.1314811706543,0.45670603743932503,0.6638422971969815,0.7152875693234195,-0.40740423436087525,-0.026302848588732886,0.0,False,False
2023-12-13,5.33,4707.09,4.04,4.46,-0.41999999999999993,457.29522705078125,94.1582260131836,35.94401168823242,30.78717613220215,36.40664291381836,1.3790168610401832,0.8811142715940523,1.611581673543938,3.775972929461169,3.6296839776548406,0.0,False,False
2023-12-14,5.33,4719.55,3.92,4.37,-0.4500000000000002,458.7628479003906,93.92677307128906,36.301513671875,30.385766983032227,37.41383743286133,0.320935090242358,-0.2458127682462119,0.9946079106123218,-1.3038193156989952,2.76651302738129,0.0,False,False
2023-12-15,5.33,4719.19,3.91,4.44,-0.5300000000000002,458.0074768066406,94.39952087402344,36.08893585205078,29.85833168029785,36.96105194091797,-0.16465393769505843,0.503315281975647,-0.5855894102534842,-1.7357972337143979,-1.2102086367266618,0.0,False,False
2023-12-18,5.33,4740.56,3.95,4.43,-0.47999999999999954,460.5838928222656,94.68180847167969,36.209346771240234,29.790958404541016,36.85927200317383,,,,,,0.0,False,False
2023-12-19,5.33,4768.37,3.93,4.41,-0.48,463.3846130371094,95.04207611083984,36.481239318847656,29.960567474365234,37.11140823364258,0.6080803646176358,0.38050354653704765,0.7508905071531791,0.5693306926250585,0.6840510318463222,0.0,False,False
2023-12-20,5.33,4698.35,3.86,4.34,-0.48,456.9634094238281,93.60591888427734,35.83065414428711,29.352785110473633,36.64448547363281,-1.3857179182527157,-1.5110751840980652,-1.783341757867385,-2.0286076504112627,-1.2581650285813928,0.0,False,False
2023-12-21,5.33,4746.75,3.89,4.33,-0.43999999999999995,461.2962646484375,94.6571273803711,36.18022155761719,29.404613494873047,36.95264434814453,0.9481842824291986,1.1230149851884086,0.9756099118994666,0.1765705850547139,0.8409420149546154,0.0,False,False
2023-12-22,5.33,4754.63,3.9,4.31,-0.4099999999999997,462.2232971191406,94.78050994873047,36.257904052734375,29.50355339050293,37.1020622253418,0.2009624923821285,0.13034683364472333,0.2147098380629764,0.3364774566655404,0.40434962052930956,0.0,False,False
2023-12-26,5.33,4774.75,3.89,4.26,-0.36999999999999966,464.1750793457031,95.17533111572266,36.403560638427734,29.682592391967773,37.372886657714844,,,,,,0.0,False,False
2023-12-27,5.33,4781.58,3.79,4.2,-0.41000000000000014,465.01434326171875,95.1703872680664,36.520076751708984,29.66374397277832,37.587669372558594,0.18080762052081756,-0.005194463311342101,0.32006790335299407,-0.06349990910683445,0.5747019672600384,0.0,False,False
2023-12-28,5.33,4783.35,3.84,4.26,-0.41999999999999993,465.19000244140625,95.28390502929688,36.62689208984375,29.875764846801758,37.821136474609375,0.037775002477435926,0.11927844835886159,0.2924838818411546,0.7147475187825325,0.6211268374655576,0.0,False,False
2023-12-29,5.33,4769.83,3.88,4.23,-0.35000000000000053,463.84332275390625,94.99272155761719,36.510372161865234,29.83807373046875,37.410240173339844,-0.2894902470887972,-0.3055956528966286,-0.31812671327039466,-0.12615950261452014,-1.086419763048052,0.0,False,False
2024-01-02,5.33,4742.83,3.95,4.33,-0.3799999999999999,461.2474365234375,92.50538635253906,36.66572952270508,30.271533966064453,37.75577163696289,,,,,,0.0,False,False
2024-01-03,5.33,4704.81,3.91,4.33,-0.41999999999999993,457.4805908203125,91.5627670288086,36.355003356933594,30.384611129760742,36.85927200317383,-0.816664853796667,-1.0189885809872012,-0.8474566572555631,0.37354289288098474,-2.3744704317243737,0.0,False,False
2024-01-04,5.33,4688.68,3.99,4.38,-0.3899999999999997,456.00701904296875,90.89157104492188,36.50065994262695,30.290374755859375,36.7658805847168,-0.3221058569285895,-0.733044670521521,0.4006507282183547,-0.3101450714604215,-0.253372932729079,0.0,False,False
2024-01-05,5.33,4697.24,4.05,4.4,-0.35000000000000053,456.6316223144531,90.86688232421875,36.65602111816406,30.403451919555664,36.6911735534668,0.13697229327636062,-0.02716282755297339,0.42563936044255346,0.37331054702258726,-0.20319663248064002,0.0,False,False
2024-01-08,5.33,4763.54,4.01,4.36,-0.35000000000000053,463.1504211425781,93.14697265625,36.889068603515625,30.62489891052246,37.195457458496094,,,,,,0.0,False,False
2024-01-09,5.33,4756.5,4.02,4.36,-0.34000000000000075,462.4477844238281,93.29500579833984,36.65602111816406,30.375185012817383,36.9339714050293,-0.15170810317232108,0.15892426545749405,-0.6317521536159165,-0.8153950105588059,-0.703005343484675,0.0,False,False
2024-01-10,5.33,4783.45,4.04,4.37,-0.33000000000000007,465.0630798339844,94.0895767211914,36.71428680419922,30.370473861694336,36.99000549316406,0.5655331257375718,0.8516757312487355,0.15895256565716664,-0.015509868075069821,0.15171422406834445,0.0,False,False
2024-01-11,5.33,4780.24,3.98,4.26,-0.2799999999999998,464.8581848144531,94.56829071044922,36.578338623046875,29.66374397277832,36.64448547363281,-0.04405746842006675,0.5087853574645695,-0.3702868637415424,-2.327029509432188,-0.9340902087595082,0.0,False,False
2024-01-12,5.33,4783.83,3.96,4.14,-0.17999999999999972,465.18023681640625,94.87427520751953,36.510372161865234,29.83336067199707,36.92463684082031,0.06927962386671371,0.32355929748923984,-0.18581068397354183,0.571798015026026,0.7645116681719522,0.0,False,False
2024-01-16,5.33,4765.98,4.07,4.22,-0.14999999999999947,463.4724426269531,95.11116790771484,36.257904052734375,29.508268356323242,36.70050811767578,,,,,,0.0,False,False
2024-01-17,5.33,4739.21,4.1,4.34,-0.2400000000000002,460.8961181640625,94.64231872558594,36.189937591552734,29.079519271850586,36.02813720703125,-0.5558743575536207,-0.49294861207447305,-0.187452813275657,-1.4529794811927066,-1.8320479609945872,0.0,False,False
2024-01-18,5.33,4780.94,4.14,4.34,-0.20000000000000018,464.99481201171875,96.56211853027344,36.248191833496094,28.768556594848633,35.794673919677734,0.8892879948702914,2.0284792580514965,0.16096806410894615,-1.069352880613017,-0.6480026597321609,0.0,False,False
2024-01-19,5.33,4839.81,4.15,4.39,-0.23999999999999932,470.7915344238281,98.78789520263672,36.8307991027832,28.730863571166992,36.140201568603516,1.2466208788504352,2.305020546608527,1.6072726384898983,-0.13102160185676226,0.965304641973086,0.0,False,False
2024-01-22,5.33,4850.43,4.11,4.37,-0.2599999999999998,471.7869567871094,99.22218322753906,37.005592346191406,28.584810256958008,36.30830001831055,,,,,,0.0,False,False
2024-01-23,5.33,4864.6,4.14,4.31,-0.16999999999999993,473.1628723144531,99.62193298339844,37.063846588134766,28.636634826660156,36.1121826171875,0.29163916203063245,0.40288345091405997,0.1574201039626244,0.1813010799661896,-0.5401448181934776,0.0,False,False
2024-01-24,5.33,4868.55,4.18,4.34,-0.16000000000000014,473.6800842285156,100.30793762207031,37.20949935913086,28.24557876586914,35.61724090576172,0.1093094881964296,0.6886080385392512,0.39297802145210614,-1.365579661011529,-1.3705671481352488,0.0,False,False
2024-01-25,5.33,4894.16,4.14,4.28,-0.14000000000000057,476.25640869140625,100.7274169921875,37.39399337768555,28.754419326782227,36.10284423828125,0.5438954578566912,0.41819160084584084,0.4958250493349192,1.8014874651035573,1.3633940197792738,0.0,False,False
2024-01-26,5.33,4890.97,4.15,4.34,-0.1899999999999995,475.6513977050781,99.56764221191406,37.529945373535156,28.839231491088867,35.944091796875,-0.12703471812389733,-1.151399306073131,0.36356640082932934,0.29495349338404253,-0.4397228106419293,0.0,False,False
2024-01-29,5.33,4927.93,4.08,4.29,-0.20999999999999996,479.4182434082031,100.48066711425781,37.627044677734375,29.022977828979492,36.20556640625,,,,,,0.0,False,False
2024-01-30,5.33,4924.97,4.06,4.36,-0.3000000000000007,479.04742431640625,99.65155029296875,38.10284423828125,29.01355743408203,35.869380950927734,-0.07734772234796461,-0.8251505937418413,1.2645148313453092,-0.03245840228033314,-0.9285463222700185,0.0,False,False
2024-01-31,5.33,4845.65,3.99,4.27,-0.27999999999999936,471.2306213378906,97.55902862548828,37.636749267578125,28.95230484008789,35.60790252685547,-1.6317388596066684,-2.09983854875172,-1.2232550614550863,-0.2111171445738913,-0.7289738967895532,0.0,False,False
2024-02-01,5.33,4906.19,3.87,4.2,-0.33000000000000007,477.3981628417969,98.78789520263672,37.695011138916016,29.50355339050293,36.23358154296875,1.3088159437507851,1.259613379163338,0.15480048748013342,1.903988485406427,1.7571352753546599,0.0,False,False
2024-02-02,5.33,4958.61,4.03,4.36,-0.33000000000000007,482.4239807128906,99.80948638916016,37.850379943847656,28.971153259277344,35.775997161865234,1.0527518248450551,1.0341258758757021,0.41217338909667056,-1.8045288449796137,-1.2628737254717026,0.0,False,False
2024-02-05,5.33,4942.81,4.17,4.46,-0.29000000000000004,480.6673583984375,100.0364990234375,37.627044677734375,28.368078231811523,35.06626510620117,,,,,,0.0,False,False
2024-02-06,5.33,4954.23,4.09,4.39,-0.2999999999999998,482.0628662109375,99.57752990722656,37.70472717285156,28.47173309326172,35.59856414794922,0.290327143734026,-0.4588016580862164,0.20645388385540642,0.3653926099722815,1.5179804297262178,0.0,False,False
2024-02-07,5.33,4995.06,4.09,4.41,-0.3200000000000003,486.08349609375,100.89522552490234,37.98632049560547,28.49057388305664,35.57988739013672,0.8340467944388807,1.3232861057142609,0.7468382451435884,0.06617366681966885,-0.05246491890762428,0.0,False,False
2024-02-08,5.33,4997.91,4.15,4.46,-0.3099999999999996,486.29815673828125,101.21106719970703,37.840667724609375,28.287981033325195,35.775997161865234,0.04416126987571989,0.313039267380133,-0.3834347973053709,-0.7110872900034093,0.5511815413527188,0.0,False,False
2024-02-09,5.33,5026.61,4.17,4.48,-0.3100000000000005,489.1086730957031,102.57318878173828,37.94748306274414,28.396345138549805,35.869380950927734,0.577940985068226,1.3458227639706166,0.2822765679298511,0.38307472384455643,0.2610235813693462,0.0,False,False
2024-02-12,5.33,5021.84,4.17,4.46,-0.29000000000000004,488.8940124511719,101.79342651367188,38.122257232666016,28.726154327392578,35.75731658935547,,,,,,0.0,False,False
2024-02-13,5.33,4953.17,4.31,4.64,-0.33000000000000007,482.16046142578125,100.06611633300781,37.60762405395508,28.250288009643555,35.10362243652344,-1.3773028210410154,-1.6968779221044006,-1.349954635608408,-1.6565611683539871,-1.82814096577546,0.0,False,False
2024-02-14,5.33,5000.62,4.27,4.56,-0.29000000000000004,486.5421447753906,101.11238098144531,37.966896057128906,28.4057674407959,35.33708953857422,0.9087604024295981,1.0455733536771428,0.9553169396141259,0.5503640568169432,0.6650798004478098,0.0,False,False
2024-02-15,5.33,5029.73,4.24,4.56,-0.3199999999999994,489.899169921875,100.90015411376953,38.61748123168945,28.88163185119629,36.1868896484375,0.6899762297126744,-0.2098920682272576,1.71355902674164,1.6752387042251238,2.404838997664571,0.0,False,False
2024-02-16,5.33,5005.57,4.3,4.64,-0.33999999999999986,487.4595031738281,99.97234344482422,38.481536865234375,28.848651885986328,35.81334686279297,-0.49799364804719026,-0.9195334507608011,-0.35202805081839816,-0.11419010317658129,-1.032259996019469,0.0,False,False
2024-02-20,5.33,4975.51,4.27,4.59,-0.3200000000000003,484.77581787109375,98.95570373535156,38.37472915649414,28.82980728149414,35.75731658935547,,,,,,0.0,False,False
2024-02-21,5.33,4981.8,4.32,4.64,-0.3199999999999994,485.2149658203125,98.33385467529297,38.49124526977539,29.21143913269043,36.018798828125,0.09058784143716192,-0.6284115382794608,0.30362719383918435,1.3237405559809678,0.7312691882683797,0.0,False,False
2024-02-22,5.33,5087.03,4.33,4.69,-0.3600000000000003,495.2567138671875,101.55159759521484,38.93791580200195,28.985286712646484,36.1121826171875,2.0695462329564096,3.272263586683488,1.16044708113745,-0.7741912988835198,0.2592640290646875,0.0,False,False
2024-02-23,5.33,5088.8,4.26,4.67,-0.41000000000000014,495.5982666015625,101.31471252441406,39.13212585449219,29.19259262084961,36.158878326416016,0.06896478630404879,-0.23326572541478852,0.4987684843682505,0.7152108249206091,0.1293073579171855,0.0,False,False
2024-02-26,5.33,5069.53,4.28,4.69,-0.41000000000000014,493.7831115722656,101.41342163085938,38.93791580200195,28.617786407470703,35.74797821044922,,,,,,0.0,False,False
2024-02-27,5.33,5078.18,4.31,4.7,-0.39000000000000057,494.7004699707031,101.50225830078125,39.04473114013672,29.15961456298828,35.775997161865234,0.18578164723304091,0.08759853330384537,0.27432217655900537,1.8933265760070483,0.07837912189345708,0.0,False,False
2024-02-28,5.33,5069.76,4.27,4.64,-0.3700000000000001,494.046630859375,101.02354431152344,39.19039535522461,29.24913215637207,36.23358154296875,-0.13216868610754773,-0.47162890488529063,0.3730700937985221,0.30699168944918753,1.2790262114378503,0.0,False,False
2024-02-29,5.33,5096.27,4.25,4.64,-0.3899999999999997,495.82269287109375,102.14875793457031,39.170963287353516,29.25855255126953,36.52307891845703,0.3594927888951105,1.1138132508765386,-0.0495837505464336,0.032207433872222246,0.7989753238855757,0.0,False,False
2024-03-01,5.33,5137.08,4.19,4.54,-0.34999999999999964,500.47760009765625,104.0142593383789,39.12240982055664,29.079519271850586,36.92463684082031,0.9388249657570125,1.8262595077303878,-0.12395270047532714,-0.6119006711122421,1.0994635015843413,0.0,False,False
2024-03-04,5.33,5130.95,4.22,4.61,-0.39000000000000057,499.9408874511719,104.0142593383789,39.219512939453125,29.56951141357422,37.34487533569336,,,,,,0.0,False,False
2024-03-05,5.33,5078.65,4.13,4.54,-0.41000000000000014,494.9444580078125,101.45783233642578,39.229225158691406,29.484708786010742,36.86860656738281,-0.9994040433124907,-2.457765904611753,0.024763742612710082,-0.2867907635583977,-1.2753256344528174,0.0,False,False
2024-03-06,5.33,5104.76,4.11,4.55,-0.4399999999999995,497.4524230957031,102.26226806640625,39.43313980102539,29.767398834228516,37.07405090332031,0.5067164703662641,0.7928769139409875,0.5198028804012766,0.9587683238434952,0.5572337960807472,0.0,False,False
2024-03-07,5.33,5157.36,4.09,4.5,-0.41000000000000014,502.3903503417969,103.87608337402344,39.374874114990234,29.960567474365234,37.07405090332031,0.9926431185849793,1.5781141354788142,-0.14775817073953146,0.6489268384263447,0.0,0.0,False,False
2024-03-08,5.33,5123.69,4.09,4.48,-0.39000000000000057,499.3749084472656,102.33136749267578,39.442848205566406,30.03595733642578,37.512962341308594,-0.6002189119436174,-1.4870755915831424,0.17263316290907493,0.25163028746051364,1.183877745469064,0.0,False,False
2024-03-11,5.33,5117.94,4.1,4.51,-0.41000000000000014,498.945556640625,102.05006408691406,39.51081848144531,30.186723709106445,37.326194763183594,,,,,,0.0,False,False
2024-03-12,5.33,5175.27,4.16,4.58,-0.41999999999999993,504.3128662109375,104.14259338378906,39.67589569091797,29.894609451293945,37.23280334472656,1.075730507843442,2.050492878762755,0.41780255590042614,-0.9676911632658491,-0.2502034269754927,0.0,False,False
2024-03-13,5.33,5165.31,4.19,4.61,-0.41999999999999993,503.52227783203125,103.01734924316406,39.96719741821289,30.09720802307129,36.99934005737305,-0.1567654588799594,-1.0804840786691527,0.7342032794022124,0.6777093780316212,-0.6270365548141865,0.0,False,False
2024-03-14,5.33,5150.48,4.29,4.68,-0.3899999999999997,502.52703857421875,103.03709411621094,39.646766662597656,29.85692024230957,36.47639083862305,-0.19765545669550022,0.01916655125755451,-0.8017343629634022,-0.7983723293453759,-1.4134014767265835,0.0,False,False
2024-03-15,5.33,5117.09,4.31,4.72,-0.41000000000000014,499.07635498046875,101.48250579833984,39.607933044433594,29.899320602416992,36.45771408081055,-0.686666254524404,-1.5087656840533037,-0.097949016863208,0.14201183431952202,-0.05120231849452539,0.0,False,False
2024-03-18,5.33,5149.42,4.34,4.73,-0.39000000000000057,502.04241943359375,101.9813003540039,39.83502197265625,30.037084579467773,36.45206832885742,,,,,,0.0,False,False
2024-03-19,5.33,5178.51,4.3,4.68,-0.3799999999999999,504.83233642578125,102.51023864746094,40.02995681762695,30.303112030029297,36.45206832885742,0.5557133987472707,0.5186620406103293,0.4893554347842777,0.8856633534380043,0.0,0.0,False,False
2024-03-20,5.33,5224.62,4.27,4.59,-0.3200000000000003,509.5016784667969,103.6570816040039,40.50755310058594,30.341110229492188,36.602500915527344,0.9249292694035072,1.1187594250824384,1.1930971725372386,0.12539372004181093,0.4126860108808472,0.0,False,False
2024-03-21,5.33,5241.53,4.27,4.62,-0.35000000000000053,511.1853942871094,103.73123931884766,40.83894348144531,30.293607711791992,36.74353790283203,0.3304632529139484,0.07154138790734788,0.8180952822217868,-0.15656156726269188,0.3853206304951007,0.0,False,False
2024-03-22,5.33,5234.18,4.22,4.59,-0.3700000000000001,510.2162780761719,103.7658462524414,40.37110137939453,30.33636474609375,36.31103515625,-0.1895821402113862,0.03336211330453587,-1.1455783675288767,0.14114210069839928,-1.1770851999221787,0.0,False,False
2024-03-25,5.33,5218.19,4.25,4.54,-0.29000000000000004,508.8067626953125,103.07872772216797,40.21514892578125,30.478879928588867,36.170005798339844,,,,,,0.0,False,False
2024-03-26,5.33,5203.58,4.24,4.56,-0.3199999999999994,507.8669128417969,102.65359497070312,40.351600646972656,30.132095336914062,36.01957321166992,-0.18471646259906604,-0.41243500076050266,0.3393042791989487,-1.137786534437324,-0.41590423708703916,0.0,False,False
2024-03-27,5.33,5248.49,4.2,4.54,-0.33999999999999986,512.1349487304688,103.17757415771484,40.829193115234375,30.97292137145996,36.93157958984375,0.8403847111814855,0.5104343273718337,1.1835775052396746,2.790466527947766,2.5319744151725443,0.0,False,False
2024-03-28,5.33,5254.35,4.2,4.59,-0.3899999999999997,512.0369873046875,102.95513916015625,41.053375244140625,31.186697006225586,37.166629791259766,-0.01912804935966239,-0.21558463588083887,0.5490731307707497,0.6902017158853191,0.636447733962231,0.0,False,False
2024-04-01,5.33,5243.77,4.33,4.72,-0.3899999999999997,511.1462097167969,103.24185180664062,40.829193115234375,30.99667739868164,36.51788330078125,,,,,,0.0,False,False
2024-04-02,5.33,5205.81,4.36,4.7,-0.33999999999999986,507.8963623046875,102.24822998046875,40.6147575378418,31.04892921447754,36.113590240478516,-0.6357960501966686,-0.9624215458986618,-0.5252016046150221,0.1685723121992444,-1.1071097877518143,0.0,False,False
2024-04-03,5.33,5211.49,4.36,4.68,-0.3199999999999994,508.4541931152344,102.5201187133789,40.59526824951172,30.925416946411133,36.13239288330078,0.10983162155673298,0.26591045435415683,-0.04798573107797077,-0.39779880076771246,0.05206528261814114,0.0,False,False
2024-04-04,5.33,5147.21,4.31,4.65,-0.34000000000000075,502.248046875,100.89869689941406,40.13717269897461,30.86366081237793,35.85033416748047,-1.220591023590567,-1.581564510764899,-1.1284456792390318,-0.19969377984528913,-0.7806256195965089,0.0,False,False
2024-04-05,5.33,5204.34,4.39,4.73,-0.34000000000000075,507.49493408203125,102.05545043945312,40.51729202270508,30.95392608642578,36.085384368896484,1.0446804601187631,1.14645042561079,0.9470505722496414,0.2924645737800935,0.6556429859703394,0.0,False,False
2024-04-08,5.33,5202.39,4.42,4.78,-0.3600000000000003,507.77874755859375,101.93680572509766,40.69274139404297,31.158187866210938,36.39565658569336,,,,,,0.0,False,False
2024-04-09,5.33,5209.91,4.36,4.74,-0.3799999999999999,508.36614990234375,102.45092010498047,40.45881271362305,31.329208374023438,36.856361389160156,0.11568076580090736,0.5043461743045707,-0.5748658665060247,0.5488782227863753,1.2658235808497453,0.0,False,False
2024-04-10,5.33,5160.64,4.55,4.97,-0.41999999999999993,503.27587890625,101.19530487060547,39.854522705078125,30.792409896850586,35.34260940551758,-1.0013001449981629,-1.2255773135940395,-1.4935930345317594,-1.7134121959427984,-4.107166108067817,0.0,False,False
2024-04-11,5.33,5199.06,4.56,4.93,-0.3700000000000001,507.073974609375,103.2171401977539,39.57185745239258,30.73065185546875,35.380226135253906,0.7546746947974636,1.9979536893867555,-0.7092425990828155,-0.20056254638306514,0.10643450036389446,0.0,False,False
2024-04-12,5.33,5123.41,4.5,4.88,-0.3799999999999999,500.0748291015625,101.54629516601562,39.0455322265625,30.49787712097168,35.013545989990234,-1.3803006776682447,-1.6187670270045307,-1.33004933231472,-0.7574676111390288,-1.0363985347688343,0.0,False,False
2024-04-15,5.33,5061.82,4.63,4.93,-0.2999999999999998,493.8098449707031,99.61837768554688,38.8505973815918,30.217601776123047,34.40239715576172,,,,,,0.0,False,False
2024-04-16,5.33,5051.41,4.67,4.97,-0.2999999999999998,492.9092102050781,99.73700714111328,38.587432861328125,29.818561553955078,33.87588119506836,-0.1823849351724527,0.11908390632586752,-0.6773757367972033,-1.320555566005499,-1.5304630032305089,0.0,False,False
2024-04-17,5.33,5022.21,4.59,4.93,-0.33999999999999986,489.9920959472656,98.29850769042969,38.684898376464844,30.440874099731445,33.59381866455078,-0.591815733489498,-1.4422925771657935,0.25258356907800206,2.086997203571772,-0.8326352572007534,0.0,False,False
2024-04-18,5.33,5011.12,4.64,4.98,-0.34000000000000075,488.9837646484375,97.17635345458984,38.82136535644531,30.611888885498047,33.60322189331055,-0.20578521718371823,-1.141578099409024,0.3527655124033968,0.5617932823029914,0.02799094932808277,0.0,False,False
2024-04-19,5.33,4967.23,4.62,4.97,-0.34999999999999964,484.7157897949219,95.17430877685547,39.35742950439453,31.08218002319336,33.73485565185547,-0.8728254723516571,-2.060217950728027,1.3808482597849059,1.5363022499343515,0.39172957570217104,0.0,False,False
2024-04-22,5.33,5010.6,4.62,4.97,-0.34999999999999964,489.1795959472656,96.02455139160156,39.83502197265625,31.367210388183594,34.007511138916016,,,,,,0.0,False,False
2024-04-23,5.33,5070.55,4.61,4.86,-0.25,494.9845275878906,97.4482421875,40.08843994140625,31.51447105407715,34.31778335571289,1.1866667556695853,1.4826320719712793,0.6361687685874751,0.4694732622733566,0.9123637878980739,0.0,False,False
2024-04-24,5.33,5071.63,4.65,4.89,-0.23999999999999932,494.74957275390625,97.89314270019531,40.07868957519531,31.704492568969727,34.44941329956055,-0.047467106725407326,0.4565505777305745,-0.02432213931294891,0.6029659027642076,0.3835619057422024,0.0,False,False
2024-04-25,5.33,5048.42,4.7,4.96,-0.2599999999999998,492.8700866699219,97.68057250976562,39.84477233886719,31.790002822875977,34.25197219848633,-0.3798863480614312,-0.21714512841894962,-0.5836449215467776,0.26971021132173867,-0.57313342133678,0.0,False,False
2024-04-26,5.33,5099.96,4.67,4.96,-0.29000000000000004,497.5394592285156,98.782958984375,39.78628921508789,31.443220138549805,34.28017044067383,0.9473840439663039,1.1285626673606552,-0.1467774072892558,-1.0908545251107293,0.0823258935984672,0.0,False,False
2024-04-29,5.33,5116.17,4.63,4.97,-0.33999999999999986,499.30145263671875,99.20809173583984,39.72780227661133,31.87075424194336,34.66566467285156,,,,,,0.0,False,False
2024-04-30,5.33,5035.69,4.69,5.04,-0.34999999999999964,491.3919372558594,97.02310943603516,39.33794403076172,31.704492568969727,34.02631759643555,-1.5841162366123096,-2.2024234733015624,-0.9813234649507119,-0.5216747357513873,-1.8443237204585294,0.0,False,False
2024-05-01,5.33,5018.39,4.63,4.96,-0.33000000000000007,489.7962951660156,96.02948760986328,39.33794403076172,32.07027816772461,34.04512023925781,-0.32471881788588286,-1.0241084128796651,0.0,1.1537342790115757,0.05525911750214885,0.0,False,False
2024-05-02,5.33,5064.2,4.58,4.87,-0.29000000000000004,494.3775634765625,97.41364288330078,39.435401916503906,32.241294860839844,34.53403091430664,0.935341560514269,1.4413856700567607,0.2477452448098827,0.5332560329562197,1.4360668184248526,0.0,False,False
2024-05-03,5.33,5127.79,4.5,4.81,-0.3099999999999996,500.505615234375,100.1275405883789,39.523128509521484,32.49782180786133,34.806697845458984,1.2395489218238076,2.7859523827984845,0.22245644460101577,0.7956471603535409,0.7895601061716384,0.0,False,False
2024-05-06,5.33,5180.74,4.49,4.82,-0.33000000000000007,505.67413330078125,101.30406188964844,40.02995681762695,32.664085388183594,34.81610107421875,,,,,,0.0,False,False
2024-05-07,5.33,5187.7,4.47,4.82,-0.35000000000000053,506.232177734375,100.97285461425781,40.16641616821289,33.03461837768555,35.18278121948242,0.11035653137942969,-0.3269437268482056,0.340893074673132,1.134374298556029,1.053191293539757,0.0,False,False
2024-05-08,5.33,5187.67,4.48,4.84,-0.35999999999999943,506.2810974121094,101.25956726074219,40.31261444091797,33.38139724731445,34.853702545166016,0.00966348641711079,0.2839502236315905,0.3639813721314278,1.049743834374528,-0.9353401377324322,0.0,False,False
2024-05-09,5.33,5214.08,4.45,4.8,-0.34999999999999964,509.1982727050781,101.22991180419922,40.6147575378418,33.88969802856445,35.681095123291016,0.5761967626048303,-0.02928657246441535,0.7495001282207703,1.5227067263965166,2.3739015304121702,0.0,False,False
2024-05-10,5.33,5222.68,4.5,4.87,-0.3700000000000001,509.85418701171875,101.60560607910156,40.770713806152344,33.8564453125,35.54946517944336,0.12881314446651082,0.37112970682915414,0.3839891649365157,-0.09812042596669679,-0.36890668123505943,0.0,False,False
2024-05-13,5.33,5221.42,4.48,4.85,-0.3699999999999992,509.9225769042969,102.08511352539062,40.605018615722656,33.8564453125,35.64348220825195,,,,,,0.0,False,False
2024-05-14,5.33,5246.68,4.45,4.81,-0.35999999999999943,512.2621459960938,102.98973846435547,40.809696197509766,33.94670486450195,35.89734649658203,0.45880868935048724,0.8861477523261385,0.5040696661763322,0.2665948866422463,0.7122320059719245,0.0,False,False
2024-05-15,5.33,5308.15,4.36,4.73,-0.3700000000000001,518.6055297851562,105.30817413330078,41.111846923828125,34.45500183105469,36.508480072021484,1.2383081277121954,2.2511326890569006,0.7403895506989722,1.4973381616318893,1.7024477714463915,0.0,False,False
2024-05-16,5.33,5297.1,4.38,4.78,-0.40000000000000036,517.5385131835938,104.9423599243164,41.111846923828125,34.33624267578125,36.44266891479492,-0.20574724723906312,-0.3473749421591177,0.0,-0.34467899858416917,-0.18026265978954292,0.0,False,False
2024-05-17,5.33,5303.27,4.42,4.83,-0.41000000000000014,518.2825317382812,104.71002960205078,41.414005279541016,34.36473846435547,36.44266891479492,0.14376100246351609,-0.22138850549309197,0.7349666296255775,0.08299040999706353,0.0,0.0,False,False
2024-05-20,5.33,5308.13,4.44,4.82,-0.3799999999999999,518.8795776367188,105.94091033935547,40.84868240356445,34.3077392578125,36.21701431274414,,,,,,0.0,False,False
2024-05-21,5.33,5321.41,4.41,4.82,-0.41000000000000014,520.1522827148438,106.11393737792969,41.111846923828125,34.616519927978516,36.18880844116211,0.2452794700307237,0.16332410021773214,0.6442423715500523,0.900032111838156,-0.07788016797427577,0.0,False,False
2024-05-22,5.33,5307.01,4.43,4.86,-0.4300000000000006,518.6544799804688,106.35121154785156,40.877925872802734,34.207977294921875,35.8785400390625,-0.2879546594619309,0.22360320970544745,-0.5689869673303649,-1.1801955653157337,-0.857360094085613,0.0,False,False
2024-05-23,5.33,5267.84,4.47,4.91,-0.4400000000000004,514.8660888671875,105.48612213134766,40.31261444091797,33.628421783447266,35.11695861816406,-0.7304267599161363,-0.8134269501148705,-1.3829259186090015,-1.6942115766682364,-2.122665582460359,0.0,False,False
2024-05-24,5.33,5304.72,4.46,4.93,-0.46999999999999975,518.272705078125,106.37594604492188,40.55628204345703,33.965702056884766,35.11695861816406,0.661650919452228,0.8435459523919553,0.604445050062874,1.002961945729841,0.0,0.0,False,False
2024-05-28,5.33,5306.04,4.54,4.94,-0.40000000000000036,518.6349487304688,106.8257827758789,40.10793685913086,33.932456970214844,34.910118103027344,,,,,,0.0,False,False
2024-05-29,5.33,5266.95,4.61,4.96,-0.34999999999999964,515.0031127929688,106.1485366821289,39.78628921508789,33.49541091918945,34.5810432434082,-0.700268261209569,-0.6339725075273916,-0.8019550972483969,-1.287988227345338,-0.9426346214239878,0.0,False,False
2024-05-30,5.33,5235.48,4.55,4.92,-0.3700000000000001,511.5867614746094,103.7262954711914,40.00071716308594,33.94670486450195,35.0793571472168,-0.663365178480535,-2.2819355656226503,0.5389493522224065,1.3473306728533307,1.441003096121407,0.0,False,False
2024-05-31,5.33,5277.51,4.51,4.89,-0.3799999999999999,516.2463989257812,103.8894271850586,40.58552551269531,34.545265197753906,35.775115966796875,0.910820568878834,0.15727131979998976,1.4619946618083635,1.7632354469781397,1.9833853187793737,0.0,False,False
2024-06-03,5.33,5283.4,4.41,4.82,-0.41000000000000014,516.667236328125,104.15142822265625,40.33210754394531,34.150970458984375,35.63408660888672,,,,,,0.0,False,False
2024-06-04,5.33,5291.34,4.33,4.77,-0.4399999999999995,517.244873046875,104.36893463134766,40.14691925048828,34.13672637939453,35.97255325317383,0.11180053197394901,0.20883670286921951,-0.4591584837347118,-0.04170915027714717,0.9498395398823023,0.0,False,False
2024-06-05,5.33,5354.03,4.29,4.72,-0.4299999999999997,523.3923950195312,106.6873779296875,40.263885498046875,33.941951751708984,35.9255485534668,1.1885128868351469,2.221392128346489,0.2913455122890207,-0.570572073961717,-0.13066823301702835,0.0,False,False
2024-06-06,5.33,5352.96,4.28,4.72,-0.4399999999999995,523.382568359375,106.3314437866211,40.24439239501953,33.59041976928711,35.98196029663086,-0.0018774938745358405,-0.3336234800905724,-0.048413367925681516,-1.035685823235477,0.15702402728827725,0.0,False,False
2024-06-07,5.33,5346.99,4.43,4.87,-0.4400000000000004,522.746337890625,106.57861328125,40.4295768737793,33.224639892578125,35.69989776611328,-0.12156126459166305,0.23245193126966157,0.460149769294782,-1.0889410707615843,-0.7838998436780265,0.0,False,False
2024-06-10,5.33,5360.79,4.47,4.87,-0.40000000000000036,524.3614501953125,106.8504867553711,40.27363204956055,33.65217971801758,35.8785400390625,,,,,,0.0,False,False
2024-06-11,5.33,5375.32,4.39,4.81,-0.41999999999999993,525.624267578125,108.83772277832031,39.81553268432617,33.44791030883789,35.76570510864258,0.24082956181126214,1.8598287039149453,-1.1374672258778196,-0.6070020155940159,-0.3144914210474359,0.0,False,False
2024-06-12,5.33,5421.03,4.31,4.75,-0.4400000000000004,529.9412841796875,111.24512481689453,39.77654266357422,33.22938537597656,36.01957321166992,0.8213122695901465,2.21191878800846,-0.09792665857589755,-0.6533291044002465,0.7098087462729774,0.0,False,False
2024-06-13,5.33,5433.74,4.24,4.68,-0.4399999999999995,531.00830078125,112.12506103515625,39.7473030090332,33.30539321899414,36.198211669921875,0.20134619313800783,0.7909885666540939,-0.0735097939213114,0.22873683084287944,0.49594829234145266,0.0,False,False
2024-06-14,5.33,5431.6,4.2,4.67,-0.46999999999999975,531.3314208984375,112.54523468017578,39.62059783935547,33.224639892578125,36.226417541503906,0.06085029494118377,0.3747366031647381,-0.3187767724741941,-0.2424632127446591,0.0779206217125683,0.0,False,False
2024-06-17,5.33,5473.23,4.28,4.75,-0.46999999999999975,535.5601806640625,114.25068664550781,39.97147750854492,32.858848571777344,36.03838348388672,,,,,,0.0,False,False
2024-06-18,5.33,5487.03,4.22,4.69,-0.47000000000000064,536.9208984375,114.39404296875,40.22489929199219,32.87310028076172,36.179405212402344,0.2540737385946512,0.12547523997556986,0.634006544774568,0.04337251487447347,0.3913098060535303,0.0,False,False
2024-06-20,5.33,5473.17,4.25,4.7,-0.4500000000000002,535.46240234375,113.10877227783203,40.43932342529297,33.15812683105469,36.085384368896484,,,,,,0.0,False,False
2024-06-21,5.33,5464.62,4.25,4.7,-0.4500000000000002,534.744384765625,112.91104125976562,40.28337097167969,32.963356018066406,36.179405212402344,-0.1340929960688575,-0.1748149273344768,-0.3856455558693628,-0.5873999275672781,0.2605510379069198,0.0,False,False
2024-06-24,5.33,5447.87,4.25,4.71,-0.45999999999999996,533.0061645507812,110.14286804199219,40.697296142578125,33.39674377441406,36.423492431640625,,,,,,0.0,False,False
2024-06-25,5.33,5469.3,4.23,4.65,-0.41999999999999993,535.0587158203125,112.16328430175781,40.39394760131836,33.0806884765625,35.910621643066406,0.38508959296206235,1.834359587400014,-0.7453776295039849,-0.9463656097325801,-1.4080769150206285,0.0,False,False
2024-06-26,5.33,5477.9,4.32,4.71,-0.3899999999999997,535.7265625,112.03453063964844,40.139530181884766,32.94180679321289,35.86313247680664,0.12481745646617526,-0.1147912731968348,-0.6298404452683148,-0.41982706450625074,-0.13224267385785193,0.0,False,False
2024-06-27,5.33,5482.87,4.29,4.7,-0.41000000000000014,536.571044921875,112.08901977539062,40.09060287475586,32.9992790222168,36.18605422973633,0.15763310632463945,0.04863601911935245,-0.12189307375348735,0.1744659282494121,0.9004281852359908,0.0,False,False
2024-06-28,5.33,5460.48,4.36,4.71,-0.34999999999999964,534.4595947265625,112.02957153320312,40.22760009765625,32.63054275512695,36.48047637939453,-0.39350803873883233,-0.053036633121272825,0.3417190390685221,-1.1174070404434966,0.8136343017367764,0.0,False,False
2024-07-01,5.33,5475.09,4.48,4.77,-0.28999999999999915,535.5596313476562,112.87638092041016,40.315670013427734,32.40546798706055,36.12906265258789,,,,,,0.0,False,False
2024-07-02,5.33,5509.01,4.43,4.74,-0.3100000000000005,539.163818359375,113.44091033935547,40.78536605834961,32.57307815551758,36.281028747558594,0.6729758556762944,0.5001306866344146,1.1650458612381565,0.5172280447360178,0.42062008757877134,0.0,False,False
2024-07-03,5.33,5537.02,4.36,4.71,-0.34999999999999964,541.5697631835938,114.97108459472656,40.65814971923828,32.76941680908203,36.2430419921875,0.4462363278640913,1.3488733921418916,-0.3119166294335174,0.6027635847832613,-0.10470142849422492,0.0,False,False
2024-07-05,5.33,5567.19,4.28,4.6,-0.3199999999999994,544.6927490234375,115.32268524169922,40.64836883544922,32.82688903808594,36.376007080078125,,,,,,0.0,False,False
2024-07-08,5.33,5572.85,4.28,4.62,-0.33999999999999986,545.3213500976562,116.11004638671875,40.540733337402344,32.86040496826172,36.46148681640625,,,,,,0.0,False,False
2024-07-09,5.33,5576.98,4.3,4.62,-0.3200000000000003,545.8516235351562,116.0159683227539,40.853858947753906,32.956180572509766,36.470985412597656,0.09724054218764877,-0.0810249129102103,0.772372832394419,0.2914620326211814,0.02605103911212936,0.0,False,False
2024-07-10,5.33,5633.91,4.28,4.62,-0.33999999999999986,551.2529907226562,117.69964599609375,41.01042556762695,33.2674446105957,36.7274169921875,0.9895302962586339,1.4512464944962389,0.383235816409111,0.9444784944089513,0.7031111901387499,0.0,False,False
2024-07-11,5.33,5584.54,4.2,4.5,-0.2999999999999998,546.499755859375,114.75320434570312,41.33334732055664,33.87561798095703,37.70568084716797,-0.8622601497454196,-2.5033564251233265,0.7874138062702762,1.8281337129441688,2.6635792416018766,0.0,False,False
2024-07-12,5.33,5615.35,4.18,4.45,-0.27000000000000046,549.94677734375,115.77826690673828,41.47034454345703,34.124629974365234,37.98111343383789,0.6307452926405333,0.8932757624328103,0.33144478195274996,0.7350773454470438,0.7304803427004236,0.0,False,False
2024-07-15,5.33,5631.22,4.23,4.44,-0.20999999999999996,551.459228515625,115.98624420166016,42.077030181884766,33.296180725097656,38.1425666809082,,,,,,0.0,False,False
2024-07-16,5.33,5667.2,4.17,4.43,-0.2599999999999998,554.7294311523438,115.59999084472656,42.556514739990234,33.55476760864258,38.503482818603516,0.5930089601585253,-0.33301652242659907,1.1395399248302907,0.7766262613718045,0.946229289482936,0.0,False,False
2024-07-17,5.33,5588.27,4.16,4.42,-0.2599999999999998,546.9515991210938,111.10356140136719,42.879432678222656,33.57392501831055,38.84539794921875,-1.4020947140109485,-3.889645155248289,0.7587978954699981,0.05709295886475729,0.8880109163788008,0.0,False,False
2024-07-18,5.33,5544.59,4.2,4.46,-0.2599999999999998,542.7482299804688,111.11345672607422,42.36080551147461,33.545196533203125,38.52248001098633,-0.768508428785919,0.008906397402763666,-1.2095009993251193,-0.08556784794078176,-0.8312900762519226,0.0,False,False
2024-07-19,5.33,5505.0,4.25,4.49,-0.2400000000000002,539.1441040039062,109.37528991699219,41.93024444580078,33.58350372314453,38.4749870300293,-0.6640511709623098,-1.5643171046033633,-1.0164137826822017,0.11419575349183031,-0.12328640560910209,0.0,False,False
2024-07-22,5.33,5564.41,4.26,4.5,-0.2400000000000002,544.70263671875,111.96520233154297,42.165096282958984,33.86604309082031,38.854896545410156,,,,,,0.0,False,False
2024-07-23,5.33,5555.74,4.25,4.4,-0.15000000000000036,543.8482055664062,111.51952362060547,42.243377685546875,33.65533447265625,38.78841018676758,-0.15686194535257103,-0.39805109235437897,0.18565450927128246,-0.6221825726701935,-0.17111449148983215,0.0,False,False
2024-07-24,5.33,5427.13,4.28,4.37,-0.08999999999999986,531.5232543945312,106.90424346923828,41.66604232788086,34.03364944458008,38.25653839111328,-2.2662483843334247,-4.138540052474204,-1.366688435672947,1.1240862046139943,-1.3712131873755973,0.0,False,False
2024-07-25,5.33,5399.22,4.27,4.41,-0.14000000000000057,528.7538452148438,105.76033020019531,41.82261276245117,33.75111389160156,38.04759216308594,-0.5210325525347281,-1.0700354185398941,0.37577467362563954,-0.8301653145913468,-0.5461712868299662,0.0,False,False
2024-07-26,5.33,5459.1,4.2,4.36,-0.16000000000000014,534.6757202148438,107.1023178100586,42.47822952270508,34.08153533935547,38.683937072753906,1.1199682146224132,1.2688950642674834,1.5676131091516332,0.978994200947314,1.6724971896785457,0.0,False,False
2024-07-29,5.33,5463.54,4.17,4.36,-0.1900000000000004,534.989990234375,106.62693786621094,42.419517517089844,34.23477554321289,38.930877685546875,,,,,,0.0,False,False
2024-07-30,5.33,5436.44,4.15,4.35,-0.1999999999999993,532.2794799804688,103.94789123535156,42.90878677368164,34.411964416503906,39.21580505371094,-0.5066469099204607,-2.5125420315651237,1.1534059914629635,0.5175698408402152,0.7318801555554089,0.0,False,False
2024-07-31,5.33,5522.3,4.09,4.29,-0.20000000000000018,540.9314575195312,108.35022735595703,42.801143646240234,34.8573112487793,39.120826721191406,1.625457652318274,4.235137498497199,-0.2508649988384848,1.2941627710791215,-0.2421940143507051,0.0,False,False
2024-08-01,5.33,5446.68,3.99,4.16,-0.16999999999999993,533.2713623046875,104.30938720703125,42.19445037841797,35.48463821411133,39.72867965698242,-1.4160935010083309,-3.72942470683576,-1.4174697593052676,1.7996998129165886,1.5537834619986368,0.0,False,False
2024-08-02,5.33,5346.56,3.8,3.88,-0.08000000000000007,523.3427124023438,101.37779235839844,41.15720748901367,35.54210662841797,39.75716781616211,-1.8618381942420825,-2.8104803672312273,-2.4582448167990267,0.16195293850786996,0.07170678569148325,0.0,False,False
2024-08-05,5.33,5186.33,3.78,3.89,-0.11000000000000032,508.10101318359375,98.00050354003906,39.96339416503906,34.603511810302734,38.60795974731445,,,,,,0.0,False,False
2024-08-06,5.33,5240.03,3.9,3.99,-0.0900000000000003,512.7855224609375,99.33258819580078,40.609230041503906,34.89562225341797,39.462738037109375,0.9219641677138402,1.3592630727835786,1.6160686297007176,0.8441641551198309,2.2139949776920798,0.0,False,False
2024-08-07,5.33,5199.5,3.96,4.0,-0.040000000000000036,509.3580627441406,97.72319793701172,40.65814971923828,35.09196090698242,39.17781066894531,-0.6684002505273456,-1.6202036894646166,0.12046443058482126,0.5626455150695042,-0.7220162166551303,0.0,False,False
2024-08-08,5.33,5319.31,3.99,4.04,-0.04999999999999982,521.1329345703125,101.37284088134766,41.31377029418945,35.130271911621094,39.510231018066406,2.311708145491087,3.7346740808547274,1.6125194566858347,0.10917316572938152,0.8484913869487576,0.0,False,False
2024-08-09,5.33,5344.16,3.94,4.05,-0.10999999999999988,523.4310302734375,101.82843017578125,41.48991012573242,35.24999237060547,39.709686279296875,0.4409807077381922,0.4494194800822804,0.42634654326803023,0.340790015191339,0.5048192736186952,0.0,False,False
2024-08-12,5.33,5344.39,3.9,4.01,-0.10999999999999988,523.7059936523438,102.66036224365234,41.27463150024414,35.3122444152832,39.47223663330078,,,,,,0.0,False,False
2024-08-13,5.33,5434.43,3.85,3.93,-0.08000000000000007,532.3186645507812,105.81478881835938,41.61711883544922,35.518157958984375,39.7476692199707,1.6445622167454044,3.0726821002446503,0.8297768453803256,0.5831222203821484,0.6977881421534438,0.0,False,False
2024-08-14,5.33,5455.21,3.83,3.94,-0.10999999999999988,533.9981079101562,106.3941879272461,42.12595748901367,35.49421691894531,39.890140533447266,0.3154958620119608,0.5475596703985453,1.2226667001537628,-0.06740507226390413,0.3584394161280313,0.0,False,False
2024-08-15,5.33,5543.22,3.92,4.08,-0.16000000000000014,543.1509399414062,109.45453643798828,42.517372131347656,35.48942947387695,39.77616500854492,1.7140195621797805,2.876424521266996,0.9291531057449953,-0.013487957994096078,-0.28572354817044676,0.0,False,False
2024-08-16,5.33,5554.25,3.89,4.06,-0.16999999999999948,544.3687133789062,109.63774871826172,42.83049774169922,35.6474609375,39.75716781616211,0.22420534476683684,0.16738664859015095,0.7364651074488693,0.44529164307747227,-0.04776024128704259,0.0,False,False
2024-08-19,5.33,5608.25,3.86,4.06,-0.19999999999999973,549.5736083984375,111.44524383544922,43.065345764160156,35.88210678100586,39.99460983276367,,,,,,0.0,False,False
2024-08-20,5.33,5597.12,3.82,3.99,-0.17000000000000037,548.679931640625,111.05403137207031,42.9283561706543,35.80548858642578,40.0326042175293,-0.1626127499857244,-0.35103558475455543,-0.3180970478120826,-0.21352758088506452,0.09499876339460478,0.0,False,False
2024-08-21,5.33,5620.85,3.79,3.92,-0.1299999999999999,550.5655517578125,111.70771789550781,42.859859466552734,36.059288024902344,40.16557312011719,0.34366485968408966,0.5886202557090492,-0.1595605101422093,0.708828306766307,0.3321515179611101,0.0,False,False
2024-08-22,5.33,5570.64,3.86,3.99,-0.13000000000000034,546.244384765625,109.1375961303711,43.1044921875,36.01619338989258,40.412506103515625,-0.7848596735468005,-2.3007557701078762,0.570773502274724,-0.11951049887619636,0.6147876507574646,0.0,False,False
2024-08-23,5.33,5634.61,3.81,3.9,-0.08999999999999986,552.0484619140625,110.90547180175781,43.47633743286133,36.11675262451172,41.19131851196289,1.0625422082696234,1.6198594563828328,0.8626600766895587,0.2792056160142664,1.9271569213063833,0.0,False,False
2024-08-26,5.33,5616.84,3.82,3.91,-0.0900000000000003,550.732421875,109.51396179199219,43.61332702636719,36.351409912109375,41.16282272338867,,,,,,0.0,False,False
2024-08-27,5.33,5625.8,3.83,3.83,0.0,551.4887084960938,110.17753601074219,43.8383903503418,36.0640754699707,41.26729965209961,0.13732378756980967,0.6059265940998149,0.5160425478169639,-0.7904354819617487,0.2538138101291443,0.0,False,False
2024-08-28,5.33,5592.18,3.84,3.83,0.009999999999999787,548.287109375,108.65725708007812,43.9460334777832,36.0640754699707,41.12483215332031,-0.5805375652793487,-1.3798447357870058,0.2455453463988011,0.0,-0.34523096975173084,0.0,False,False
2024-08-29,5.33,5591.96,3.87,3.87,0.0,548.336181640625,107.67676544189453,44.33745193481445,36.26041793823242,40.96337127685547,0.008950103839011625,-0.9023710560455145,0.8906798317284581,0.5444267340922293,-0.3926116363536569,0.0,False,False
2024-08-30,5.33,5648.4,3.91,3.91,0.0,553.5706176757812,109.1078872680664,44.758216857910156,36.533382415771484,41.362274169921875,0.9546034367994505,1.3290906541431724,0.9490056481241238,0.7527891101642536,0.9738038658253512,0.0,False,False
2024-09-03,5.33,5528.93,3.84,3.88,-0.040000000000000036,542.1785888671875,104.09645080566406,44.42551803588867,36.4807014465332,41.457252502441406,,,,,,0.0,False,False
2024-09-04,5.33,5520.07,3.77,3.76,0.010000000000000231,541.0689697265625,103.82904052734375,44.47444152832031,36.791969299316406,41.55222702026367,-0.20465934350956116,-0.25688702760821025,0.11012475395810739,0.8532397690855786,0.22909023654347216,0.0,False,False
2024-09-05,5.33,5503.41,3.73,3.75,-0.020000000000000018,539.7529296875,103.67056274414062,43.985172271728516,36.70098114013672,41.438255310058594,-0.2432296274036183,-0.1526333888844822,-1.1001133230200133,-0.2473044006953362,-0.2742854435924591,0.0,False,False
2024-09-06,5.33,5408.42,3.72,3.66,0.06000000000000005,530.6687622070312,100.98162841796875,43.3393440246582,36.351409912109375,41.438255310058594,-1.6830232835842507,-2.593729844804815,-1.468286274021069,-0.9524846943261944,0.0,0.0,False,False
2024-09-09,5.33,5471.05,3.7,3.68,0.020000000000000018,536.6103515625,102.63560485839844,43.985172271728516,36.720130920410156,41.93212890625,,,,,,0.0,False,False
2024-09-10,5.33,5495.52,3.65,3.59,0.06000000000000005,538.9475708007812,104.17073059082031,43.53504943847656,36.89253616333008,42.67295455932617,0.4355523950434037,1.495704862401137,-1.0233513022779972,0.4695115147971718,1.7667255929992853,0.0,False,False
2024-09-11,5.33,5554.13,3.65,3.62,0.029999999999999805,544.4766845703125,107.72626495361328,43.32955551147461,37.0074577331543,42.55897903442383,1.025909396217517,3.4131798276034075,-0.47201950991776487,0.3115035770797636,-0.26709077465889575,0.0,False,False
2024-09-12,5.33,5595.76,3.68,3.64,0.040000000000000036,549.06298828125,108.61763763427734,43.42741394042969,37.0888671875,42.63496017456055,0.8423324342266225,0.8274422964983374,0.22584683318331855,0.2199812127942291,0.17853139774630655,0.0,False,False
2024-09-13,5.33,5626.02,3.66,3.57,0.0900000000000003,551.9305419921875,109.16236114501953,43.55461502075195,37.61084747314453,42.93888473510742,0.5222631596265348,0.5015055773688548,0.29290503113252875,1.4073772677005714,0.71285292469494,0.0,False,False
2024-09-16,5.33,5633.09,3.63,3.56,0.06999999999999984,552.7457275390625,108.74639892578125,44.122169494628906,37.89816665649414,43.08134841918945,,,,,,0.0,False,False
2024-09-17,5.33,5634.58,3.65,3.59,0.06000000000000005,552.9716186523438,108.53345489501953,44.35702133178711,37.86943817138672,42.73942947387695,0.04086709349830908,-0.19581708715435964,0.5322762680261883,-0.07580441916310576,-0.793658875264458,0.0,False,False
2024-09-18,5.33,5618.26,3.7,3.61,0.0900000000000003,551.3316040039062,107.54304504394531,44.22002029418945,37.582115173339844,42.61595916748047,-0.2965820655378981,-0.9125387669932761,-0.30885986814330746,-0.758719991425616,-0.2888908624106734,0.0,False,False
2024-09-19,4.83,5713.64,3.73,3.59,0.14000000000000012,560.73974609375,110.73709869384766,44.70928955078125,37.3618278503418,42.5114860534668,1.7064398306789519,2.9700234437263218,1.1064428585440655,-0.5861493478534041,-0.24515021145739002,-0.5,False,True
2024-09-20,4.83,5702.55,3.73,3.55,0.18000000000000016,559.7703857421875,110.19734191894531,44.679935455322266,38.34831619262695,42.435508728027344,-0.1728717035514804,-0.4874218137090547,-0.06565547284226314,2.6403642408414196,-0.17872187611577273,0.0,False,False
2024-09-23,4.83,5718.57,3.75,3.57,0.18000000000000016,561.169189453125,110.17699432373047,44.62591552734375,38.72871017456055,42.905113220214844,,,,,,0.0,False,False
2024-09-24,4.83,5732.93,3.74,3.49,0.25,562.7748413085938,110.93106079101562,44.25272750854492,38.45389938354492,42.905113220214844,0.2861261604603538,0.6844137216790447,-0.8362585156828084,-0.7095789913399653,0.0,0.0,False,False
2024-09-25,4.83,5722.26,3.79,3.53,0.26000000000000023,561.53369140625,111.2485580444336,43.98756408691406,38.6563835144043,42.723392486572266,-0.22054111364639972,0.28621132003425753,-0.5992024369111615,0.5265633241502199,-0.42354097216776854,0.0,False,False
2024-09-26,4.83,5745.37,3.79,3.6,0.18999999999999995,563.7599487304688,112.72195434570312,44.21343994140625,38.39122009277344,42.30256652832031,0.39646015159722214,1.3244183359941042,0.513499347328894,-0.6859498937143327,-0.9850012692325771,0.0,False,False
2024-09-27,4.83,5738.17,3.75,3.55,0.20000000000000018,562.9423828125,111.67023468017578,44.34111785888672,38.772098541259766,42.35995101928711,-0.14502022000850712,-0.9330211418282053,0.2887762581913478,0.9920977962303068,0.13565250450793265,0.0,False,False
2024-09-30,4.83,5762.48,3.81,3.66,0.1499999999999999,565.1981201171875,111.99765014648438,44.5080680847168,38.94566345214844,42.723392486572266,,,,,,0.0,False,False
2024-10-01,4.83,5708.75,3.74,3.61,0.13000000000000034,560.1349487304688,109.2691421508789,44.272369384765625,39.259037017822266,42.46516036987305,-0.8958224039508411,-2.436218967127246,-0.5295639871461977,0.8046430279942784,-0.6044279296883559,0.0,False,False
2024-10-02,4.83,5709.54,3.79,3.63,0.16000000000000014,560.3712768554688,110.0777816772461,44.321475982666016,39.2783203125,42.3121337890625,0.04219128364255642,0.7400438133307707,0.11091929025439651,0.049118104116963046,-0.3603579486752939,0.0,False,False
2024-10-03,4.83,5699.94,3.85,3.7,0.1499999999999999,559.3468627929688,110.5341796875,44.08577346801758,39.26385498046875,41.9008674621582,-0.18280988066492476,0.4146141058620545,-0.5318020427402259,-0.03682777653464253,-0.9719820062835227,0.0,False,False
2024-10-04,4.83,5751.07,3.98,3.93,0.04999999999999982,564.4298095703125,111.76448059082031,44.832157135009766,39.2011833190918,41.623504638671875,0.9087289328777448,1.1130501956938543,1.6930261358205634,-0.15961667902484322,-0.661950074749218,0.0,False,False
2024-10-07,4.83,5695.94,4.03,3.99,0.040000000000000036,559.3271484375,110.99555206298828,44.282188415527344,38.299617767333984,41.31745529174805,,,,,,0.0,False,False
2024-10-08,4.83,5751.13,4.04,3.98,0.06000000000000005,564.6170043945312,113.0692138671875,44.537532806396484,38.318904876708984,41.44178771972656,0.9457534775146659,1.86823865070056,0.5766300176339278,0.050358490500257425,0.3009198584486672,0.0,False,False
2024-10-09,4.83,5792.04,4.06,3.99,0.0699999999999994,568.5277099609375,114.33424377441406,44.95001220703125,37.991065979003906,41.460914611816406,0.6926297890372357,1.1188102083317553,0.9261388645567914,-0.8555539328691686,0.046153636564127964,0.0,False,False
2024-10-10,4.83,5780.05,4.09,3.98,0.10999999999999988,567.5327758789062,114.30448150634766,44.81251525878906,37.8753547668457,41.11660385131836,-0.17500186263561535,-0.026030930965115218,-0.3058885670795819,-0.30457479719614433,-0.8304466115176323,0.0,False,False
2024-10-11,4.83,5815.03,4.08,3.95,0.1299999999999999,570.9312744140625,114.5029067993164,45.67675018310547,38.20801544189453,41.53742980957031,0.5988197826800823,0.17359362498636788,1.9285570544869346,0.8783037864506626,1.0234939631047935,0.0,False,False
2024-10-14,4.83,5859.85,,,,575.6006469726562,115.99615478515625,45.9615592956543,38.69013595581055,41.82435607910156,,,,,,0.0,False,False
2024-10-15,4.83,5815.26,4.03,3.95,0.08000000000000007,571.1283569335938,113.44624328613281,46.05976486206055,38.86370086669922,42.35038757324219,-0.776977938191048,-2.198272437346127,0.2136689179201401,0.44860248381373147,1.2577157031318231,0.0,False,False
2024-10-16,4.83,5842.47,4.02,3.93,0.08999999999999941,573.6107177734375,113.7984619140625,46.629371643066406,39.63508605957031,42.77121353149414,0.43464149690826126,0.3104718302935128,1.236668885982617,1.9848474943673367,0.9936767580324135,0.0,False,False
2024-10-17,4.83,5841.47,4.09,3.96,0.1299999999999999,573.6600341796875,114.14572143554688,46.757041931152344,39.283145904541016,42.49385070800781,0.00859753918849293,0.30515308875318503,0.27379800239044627,-0.8879510303076987,-0.648480135552143,0.0,False,False
2024-10-18,4.83,5864.67,4.08,3.95,0.1299999999999999,575.8666381835938,114.55252838134766,46.76686096191406,39.50973892211914,42.79034423828125,0.3846536053468741,0.3563926362588177,0.02100011111947353,0.5768199373052951,0.6977327903530339,0.0,False,False
2024-10-21,4.83,5853.98,4.19,4.02,0.17000000000000082,574.9208984375,115.08831024169922,46.393672943115234,39.355464935302734,41.910430908203125,,,,,,0.0,False,False
2024-10-22,4.83,5851.2,4.2,4.03,0.16999999999999993,574.615478515625,114.96924591064453,46.3052864074707,39.215641021728516,41.97738265991211,-0.053123816285871595,-0.10345475644280011,-0.1905142016949246,-0.35528461880472983,0.1597496142562438,0.0,False,False
2024-10-23,4.83,5797.42,4.24,4.07,0.16999999999999993,569.364990234375,113.32221221923828,46.2660026550293,39.59170150756836,42.38864517211914,-0.9137394444739488,-1.432586321985918,-0.084836431192159,0.9589553454742106,0.9797240469682222,0.0,False,False
2024-10-24,4.83,5809.86,4.21,4.07,0.13999999999999968,570.596435546875,113.65460205078125,46.3052864074707,39.336177825927734,42.48428726196289,0.21628398893882572,0.29331392763487507,0.08490846450321943,-0.6453970703728884,0.22563139127329546,0.0,False,False
2024-10-25,4.83,5808.12,4.25,4.11,0.13999999999999968,570.3993530273438,114.24494934082031,45.79460525512695,38.752811431884766,42.149539947509766,-0.03453973899124607,0.5194222489779188,-1.102857129205359,-1.4830276510964246,-0.7879320474156404,0.0,False,False
2024-10-28,4.83,5823.52,4.28,4.12,0.16000000000000014,572.1626586914062,114.21022033691406,46.36421203613281,39.056549072265625,42.28343200683594,,,,,,0.0,False,False
2024-10-29,4.83,5832.92,4.28,4.11,0.16999999999999993,573.0886840820312,115.74810791015625,46.07940673828125,38.22248077392578,41.9008674621582,0.16184652678015166,1.3465411140137107,-0.6142783093770809,-2.1355401799492912,-0.9047622828153745,0.0,False,False
2024-10-30,4.83,5813.67,4.29,4.15,0.13999999999999968,571.35498046875,113.90760040283203,46.28564453125,38.13087463378906,42.053897857666016,-0.3025192542508992,-1.5900972729099183,0.4475704171716499,-0.239665605899686,0.36522011303470325,0.0,False,False
2024-10-31,4.83,5705.45,4.28,4.16,0.1200000000000001,560.1546630859375,110.25141906738281,45.64728927612305,38.52621841430664,41.31745529174805,-1.960307998649724,-3.2097782084068216,-1.3791646666947988,1.0368075327788384,-1.751187412901667,0.0,False,False
2024-11-01,4.83,5728.8,4.37,4.21,0.16000000000000014,562.5187377929688,111.07987976074219,45.80442428588867,37.66804122924805,40.87749481201172,0.4220396370544055,0.7514285987131331,0.3442373298775836,-2.2275147169386167,-1.0648295656876972,0.0,False,False
2024-11-04,4.83,5712.69,4.31,4.17,0.13999999999999968,561.30712890625,110.99555206298828,45.450870513916016,37.21966552734375,41.33658218383789,,,,,,0.0,False,False
2024-11-05,4.83,5782.76,4.26,4.19,0.0699999999999994,568.0942993164062,112.55823516845703,45.873165130615234,37.7789306640625,41.9008674621582,1.2091723159443069,1.4078790333705848,0.9291232751414968,1.502606562404174,1.3650990200659185,0.0,False,False
2024-11-06,4.83,5929.04,4.42,4.27,0.15000000000000036,582.2202758789062,115.76298522949219,48.66228103637695,37.38841247558594,40.78185272216797,2.486554887013992,2.8471928830785753,6.080059873392729,-1.0336930707465664,-2.6706242800363156,0.0,False,False
2024-11-07,4.83,5973.1,4.31,4.21,0.09999999999999964,586.7221069335938,117.7820816040039,47.87662124633789,37.455909729003906,41.28875732421875,0.773217842317786,1.7441640525328594,-1.6145149247149937,0.18052987262309195,1.2429660945130205,0.0,False,False
2024-11-08,4.58,5995.54,4.3,4.26,0.040000000000000036,589.263671875,117.65310668945312,48.30873489379883,38.17426681518555,41.99650955200195,0.4331803610893914,-0.10950300147046788,0.9025566888640757,1.917873818521576,1.7141524077016967,-0.25,False,True
2024-11-11,4.58,6001.35,,,,589.8251342773438,117.00322723388672,48.996192932128906,38.28033447265625,41.6330680847168,,,,,,0.0,False,False
2024-11-12,4.58,5983.99,4.43,4.34,0.08999999999999986,587.992919921875,117.15204620361328,48.848880767822266,37.84160232543945,41.10703659057617,-0.3106368733698628,0.12719219225387768,-0.30066042990463115,-1.1461032231319335,-1.2634944248409274,0.0,False,False
2024-11-13,4.58,5985.38,4.44,4.27,0.17000000000000082,588.278564453125,116.74525451660156,48.87834548950195,37.774105072021484,41.43222427368164,0.0485795868576,-0.3472339580861461,0.0603181100908623,-0.17836785249601972,0.7910754704707035,0.0,False,False
2024-11-14,4.58,5949.17,4.43,4.34,0.08999999999999986,584.495849609375,116.34837341308594,48.75067138671875,37.64393997192383,41.05921936035156,-0.6430142235875125,-0.339954806008147,-0.261207906087213,-0.3445881771374282,-0.9002773079866189,0.0,False,False
2024-11-15,4.58,5870.62,4.43,4.31,0.1200000000000001,577.0092163085938,113.46113586425781,48.9765510559082,38.20801544189453,41.10703659057617,-1.2808702244480719,-2.4815452628436985,0.46333653007082365,1.498449605411678,0.11645918010507739,0.0,False,False
2024-11-18,4.58,5893.62,4.42,4.29,0.1299999999999999,579.3734741210938,113.82823181152344,49.12386703491211,38.54068374633789,41.47047805786133,,,,,,0.0,False,False
2024-11-19,4.58,5916.98,4.39,4.27,0.1200000000000001,581.4913330078125,114.7608871459961,48.79977798461914,38.78656005859375,41.64263153076172,0.3655429496373763,0.8193532655562441,-0.6597384730779421,0.6379656206260798,0.4151229524294253,0.0,False,False
2024-11-20,4.58,5917.11,4.41,4.31,0.10000000000000053,581.6884155273438,114.66166687011719,48.652462005615234,38.805843353271484,41.575687408447266,0.03389259793638022,-0.08645826844531079,-0.3018783795498803,0.04971643437470252,-0.16075862608491143,0.0,False,False
2024-11-21,4.58,5948.71,4.43,4.34,0.08999999999999986,584.81103515625,115.82747650146484,49.271175384521484,39.48081588745117,41.853050231933594,0.5368199787983308,1.0167387786785165,1.2717000402463485,1.7393579828559158,0.6671274506214742,0.0,False,False
2024-11-22,4.58,5969.34,4.41,4.37,0.040000000000000036,586.62353515625,115.88701629638672,49.82114791870117,39.2686767578125,42.16866683959961,0.309929172166834,0.05140386091475602,1.1162155761205161,-0.537322050900424,0.7541065846264239,0.0,False,False
2024-11-25,4.58,5987.37,4.27,4.21,0.05999999999999961,588.613525390625,115.8820571899414,50.145240783691406,39.34099578857422,42.73295974731445,,,,,,0.0,False,False
2024-11-26,4.58,6021.63,4.3,4.21,0.08999999999999986,591.6869506835938,116.46247100830078,50.243446350097656,39.96775436401367,42.9433708190918,0.5221465631339628,0.5008659946448946,0.19584224718327548,1.5931436479335037,0.4923859077899939,0.0,False,False
2024-11-27,4.58,5998.74,4.25,4.19,0.05999999999999961,589.8941040039062,114.88490295410156,50.341651916503906,39.96775436401367,43.23986053466797,-0.3030059523226214,-1.354572026972345,0.19545945499428452,0.0,0.690420220679,0.0,False,False
2024-11-29,4.58,6032.38,4.18,4.13,0.04999999999999982,593.5586547851562,115.95149993896484,50.42021560668945,39.982215881347656,43.03901290893555,,,,,,0.0,False,False
2024-12-02,4.58,6047.15,4.19,4.17,0.020000000000000462,594.6224365234375,117.0528335571289,49.91935348510742,39.124046325683594,42.38864517211914,,,,,,0.0,False,False
2024-12-03,4.58,6049.88,4.23,4.17,0.0600000000000005,594.898193359375,117.47450256347656,49.54616165161133,38.78656005859375,42.13997268676758,0.04637511452640908,0.36023818777686234,-0.7475894767095315,-0.8626057342854487,-0.5866488167805994,0.0,False,False
2024-12-04,4.58,6086.49,4.19,4.13,0.0600000000000005,598.59228515625,119.62258911132812,49.35956573486328,38.78173828125,42.02519989013672,0.6209620130151361,1.8285555596976089,-0.37661023685369166,-0.012431567368864638,-0.2723608709573222,0.0,False,False
2024-12-05,4.58,6075.11,4.17,4.15,0.019999999999999574,597.6072387695312,119.01734924316406,49.50687789916992,38.90226364135742,41.92000198364258,-0.16456048818965785,-0.505957840120641,0.29844704286488,0.3107786433742543,-0.2503210139848222,0.0,False,False
2024-12-06,4.58,6090.27,4.15,4.1,0.05000000000000071,598.7400512695312,119.47871398925781,49.49705505371094,38.42015075683594,41.86260986328125,0.18955802850253445,0.3876449517886238,-0.019841375331708377,-1.2392926256582837,-0.1369086775895756,0.0,False,False
2024-12-09,4.58,6052.85,4.2,4.13,0.07000000000000028,595.6567993164062,118.6998519897461,48.819419860839844,37.93803024291992,41.94869613647461,,,,,,0.0,False,False
2024-12-10,4.58,6034.91,4.22,4.15,0.0699999999999994,593.8048095703125,117.0528335571289,48.80959701538086,37.6632194519043,41.269630432128906,-0.3109155722253454,-1.3875488511640777,-0.020120774656862128,-0.7243675785379211,-1.6188005036830044,0.0,False,False
2024-12-11,4.58,6084.19,4.26,4.15,0.10999999999999943,598.3953857421875,118.74945831298828,48.907806396484375,37.42698287963867,41.1644287109375,0.7730783075328818,1.449452101500226,0.2012091619452816,-0.6272341443548046,-0.25491316517703977,0.0,False,False
2024-12-12,4.58,6051.25,4.32,4.18,0.14000000000000057,595.3119506835938,118.08470153808594,48.691749572753906,37.40769577026367,41.13572692871094,-0.5152838962435125,-0.559797732424383,-0.4417634722337471,-0.05153263205058822,-0.06972471895118071,0.0,False,False
2024-12-13,4.58,6051.09,4.4,4.25,0.15000000000000036,595.19384765625,118.59071350097656,48.652462005615234,37.431800842285156,40.96357727050781,-0.019838847046182995,0.4285161043722674,-0.08068629179153186,0.06443880470350383,-0.4184918343644761,0.0,False,False
2024-12-16,4.58,6074.08,4.39,4.25,0.13999999999999968,597.7352905273438,119.7763671875,48.56407928466797,37.13288497924805,40.7531623840332,,,,,,0.0,False,False
2024-12-17,4.58,6050.61,4.4,4.25,0.15000000000000036,595.2725219726562,119.05207061767578,48.22034454345703,36.978607177734375,40.571441650390625,-0.41201658890087645,-0.6047074116802942,-0.7077962689173378,-0.4154748590094459,-0.4459058463491816,0.0,False,False
2024-12-18,4.58,5872.16,4.5,4.35,0.15000000000000036,577.5314331054688,115.21233367919922,46.77668762207031,36.10597229003906,38.9837760925293,-2.980330556565225,-3.2252584256241223,-2.9938751683652343,-2.359837090404926,-3.913258916314699,0.0,False,False
2024-12-19,4.33,5867.08,4.57,4.32,0.25,577.3539428710938,115.33635711669922,46.94363784790039,36.269893646240234,38.31428909301758,-0.030732566956681584,0.10764770883413544,0.3569090380638906,0.4540006702614008,-1.7173477446686292,-0.25,False,True
2024-12-20,4.33,5930.85,4.52,4.3,0.21999999999999975,584.2886352539062,117.05780029296875,47.64091873168945,36.84843444824219,39.01247024536133,1.2011163114825862,1.4925416575518824,1.4853575814645747,1.5950992513095619,1.8222474405012123,0.0,False,False
2024-12-23,4.33,5974.07,4.59,4.3,0.29000000000000004,587.7875366210938,118.29806518554688,47.75532150268555,36.97385025024414,39.190345764160156,,,,,,0.0,False,False
2024-12-24,4.33,6040.04,4.59,4.29,0.2999999999999998,594.32080078125,119.52043914794922,48.317501068115234,37.17802429199219,39.45136260986328,1.1115009681411214,1.0333000463575548,1.1772082099752446,0.5522120102888106,0.6660233295053608,0.0,False,False
2024-12-26,4.33,6037.59,4.58,4.3,0.28000000000000025,594.3604125976562,119.59994506835938,48.435855865478516,37.090518951416016,39.509361267089844,,,,,,0.0,False,False
2024-12-27,4.33,5970.84,4.62,4.31,0.3100000000000005,588.103759765625,118.00985717773438,48.08079528808594,36.983577728271484,39.190345764160156,-1.05266984466319,-1.3295055359065278,-0.7330531711438937,-0.2883249578810476,-0.8074428254435495,0.0,False,False
2024-12-30,4.33,5906.94,4.55,4.24,0.3099999999999996,581.3925170898438,116.50920867919922,47.61724853515625,36.82802200317383,39.00667190551758,,,,,,0.0,False,False
2024-12-31,4.33,5881.63,4.58,4.25,0.33000000000000007,579.2774047851562,115.54024505615234,47.66656494140625,36.79399490356445,39.31601333618164,-0.3638010883378229,-0.8316626934741778,0.10356836601674857,-0.09239458911598497,0.7930474853464986,0.0,False,False
2025-01-02,4.33,5868.55,4.57,4.25,0.3200000000000003,577.8541870117188,115.26693725585938,47.5482063293457,37.07593536376953,38.948673248291016,,,,,,0.0,False,False
2025-01-03,4.33,5942.47,4.6,4.28,0.3199999999999994,585.0792846679688,117.14523315429688,47.92299270629883,37.46969223022461,39.48036193847656,1.2503323188871374,1.629518353791437,0.7882240065106627,1.0620281392546005,1.3651009029142624,0.0,False,False
2025-01-06,4.33,5975.38,4.62,4.28,0.33999999999999986,588.44970703125,118.63595581054688,47.775047302246094,37.051631927490234,38.939002990722656,,,,,,0.0,False,False
2025-01-07,4.33,5909.03,4.67,4.3,0.3700000000000001,581.7978515625,116.25578308105469,47.66656494140625,36.95927047729492,38.648990631103516,-1.1304033954420367,-2.006282760761968,-0.22706908096508105,-0.24927768465384803,-0.7447862999682808,0.0,False,False
2025-01-08,4.33,5918.25,4.67,4.28,0.3899999999999997,582.6478271484375,116.21603393554688,47.82436752319336,36.949546813964844,38.813331604003906,0.14609465876416206,-0.03419111243704309,0.33105507388897504,-0.02630913220014186,0.42521413940403985,0.0,False,False
2025-01-10,4.33,5827.04,4.77,4.4,0.3699999999999992,573.7523193359375,113.68181610107422,46.67042541503906,36.74052047729492,37.8756217956543,,,,,,0.0,False,False
2025-01-13,4.33,5836.22,4.79,4.4,0.3899999999999997,574.6419067382812,112.8768310546875,47.00575637817383,36.31273651123047,38.35898208618164,,,,,,0.0,False,False
2025-01-14,4.33,5842.91,4.78,4.37,0.41000000000000014,575.4326171875,113.17496490478516,47.5876579284668,36.789127349853516,38.687660217285156,0.1376005543533898,0.2641231573494496,1.237936787170102,1.311911148518674,0.8568478964459114,0.0,False,False
2025-01-15,4.33,5949.91,4.66,4.27,0.39000000000000057,585.899658203125,115.42594146728516,48.80077362060547,37.32871627807617,38.85199737548828,1.81898639440774,1.9889350656249416,2.549223359473185,1.4667076038290539,0.4247792636725478,0.0,False,False
2025-01-16,4.33,5937.34,4.61,4.23,0.3799999999999999,584.77294921875,114.53649139404297,49.12624740600586,38.27178192138672,39.72203826904297,-0.1923040863055725,-0.7705807394209452,0.6669439052969572,2.5263811278300574,2.2393723677732957,0.0,False,False
2025-01-17,4.33,5996.66,4.61,4.27,0.34000000000000075,590.6439819335938,116.33031463623047,49.54048156738281,38.325252532958984,39.712371826171875,1.003985003527852,1.5661587153182221,0.843203344952248,0.13971288737508747,-0.024335213630333197,0.0,False,False
2025-01-21,4.33,6049.24,4.57,4.29,0.28000000000000025,596.050537109375,117.29927825927734,49.95471954345703,38.9134521484375,40.43739700317383,,,,,,0.0,False,False
2025-01-22,4.33,6086.37,4.6,4.29,0.3099999999999996,599.4011840820312,119.94778442382812,49.71800994873047,38.07247543334961,39.7317008972168,0.5621414232601207,2.257904911142372,-0.4738483108100322,-2.1611465152974296,-1.7451571027226165,0.0,False,False
2025-01-23,4.33,6118.71,4.65,4.29,0.3600000000000003,602.6726684570312,120.16145324707031,50.0040283203125,38.25233459472656,40.050716400146484,0.5457921108397823,0.17813486449003157,0.5752812147489017,0.4724125745167784,0.8029243544215747,0.0,False,False
2025-01-24,4.33,6101.24,4.63,4.27,0.3600000000000003,600.9132690429688,118.90925598144531,50.1519660949707,38.6412239074707,40.16672134399414,-0.2919328362055884,-1.0420956403134451,0.29585171360706486,1.0166420347001548,0.28964511567945994,0.0,False,False
2025-01-27,4.33,6012.28,4.53,4.17,0.3600000000000003,592.4132080078125,113.08056640625,50.70427703857422,37.74677658081055,40.563072204589844,,,,,,0.0,False,False
2025-01-28,4.33,6067.7,4.55,4.19,0.35999999999999943,597.50341796875,116.0967788696289,50.615516662597656,37.22663497924805,40.07004928588867,0.8592330306164131,2.6673128365336973,-0.1750550075076185,-1.3779762106280735,-1.215447676681114,0.0,False,False
2025-01-29,4.33,6039.31,4.55,4.21,0.33999999999999986,594.8248901367188,115.15266418457031,50.57606887817383,37.304412841796875,39.60603332519531,-0.4482866125079421,-0.8132135053624423,-0.0779361488825403,0.20893068254002056,-1.1580119539727374,0.0,False,False
2025-01-30,4.33,6071.17,4.52,4.18,0.33999999999999986,598.0173950195312,115.36631774902344,51.05934143066406,38.08219528198242,40.1280517578125,0.5367133984724104,0.18553940194616647,0.9555360137901037,2.0849609494834276,1.3180275548702935,0.0,False,False
2025-01-31,4.33,6040.53,4.58,4.22,0.3600000000000003,594.8347778320312,114.6905288696289,50.76345443725586,37.85858154296875,40.04104995727539,-0.5321947511904845,-0.5857765876385979,-0.579496298067228,-0.5871871024186182,-0.21681042743414425,0.0,False,False
2025-02-03,4.33,5994.57,4.54,4.26,0.28000000000000025,590.831787109375,113.1451644897461,50.556339263916016,38.06275177001953,39.97338104248047,,,,,,0.0,False,False
2025-02-04,4.33,6037.88,4.52,4.21,0.3099999999999996,594.7952270507812,114.77500915527344,50.437984466552734,37.72732925415039,39.97338104248047,0.6708237484643886,1.4404898988635617,-0.23410476131477953,-0.8812355919398884,0.0,0.0,False,False
2025-02-05,4.33,6061.48,4.43,4.17,0.2599999999999998,597.2068481445312,116.37007904052734,50.97057342529297,38.106502532958984,40.60174560546875,0.40545400905580564,1.3897362300324678,1.0559283134983666,1.0050361006322284,1.5719575042213885,0.0,False,False
2025-02-06,4.33,6083.57,4.45,4.21,0.2400000000000002,599.2825317382812,116.6880874633789,51.39467239379883,38.06275177001953,40.71774673461914,0.3475652699226339,0.27327335812912246,0.8320466889144562,-0.11481180384269596,0.285704782936147,0.0,False,False
2025-02-07,4.33,6025.99,4.49,4.29,0.20000000000000018,593.7969970703125,115.68931579589844,51.10865020751953,37.9849739074707,40.57273864746094,-0.915350336018872,-0.8559328455819637,-0.5565210807994325,-0.20434114437856143,-0.35612994035083556,0.0,False,False
2025-02-10,4.33,6066.44,4.51,4.28,0.22999999999999954,597.8295288085938,117.37879180908203,50.70427703857422,38.398170471191406,40.630741119384766,,,,,,0.0,False,False
2025-02-11,4.33,6068.5,4.54,4.29,0.25,598.2843017578125,117.4334487915039,50.832496643066406,38.59261703491211,40.853084564208984,0.07607067354553632,0.046564614935529214,0.2528772955280312,0.5063953863806869,0.5472296066934002,0.0,False,False
2025-02-12,4.33,6051.97,4.62,4.36,0.2599999999999998,596.35693359375,117.1800308227539,50.65496826171875,38.524559020996094,40.50507354736328,-0.3221492120718761,-0.2157970930411257,-0.3492419083686138,-0.17634982839969116,-0.851859830311541,0.0,False,False
2025-02-13,4.33,6115.07,4.52,4.31,0.20999999999999996,602.6528930664062,118.8396987915039,50.99030303955078,38.612060546875,40.82408142089844,1.055736777422167,1.4163402732504826,0.6619978046367603,0.2271318039778647,0.7875751000973708,0.0,False,False
2025-02-14,4.33,6114.63,4.47,4.26,0.20999999999999996,602.623291015625,119.24217987060547,51.088924407958984,38.45164108276367,40.65974807739258,-0.004911956969233522,0.33867561361602405,0.19341200685101256,-0.41546465492713347,-0.4025402110376275,0.0,False,False
2025-02-18,4.33,6129.58,4.55,4.29,0.2599999999999998,604.3924560546875,120.33039093017578,51.4538459777832,38.811363220214844,40.80474853515625,,,,,,0.0,False,False
2025-02-19,4.33,6144.15,4.53,4.28,0.25,605.8157348632812,120.34033203125,51.47357177734375,39.015533447265625,40.88208770751953,0.23548917501130529,0.008261504842943523,0.03833688072425456,0.5260578606639532,0.18953473588165792,0.0,False,False
2025-02-20,4.33,6117.52,4.5,4.28,0.21999999999999975,603.2954711914062,119.95771789550781,50.68455505371094,39.01067352294922,41.16243362426758,-0.41601159013207045,-0.3179433937765985,-1.5328579237629314,-0.012456383104375579,0.6857426625413776,0.0,False,False
2025-02-21,4.33,6013.13,4.42,4.19,0.22999999999999954,592.9765625,116.70796203613281,50.053340911865234,39.02039337158203,40.82408142089844,-1.7104236952132479,-2.709084431070774,-1.2453776918368908,0.02491586982493743,-0.8219927093175095,0.0,False,False
2025-02-24,4.33,5983.25,4.4,4.13,0.27000000000000046,590.2782592773438,115.03836059570312,50.270320892333984,38.825950622558594,41.00775909423828,,,,,,0.0,False,False
2025-02-25,4.33,5955.25,4.3,4.07,0.22999999999999954,587.3427124023438,113.54764556884766,50.26045608520508,38.63150405883789,41.44277572631836,-0.4973157708016984,-1.2958416819712104,-0.019623521302025715,-0.5008159764354203,1.0608154205168363,0.0,False,False
2025-02-26,4.33,5956.06,4.25,4.05,0.20000000000000018,587.6392211914062,114.78495025634766,50.1519660949707,38.79191970825195,41.239768981933594,0.05048309663189254,1.089678857981946,-0.2158555625727976,0.41524567402226875,-0.48984832899560127,0.0,False,False
2025-02-27,4.33,5861.57,4.29,4.07,0.21999999999999975,578.2593994140625,110.60597229003906,50.42812728881836,37.93149948120117,41.42344284057617,-1.5961871568624497,-3.640701988349293,0.5506487887727118,-2.2180398225245646,0.44538042568338376,0.0,False,False
2025-02-28,4.33,5954.5,4.24,3.99,0.25,587.2833862304688,112.0668716430664,51.463714599609375,38.509979248046875,41.71345520019531,1.5605430409864507,1.3208141683312302,2.0535906575706697,1.5250643258445384,0.7001165034381529,0.0,False,False
2025-03-03,4.33,5849.72,4.16,3.96,0.20000000000000018,576.9942626953125,108.65811157226562,51.029754638671875,38.56344985961914,42.071136474609375,,,,,,0.0,False,False
2025-03-04,4.33,5778.15,4.22,3.96,0.2599999999999998,570.16455078125,108.57363891601562,49.23473358154297,37.936363220214844,41.5877799987793,-1.1836706802176633,-0.07774169367357198,-3.5175968801711366,-1.6261165473707706,-1.1489028258644507,0.0,False,False
2025-03-05,4.33,5842.63,4.28,3.99,0.29000000000000004,576.29248046875,110.09912872314453,49.520755767822266,37.66899871826172,41.97446060180664,1.074765114580245,1.4050277971330738,0.5809357855173225,-0.7047710409169072,0.9297938073123735,0.0,False,False
2025-03-06,4.33,5738.52,4.29,3.96,0.33000000000000007,566.0626831054688,107.04316711425781,48.7021484375,36.8863525390625,40.82408142089844,-1.7751051262998363,-2.7756455880511566,-1.6530590408601609,-2.0776930787379744,-2.7406645956009945,0.0,False,False
2025-03-07,4.33,5770.2,4.32,3.99,0.33000000000000007,569.2353515625,108.59351348876953,48.44571304321289,37.57177734375,41.05609130859375,0.5604800584319891,1.448337541112621,-0.5265381559423354,1.858207053575267,0.5683162477148729,0.0,False,False
2025-03-10,4.33,5614.56,4.22,3.89,0.3299999999999996,554.073486328125,103.97726440429688,47.360816955566406,37.9849739074707,40.65974807739258,,,,,,0.0,False,False
2025-03-11,4.33,5572.07,4.28,3.94,0.3400000000000003,549.467529296875,103.55489349365234,46.956443786621094,37.63011169433594,40.23439025878906,-0.8312899181972977,-0.4062146788188392,-0.8538137535184287,-0.9342173407810961,-1.046139828003556,0.0,False,False
2025-03-12,4.33,5599.3,4.32,4.01,0.3100000000000005,552.38330078125,105.18474578857422,47.02548599243164,37.5134391784668,40.089385986328125,0.5306540111853719,1.5739017635335362,0.14703457128117936,-0.31005094222641416,-0.3603988317662177,0.0,False,False
2025-03-13,4.33,5521.52,4.27,3.94,0.3299999999999996,545.0197143554688,103.18718719482422,46.76905059814453,37.605804443359375,39.30635070800781,-1.3330573924604017,-1.899095328675493,-0.5453115239008488,0.24621913350348912,-1.9532234257400582,0.0,False,False
2025-03-14,4.33,5638.94,4.31,4.02,0.29000000000000004,556.2775268554688,106.30775451660156,47.85395431518555,38.33983612060547,40.07004928588867,2.065578951270286,3.0241810118202928,2.3197043839159326,1.951910584313299,1.9429394083263718,0.0,False,False
2025-03-17,4.33,5675.12,4.31,4.06,0.25,560.5672607421875,107.04814147949219,48.4161262512207,38.5002555847168,40.77574920654297,,,,,,0.0,False,False
2025-03-18,4.33,5614.66,4.29,4.04,0.25,554.5083618164062,105.41829681396484,48.35694885253906,38.23289489746094,40.5244026184082,-1.0808513714766876,-1.5225342943852804,-0.12222662832334086,-0.6944387334456903,-0.6164119434363013,0.0,False,False
2025-03-19,4.33,5675.29,4.25,3.99,0.2599999999999998,560.5474853515625,106.78974151611328,48.88954162597656,38.37386703491211,40.57273864746094,1.0890951248009761,1.3009550937525205,1.1013779530664847,0.3687194962067375,0.11927635185120522,0.0,False,False
2025-03-20,4.33,5662.89,4.24,3.95,0.29000000000000004,558.9263916015625,106.02948760986328,48.95857620239258,38.5294189453125,40.5244026184082,-0.28919829137816766,-0.7119166087084183,0.1412052028308075,0.4053589654096301,-0.11913425286059764,0.0,False,False
2025-03-21,4.33,5667.56,4.25,3.94,0.31000000000000005,559.11083984375,106.31768798828125,48.78104782104492,38.28150177001953,40.1280517578125,0.03300045318292977,0.271811535559241,-0.36260936309454594,-0.643449037331334,-0.97805478917945,0.0,False,False
2025-03-24,4.33,5767.57,4.34,4.04,0.2999999999999998,569.1236572265625,108.33120727539062,49.641231536865234,38.26926040649414,40.686500549316406,,,,,,0.0,False,False
2025-03-25,4.33,5776.65,4.31,3.96,0.34999999999999964,570.4917602539062,108.68960571289062,49.918392181396484,37.65730667114258,40.200050354003906,0.24038765740486134,0.33083581962574105,0.5583274950087036,-1.5990738489623846,-1.1956058858462626,0.0,False,False
2025-03-26,4.33,5712.2,4.35,3.98,0.36999999999999966,563.6810302734375,106.26541900634766,49.76991271972656,37.906986236572266,40.40435791015625,-1.1938349429337136,-2.2303758401208906,-0.2974443991111908,0.6630308630676041,0.5082271150239848,0.0,False,False
2025-03-27,4.33,5693.31,4.38,3.97,0.4099999999999997,562.18408203125,105.28479766845703,49.67092514038086,37.897193908691406,40.30706787109375,-0.26556654593491436,-0.9228038124350246,-0.19889040172350603,-0.025832514934709394,-0.24079095447782084,0.0,False,False
2025-03-28,4.33,5580.94,4.27,3.89,0.37999999999999945,550.8626708984375,102.73120880126953,48.71076965332031,38.17625045776367,40.28761291503906,-2.0138263417040614,-2.42541081308697,-1.9330332268765682,0.7363514822353867,-0.04826686008743142,0.0,False,False
2025-03-31,4.33,5611.85,4.23,3.89,0.3400000000000003,554.5604858398438,102.7809829711914,49.304683685302734,38.60216522216797,40.71568298339844,,,,,,0.0,False,False
2025-04-01,4.33,5633.07,4.17,3.87,0.2999999999999998,556.1267700195312,103.53263092041016,49.24528884887695,38.70008087158203,40.744873046875,0.28243703251151775,0.7313103333808746,-0.12046489701643681,0.2536532571438155,0.07169243234472766,0.0,False,False
2025-04-02,4.33,5670.97,4.2,3.91,0.29000000000000004,559.646240234375,104.29920196533203,49.651126861572266,38.88121795654297,40.939453125,0.6328539470811911,0.7404149185691766,0.8241154071422674,0.4680535050094692,0.47755720799802504,0.0,False,False
2025-04-03,4.33,5396.52,4.06,3.71,0.34999999999999964,532.0663452148438,97.18099975585938,47.2061882019043,38.636436462402344,39.71360397338867,-4.928094399058414,-6.824790674657965,-4.924235992638149,-0.6295623105588288,-2.9942978179714697,0.0,False,False
2025-04-04,4.33,5074.08,4.01,3.68,0.3299999999999996,500.9176330566406,90.77958679199219,43.751590728759766,36.487247467041016,37.904014587402344,-5.854290999297385,-6.587103425514229,-7.318102996092302,-5.5625963265342415,-4.556598255849309,0.0,False,False
2025-04-07,4.33,5062.25,4.15,3.73,0.4200000000000004,500.025390625,91.3221664428711,43.6427116394043,35.92914581298828,36.98949432373047,,,,,,0.0,False,False
2025-04-08,4.33,4982.77,4.26,3.71,0.5499999999999998,492.1936340332031,89.4654541015625,43.474430084228516,35.78227233886719,36.074974060058594,-1.5662717811204874,-2.0331453070269734,-0.38558913700459385,-0.40878643451635055,-2.4723783884906148,0.0,False,False
2025-04-09,4.33,5456.9,4.34,3.91,0.4299999999999997,543.8834838867188,101.47681427001953,46.750858306884766,37.19221878051758,38.14723587036133,10.501933848666688,13.425696308232627,7.53644893402492,3.940349087665096,5.744319612961535,0.0,False,False
2025-04-10,4.33,5268.05,4.4,3.84,0.5600000000000005,520.051025390625,96.7529067993164,45.44424819946289,36.91316604614258,37.33973693847656,-4.381905169427358,-4.655159412211429,-2.794836618495744,-0.7502987009776807,-2.116795394111781,0.0,False,False
2025-04-11,4.33,5363.36,4.48,3.96,0.5200000000000005,529.3301391601562,98.73406219482422,46.196533203125,37.36357116699219,37.86509704589844,1.784269872857469,2.0476443148288004,1.655402022188146,1.220174721091638,1.4069732421722492,0.0,False,False
2025-04-14,4.33,5405.97,4.38,3.84,0.54,534.4654541015625,99.63504028320312,46.671669006347656,38.034271240234375,38.70178985595703,,,,,,0.0,False,False
2025-04-15,4.33,5396.63,4.35,3.84,0.5099999999999998,532.9684448242188,99.9984130859375,46.79045104980469,38.02937698364258,38.76016616821289,-0.2800946751292277,0.3647038247804435,0.25450566904061667,-0.012868017270217802,0.15083620802327502,0.0,False,False
2025-04-16,4.33,5275.7,4.29,3.77,0.52,521.1216430664062,96.52393341064453,46.057952880859375,37.686683654785156,38.74070739746094,-2.2227960909993016,-3.4745348131745235,-1.5654864454408113,-0.9011279069989109,-0.050203011688609855,0.0,False,False
2025-04-17,4.33,5282.7,4.34,3.81,0.5299999999999998,521.8651733398438,96.00126647949219,46.17674255371094,38.07343673706055,39.35363006591797,0.14267883196374953,-0.5414894655491831,0.25791348816315285,1.0262327293590001,1.5821153242472796,0.0,False,False
2025-04-21,4.33,5158.2,4.42,3.75,0.6699999999999999,509.443359375,93.5223388671875,45.18688201904297,37.172637939453125,38.53639602661133,,,,,,0.0,False,False
2025-04-22,4.33,5287.76,4.41,3.76,0.6500000000000004,522.697998046875,95.80216217041016,46.68156433105469,38.18603515625,39.324440002441406,2.601788486974521,2.4377312745142765,3.3077792607638212,2.726191287385893,2.0449342883177124,0.0,False,False
2025-04-23,4.33,5375.86,4.4,3.81,0.5900000000000003,530.79736328125,98.57974243164062,47.23588562011719,38.347591400146484,39.37308883666992,1.5495305634686263,2.8992876552094815,1.1874522565940238,0.4230767693881532,0.12371144821259339,0.0,False,False
2025-04-24,4.33,5484.77,4.32,3.77,0.5500000000000003,541.9701538085938,102.25831604003906,47.7605094909668,38.406341552734375,39.489837646484375,2.1049069381725127,3.731571535550837,1.110646839711582,0.15320428335341418,0.29651930611478416,0.0,False,False
2025-04-25,4.33,5525.21,4.29,3.74,0.5499999999999998,545.8860473632812,103.77156066894531,47.532840728759766,38.28884506225586,39.431461334228516,0.7225293730972693,1.4798254924457632,-0.476688303021755,-0.30592992127923546,-0.14782616423609785,0.0,False,False
2025-04-28,4.33,5528.75,4.23,3.67,0.5600000000000005,546.0941772460938,103.60232543945312,47.68131637573242,38.52383804321289,39.6746826171875,,,,,,0.0,False,False
2025-04-29,4.33,5560.83,4.19,3.65,0.5400000000000005,549.5342407226562,104.08516693115234,48.176246643066406,38.822471618652344,39.99574279785156,0.6299396001456126,0.4660527547534654,1.037996231970384,0.7751916491406385,0.8092318816054656,0.0,False,False
2025-04-30,4.33,5569.06,4.17,3.6,0.5699999999999998,549.7523803710938,104.51823425292969,48.26533508300781,38.626644134521484,40.18058776855469,0.03969536969172793,0.41607016114391104,0.18492191930485902,-0.504417869254814,0.462161614643275,0.0,False,False
2025-05-01,4.33,5604.14,4.25,3.7,0.5499999999999998,553.6483764648438,106.05138397216797,48.255435943603516,38.73924255371094,40.297332763671875,0.7086819871739536,1.4668729625953336,-0.020509832548087914,0.2915045345314393,0.2905507400480456,0.0,False,False
2025-05-02,4.33,5686.67,4.33,3.83,0.5,561.8668212890625,107.82347106933594,49.255184173583984,39.04277801513672,40.79351806640625,1.4844159530811085,1.6709702700655304,2.0717836455749428,0.7835348381036056,1.2313105327449447,0.0,False,False
2025-05-05,4.33,5650.38,4.36,3.83,0.5300000000000002,558.6448364257812,107.25102996826172,48.93843460083008,38.944862365722656,40.744873046875,,,,,,0.0,False,False
2025-05-06,4.33,5606.91,4.3,3.78,0.52,553.9755249023438,106.3600082397461,48.661277770996094,39.419734954833984,40.462730407714844,-0.8358282792537475,-0.8307815121023077,-0.5663377508795198,1.2193459169322685,-0.6924616965564345,0.0,False,False
2025-05-07,4.33,5631.28,4.26,3.78,0.48,556.3052978515625,107.42524719238281,48.948333740234375,39.53234100341797,40.43354415893555,0.4205552130898571,1.0015408707336304,0.5899063534442917,0.28565907080047026,-0.07213118957917208,0.0,False,False
2025-05-08,4.33,5663.94,4.37,3.9,0.4700000000000002,560.1815185546875,108.4506607055664,49.35417556762695,39.2141227722168,40.23896408081055,0.6967793975888537,0.9545367965011264,0.8291228656451377,-0.8049567091755527,-0.4812342874523923,0.0,False,False
2025-05-09,4.33,5659.91,4.37,3.88,0.4900000000000002,559.4677124023438,108.31626892089844,49.35417556762695,39.282657623291016,40.4821891784668,-0.12742408107025982,-0.12391974727828936,0.0,0.17477083823171924,0.6044516880896467,0.0,False,False
2025-05-12,4.33,5844.19,4.45,3.98,0.4700000000000002,577.9567260742188,113.34381103515625,50.35392761230469,39.047672271728516,40.5211067199707,,,,,,0.0,False,False
2025-05-13,4.33,5886.55,4.49,4.02,0.47000000000000064,581.7735595703125,115.79287719726562,50.56180191040039,38.99381637573242,39.97628402709961,0.6604012591080455,2.160740970100017,0.41282638307027497,-0.13792344809010482,-1.3445405048687409,0.0,False,False
2025-05-14,4.33,5892.58,4.53,4.05,0.4800000000000004,582.51708984375,116.54452514648438,50.4232177734375,38.822471618652344,39.63576889038086,0.12780406761467855,0.6491314210443466,-0.27408860389998013,-0.43941520221835173,-0.8517928692119536,0.0,False,False
2025-05-15,4.33,5916.93,4.45,3.96,0.4900000000000002,585.3622436523438,116.70380401611328,50.759769439697266,39.64982986450195,40.36544418334961,0.488424092305495,0.13666782667716149,0.6674537665802394,2.1311323348411015,1.8409515278656086,0.0,False,False
2025-05-16,4.33,5958.38,4.43,3.98,0.44999999999999973,589.0698852539062,116.92283630371094,51.06662368774414,40.23241424560547,40.871341705322266,0.6333926797924105,0.18768221776850336,0.6045225410478139,1.4693237854851438,1.2532935836770287,0.0,False,False
2025-05-19,4.33,5963.6,4.46,3.97,0.48999999999999977,589.7142944335938,116.75358581542969,51.096317291259766,40.40376663208008,40.95890808105469,,,,,,0.0,False,False
2025-05-20,4.33,5940.46,4.48,3.97,0.5100000000000002,587.7315673828125,116.31553649902344,50.81916046142578,40.52125930786133,40.744873046875,-0.33621824491902874,-0.37519131712043796,-0.5424203632017788,0.29079634295274825,-0.5225604006731,0.0,False,False
2025-05-21,4.33,5844.61,4.58,4.0,0.5800000000000001,577.827880859375,114.13030242919922,49.77981185913086,39.78201675415039,39.664955139160156,-1.6850696938976673,-1.8787121098328696,-2.0451904219941586,-1.8243326252388226,-2.6504387594298073,0.0,False,False
2025-05-22,4.33,5842.01,4.54,4.0,0.54,578.0558471679688,114.16017150878906,49.720420837402344,39.2141227722168,39.528751373291016,0.039452286077779064,0.02617103341890914,-0.11930744514780933,-1.4275143099032217,-0.34338565464472337,0.0,False,False
2025-05-23,4.33,5802.82,4.51,4.0,0.5099999999999998,574.1102294921875,112.90078735351562,49.5422477722168,39.684104919433594,39.53847885131836,-0.6825668653144379,-1.103172970598143,-0.35834987352222347,1.198502258859091,0.024608614462628964,0.0,False,False
2025-05-27,4.33,5921.54,4.43,3.92,0.5099999999999998,586.0463256835938,115.58380889892578,50.4133186340332,39.98273849487305,40.1903190612793,,,,,,0.0,False,False
2025-05-28,4.33,5888.55,4.47,3.96,0.5099999999999998,582.6558227539062,115.10594940185547,50.07676696777344,39.42463684082031,40.1903190612793,-0.5785383818817769,-0.4134311731223361,-0.6675848275391361,-1.3958564997350043,0.0,0.0,False,False
2025-05-29,4.33,5912.17,4.43,3.92,0.5099999999999998,584.9557495117188,115.30007934570312,50.33413314819336,39.698787689208984,40.560020446777344,0.39473161822050074,0.1686532667133589,0.5139432834902147,0.6953795148337605,0.9198767119374063,0.0,False,False
2025-05-30,4.33,5911.69,4.41,3.89,0.52,584.301513671875,114.94168090820312,50.443016052246094,40.10512924194336,40.598934173583984,-0.11184364635955513,-0.3108397145377695,0.21632021302953053,1.0235616158244198,0.09594109267696549,0.0,False,False
2025-06-02,4.33,5935.94,4.46,3.94,0.52,587.5928344726562,115.95714569091797,50.46281433105469,40.23241424560547,40.65731430053711,,,,,,0.0,False,False
2025-06-03,4.33,5970.37,4.46,3.96,0.5,590.9436645507812,117.69935607910156,50.56180191040039,40.340118408203125,40.511375427246094,0.5702639449530089,1.5024605666195345,0.19615945059328066,0.26770494542076584,-0.3589486315112689,0.0,False,False
2025-06-04,4.33,5970.81,4.37,3.87,0.5,590.7849731445312,117.87358856201172,50.27473831176758,39.63514709472656,40.63785171508789,-0.026853897548873018,0.1480318063873387,-0.5677479595001644,-1.7475687759340053,0.31219944153446644,0.0,False,False
2025-06-05,4.33,5939.3,4.4,3.92,0.4800000000000004,587.9298095703125,117.54007720947266,50.13616180419922,39.57150650024414,40.62812042236328,-0.48328303934708217,-0.28293984819475204,-0.2756384463087791,-0.16056606105263604,-0.023946375888261873,0.0,False,False
2025-06-06,4.33,6000.36,4.51,4.04,0.46999999999999975,593.96728515625,118.65011596679688,50.759769439697266,39.74775314331055,40.744873046875,1.0269041453009553,0.9443917204052577,1.2438280336126928,0.44538775157654253,0.28736900279406896,0.0,False,False
2025-06-09,4.33,6005.88,4.49,4.01,0.4800000000000004,594.5026245117188,119.23251342773438,50.48260498046875,39.4931755065918,40.72541046142578,,,,,,0.0,False,False
2025-06-10,4.33,6038.81,4.47,4.01,0.45999999999999996,597.8732299804688,119.8995361328125,50.5420036315918,39.5861930847168,41.085384368896484,0.5669622521041529,0.5594302140434104,0.11766162056421337,0.235528232237181,0.8839049217482131,0.0,False,False
2025-06-11,4.33,6022.24,4.41,3.94,0.4700000000000002,596.1681518554688,119.63571166992188,50.48260498046875,39.61067199707031,40.86161804199219,-0.28519057878803045,-0.2200379345908332,-0.1175233406970011,0.06183699529058728,-0.5446372970376756,0.0,False,False
2025-06-12,4.33,6045.26,4.36,3.9,0.4600000000000004,598.5374755859375,120.74576568603516,50.48260498046875,40.0904426574707,41.085384368896484,0.3974254114539111,0.9278617568439396,0.0,1.2112156553059084,0.5476198389264386,0.0,False,False
2025-06-13,4.33,5976.97,4.41,3.96,0.4500000000000002,591.8457641601562,119.05331420898438,49.45315933227539,39.860347747802734,40.75459671020508,-1.118010433553962,-1.4016652819540787,-2.039208651359503,-0.5739395586970231,-0.8051224633104037,0.0,False,False
2025-06-16,4.33,6033.11,4.46,3.97,0.48999999999999977,597.4766845703125,120.97970581054688,50.01737594604492,39.66451644897461,40.79351806640625,,,,,,0.0,False,False
2025-06-17,4.33,5982.72,4.39,3.94,0.44999999999999973,592.3712158203125,120.12353515625,49.730323791503906,39.33651351928711,40.62812042236328,-0.8545051015123262,-0.7076977486105251,-0.5739048662822044,-0.8269429683063212,-0.40545079679993323,0.0,False,False
2025-06-18,4.33,5980.87,4.38,3.94,0.43999999999999995,592.281982421875,120.26789093017578,49.71052551269531,39.4393196105957,40.70595169067383,-0.015063763406186759,0.12017276526037346,-0.03981128072200191,0.26135028783926817,0.19156994589319964,0.0,False,False
2025-06-20,4.33,5967.84,4.38,3.9,0.48,590.8909301757812,119.73526763916016,49.84910202026367,39.547027587890625,40.69622802734375,,,,,,0.0,False,False
2025-06-23,4.33,6025.17,4.34,3.84,0.5,596.7274780273438,121.10044860839844,50.47683334350586,40.04836654663086,41.29015350341797,,,,,,0.0,False,False
2025-06-24,4.33,6092.18,4.3,3.75,0.5499999999999998,603.3196411132812,123.27435302734375,51.23170471191406,40.22090530395508,41.486488342285156,1.1047192108078807,1.7951249924556878,1.4954808342891424,0.43082595422043735,0.4755003849790329,0.0,False,False
2025-06-25,4.33,6092.16,4.29,3.74,0.5499999999999998,603.65771484375,124.32640075683594,51.06285095214844,39.68357849121094,40.475341796875,0.056035591655012595,0.8534197938632193,-0.32958840763765984,-1.335939130866115,-2.4372912382163325,0.0,False,False
2025-06-26,4.33,6141.02,4.26,3.7,0.5599999999999996,608.380615234375,125.18399810791016,51.440284729003906,40.01386260986328,40.2201042175293,0.7823805236792936,0.6897950442171563,0.7391553151020913,0.8322941912244586,-0.630600182764629,0.0,False,False
2025-06-27,4.33,6173.07,4.29,3.73,0.56,611.4032592773438,125.03441619873047,51.589271545410156,40.09273910522461,40.36735916137695,0.49683437757206406,-0.1194896404017598,0.2896306215860456,0.1971229224490889,0.3661227306901882,0.0,False,False
2025-06-30,4.33,6204.95,4.24,3.72,0.52,614.3265380859375,126.26097106933594,52.01636505126953,40.25541687011719,40.661861419677734,,,,,,0.0,False,False
2025-07-01,4.33,6198.01,4.26,3.78,0.48,614.127685546875,125.1341323852539,52.30440902709961,40.3934440612793,40.93674087524414,-0.03236919239759661,-0.8924679372719457,0.5537564486602919,0.34287855372967524,0.6760129663748726,0.0,False,False
2025-07-02,4.33,6227.42,4.3,3.78,0.52,616.9116821289062,126.45542907714844,52.264678955078125,40.04344177246094,41.01527404785156,0.4533253666217929,1.0559043058105289,-0.07595931731281258,-0.8664829081852621,0.1918403149062442,0.0,False,False
2025-07-03,4.33,6279.35,4.35,3.88,0.46999999999999975,621.7738037109375,128.12075805664062,52.83082962036133,40.34414291381836,41.034908294677734,0.7881390031799329,1.3169296025054011,1.0832376216637796,0.7509373022081878,0.04787057329731503,0.0,False,False
2025-07-07,4.33,6229.98,4.4,3.9,0.5000000000000004,617.140380859375,127.1036148071289,52.324275970458984,40.42795181274414,40.72076416015625,,,,,,0.0,False,False
2025-07-08,4.33,6225.52,4.42,3.9,0.52,616.8023681640625,127.78670501708984,51.85744857788086,39.99907302856445,40.661861419677734,-0.05477079539696339,0.537427838694815,-0.8921812751726987,-1.0608471736737624,-0.14465038093796068,0.0,False,False
2025-07-09,4.33,6263.26,4.34,3.86,0.48,620.5010986328125,128.55453491210938,52.046165466308594,40.37372589111328,40.642234802246094,0.5996621705197658,0.6008683727441344,0.3639147192988412,0.9366538626564669,-0.048267877432051076,0.0,False,False
2025-07-10,4.33,6280.46,4.35,3.86,0.48999999999999977,622.2510986328125,128.1307373046875,52.35407257080078,40.704010009765625,40.848388671875,0.2820301211159615,-0.3296636775292461,0.5916038227475218,0.8180669763873327,0.5072404867300984,0.0,False,False
2025-07-11,4.33,6259.75,4.43,3.9,0.5299999999999998,620.0635986328125,127.56731414794922,51.80778503417969,40.64485549926758,40.809120178222656,-0.3515461852628743,-0.4397252123809259,-1.0434480257143774,-0.14532845899913882,-0.09613229537100976,0.0,False,False
2025-07-14,4.33,6268.56,4.43,3.9,0.5299999999999998,621.2467651367188,127.46260070800781,52.19514846801758,40.807533264160156,41.0839958190918,,,,,,0.0,False,False
2025-07-15,4.33,6243.76,4.5,3.95,0.5499999999999998,618.592041015625,128.5944366455078,51.301231384277344,40.4180908203125,40.55387878417969,-0.427322003118924,0.8879749284990801,-1.7126440099849094,-0.9543395856021708,-1.2903249169005204,0.0,False,False
2025-07-16,4.33,6263.7,4.46,3.88,0.5800000000000001,620.66015625,128.99330139160156,51.65879821777344,40.437808990478516,40.99563980102539,0.33432619517372864,0.31017262993522365,0.6969946409623118,0.04878550610833976,1.0893187781042535,0.0,False,False
2025-07-17,4.33,6297.36,4.47,3.91,0.5599999999999996,624.4583740234375,130.16502380371094,52.15542221069336,40.60541915893555,40.95637512207031,0.6119641699551259,0.9083591159142701,0.9613541353136856,0.4144887486275506,-0.09577769525161983,0.0,False,False
2025-07-18,4.33,6296.79,4.44,3.88,0.5600000000000005,624.0010375976562,130.08026123046875,52.18522262573242,41.285709381103516,41.07417678833008,-0.07323729567987325,-0.06511931605375221,0.05713771219928443,1.6753680574142393,0.28762717869601495,0.0,False,False
2025-07-21,4.33,6305.6,4.38,3.85,0.5299999999999998,625.1842651367188,130.2498016357422,52.036231994628906,41.41880798339844,41.23125076293945,,,,,,0.0,False,False
2025-07-22,4.33,6309.62,4.35,3.83,0.5199999999999996,625.2737426757812,129.04318237304688,52.324275970458984,41.92656326293945,41.9478874206543,0.014312186670739635,-0.9263885607056488,0.5535450296628053,1.2259051002736054,1.7380909976153047,0.0,False,False
2025-07-23,4.33,6358.91,4.4,3.88,0.5200000000000005,630.59326171875,129.78111267089844,52.74143600463867,41.61106872558594,42.06568908691406,0.8507504281572098,0.571847566280792,0.7972590665472401,-0.7524931995377626,0.2808286030675289,0.0,False,False
2025-07-24,4.33,6363.35,4.43,3.91,0.5199999999999996,630.802001953125,130.32957458496094,52.711639404296875,41.55683898925781,42.00679016113281,0.03310219868288833,0.4226053412358155,-0.05649561824440097,-0.13032526678359302,-0.1400165480697435,0.0,False,False
2025-07-25,4.33,6388.64,4.4,3.91,0.4900000000000002,633.4667358398438,130.62872314453125,53.07914352416992,41.665287017822266,42.00679016113281,0.42243586394272725,0.22953236863003657,0.6971972870247978,0.2609631319467898,0.0,0.0,False,False
2025-07-28,4.33,6389.77,4.42,3.91,0.5099999999999998,633.3076782226562,131.67079162597656,52.711639404296875,41.22162628173828,41.28033447265625,,,,,,0.0,False,False
2025-07-29,4.33,6370.86,4.34,3.86,0.48,631.63720703125,131.67579650878906,52.44346237182617,41.69486999511719,41.96752166748047,-0.2637692939542968,0.003801057737029545,-0.5087624583515415,1.1480471686013072,1.6646841737181228,0.0,False,False
2025-07-30,4.33,6362.9,4.38,3.94,0.43999999999999995,630.841796875,131.969970703125,52.344139099121094,42.005435943603516,41.37850570678711,-0.12592832521511887,0.22340794750104198,-0.18939114279082903,0.744854099611536,-1.4035042749492965,0.0,False,False
2025-07-31,4.33,6339.39,4.37,3.94,0.43000000000000016,628.4754028320312,131.002685546875,52.01636505126953,42.232200622558594,40.65205001831055,-0.37511687632163504,-0.7329585291990126,-0.6261905410859359,0.5398460314982367,-1.7556353862179352,0.0,False,False
2025-08-01,4.33,6238.01,4.23,3.69,0.5400000000000005,618.1743774414062,128.1756134033203,51.052921295166016,42.29628372192383,40.53424835205078,-1.6390498886999505,-2.1580260982841604,-1.852193545538805,0.15173990088266365,-0.2897803830476109,0.0,False,False
2025-08-04,4.33,6329.94,4.22,3.69,0.5299999999999998,627.5704956054688,130.77830505371094,51.55947494506836,43.04558563232422,40.877838134765625,,,,,,0.0,False,False
2025-08-05,4.33,6299.19,4.22,3.72,0.49999999999999956,624.3887329101562,129.69635009765625,51.350894927978516,42.58713150024414,41.01527404785156,-0.5069968581366768,-0.8273199102942441,-0.4045425546169046,-1.0650433147686322,0.3362113050911386,0.0,False,False
2025-08-06,4.33,6345.06,4.22,3.69,0.5299999999999998,629.17138671875,131.1572265625,51.599205017089844,42.207550048828125,40.67168426513672,0.7659737526496846,1.1263820945953906,0.4835555241239575,-0.8913055142345971,-0.8377117810159818,0.0,False,False
2025-08-07,4.33,6340.0,4.23,3.72,0.5100000000000002,628.6443481445312,131.2769012451172,51.02311706542969,42.66600799560547,40.82875442504883,-0.08376709197908117,0.0912452068054126,-1.1164667197282485,1.0861989057573185,0.3861904485886969,0.0,False,False
2025-08-08,4.33,6389.45,4.27,3.76,0.5099999999999998,633.5462646484375,132.58824157714844,51.4998779296875,42.48360824584961,40.49497604370117,0.7797598941873041,0.9989117046438789,0.9344016823716217,-0.4275060131584074,-0.8175081166396758,0.0,False,False
2025-08-11,4.33,6373.45,4.27,3.76,0.5099999999999998,632.29345703125,131.69073486328125,51.480018615722656,42.35051345825195,40.259368896484375,,,,,,0.0,False,False
2025-08-12,4.33,6445.76,4.29,3.72,0.5699999999999998,639.02490234375,133.7300262451172,52.10575866699219,42.53290557861328,40.32809066772461,1.064607776285631,1.5485458289477227,1.2155008255541278,0.43067274861052773,0.17069758698138315,0.0,False,False
2025-08-13,4.33,6466.58,4.24,3.67,0.5700000000000003,641.2123413085938,133.77989196777344,52.40373229980469,42.62657165527344,40.59314727783203,0.3423088766683291,0.03728835180578649,0.5718631499386673,0.22022026331363076,0.6572505807212803,0.0,False,False
2025-08-14,4.33,6468.54,4.29,3.74,0.5499999999999998,641.27197265625,133.49070739746094,52.65204620361328,42.33079528808594,40.30845642089844,0.009299781650273786,-0.21616445196573908,0.473847745019329,-0.6938779162900532,-0.7013273816515952,0.0,False,False
2025-08-15,4.33,6449.8,4.33,3.75,0.5800000000000001,639.7706298828125,132.47854614257812,52.10575866699219,42.207550048828125,40.57351303100586,-0.2341195058344292,-0.7582260028551335,-1.0375428421309896,-0.2911479418684637,0.6575707274417031,0.0,False,False
2025-08-18,4.33,6449.15,4.34,3.77,0.5699999999999998,639.63134765625,132.7627410888672,52.14548873901367,42.02515411376953,40.190650939941406,,,,,,0.0,False,False
2025-08-19,4.33,6411.37,4.3,3.75,0.5499999999999998,636.1612548828125,130.44424438476562,52.24481201171875,42.4343147277832,40.90728759765625,-0.5425144946620719,-1.7463459138355897,0.19047337575488488,0.9736088365220441,1.783092935682351,0.0,False,False
2025-08-20,4.33,6395.78,4.29,3.74,0.5499999999999998,634.470947265625,129.5617218017578,52.51298904418945,42.47867965698242,41.064361572265625,-0.26570426982367445,-0.6765515697301883,0.5133084456511172,0.10454965393884574,0.3839755306053849,0.0,False,False
2025-08-21,4.33,6370.17,4.33,3.79,0.54,631.925537109375,129.09304809570312,52.344139099121094,42.18783187866211,40.917110443115234,-0.40118624299819716,-0.361737787625116,-0.3215393908091446,-0.6846911925439403,-0.35858618888121585,0.0,False,False
2025-08-22,4.33,6466.91,4.26,3.68,0.5799999999999996,641.6299438476562,130.8431396484375,53.2082633972168,42.41459655761719,41.565025329589844,1.5356883316778536,1.3556822606256347,1.6508520590230003,0.5375120475668904,1.5834815299955451,0.0,False,False
2025-08-25,4.33,6439.32,4.28,3.73,0.5500000000000003,638.8060302734375,130.5489501953125,52.90035629272461,41.93642044067383,41.35887145996094,,,,,,0.0,False,False
2025-08-26,4.33,6465.94,4.26,3.61,0.6499999999999999,641.4807739257812,131.1472625732422,53.307586669921875,42.03008270263672,41.24106216430664,0.4187098314019977,0.45830500899053384,0.7698064923114201,0.2233434827738634,-0.28484649482843905,0.0,False,False
2025-08-27,4.33,6481.4,4.24,3.59,0.6500000000000004,642.9423828125,131.8553009033203,53.41684341430664,42.03994369506836,41.41777038574219,0.22784921171898898,0.5398803727852952,0.2049553378983049,0.023461748817887873,0.4284764071583069,0.0,False,False
2025-08-28,4.33,6501.86,4.22,3.62,0.5999999999999996,645.2192993164062,132.89736938476562,53.48637008666992,41.719512939453125,41.30978775024414,0.354140054346086,0.7903121636417154,0.13015870635415538,-0.7622054823370861,-0.2607157133094229,0.0,False,False
2025-08-29,4.33,6460.26,4.23,3.59,0.6400000000000006,641.3713989257812,130.85809326171875,53.625431060791016,41.56669616699219,41.53557586669922,-0.5963709384858351,-1.5344744087016138,0.25999329155401707,-0.3662956772355397,0.5465729279951148,0.0,False,False
2025-09-02,4.33,6415.54,4.28,3.66,0.6200000000000001,636.61865234375,129.53677368164062,53.22813034057617,41.42866516113281,40.82875442504883,,,,,,0.0,False,False
2025-09-03,4.33,6448.26,4.22,3.61,0.6099999999999999,640.06884765625,130.30963134765625,53.138736724853516,41.32514572143555,40.72076416015625,0.5419563658397131,0.5966318629450074,-0.167944309053647,-0.24987394427176124,-0.26449561445921477,0.0,False,False
2025-09-04,4.33,6502.08,4.17,3.59,0.5800000000000001,645.4181518554688,130.9528350830078,53.6949577331543,41.275848388671875,40.99563980102539,0.8357388769671292,0.49359646612423536,1.0467335931993116,-0.11929137067289153,0.6750257431025641,0.0,False,False
2025-09-05,4.33,6481.5,4.1,3.51,0.5899999999999999,643.5488891601562,131.0625,52.711639404296875,41.14767837524414,41.407955169677734,-0.2896204096427546,0.08374382801461522,-1.8313047823674267,-0.31052060328555786,1.0057541988697905,0.0,False,False
2025-09-08,4.33,6495.15,4.05,3.49,0.5599999999999996,645.1298217773438,132.0447540283203,52.751373291015625,40.728660583496094,41.133079528808594,,,,,,0.0,False,False
2025-09-09,4.33,6512.61,4.08,3.54,0.54,646.6212768554688,132.29904174804688,52.979820251464844,41.00965118408203,41.11344909667969,0.23118681353406778,0.19257691954353007,0.4330635321831977,0.6899087683227112,-0.047724197540710556,0.0,False,False
2025-09-10,4.33,6532.04,4.04,3.54,0.5,648.4906005859375,134.6973114013672,52.80103302001953,41.7145881652832,41.09381103515625,0.2890909713888945,1.8127641906036107,-0.3374628879386776,1.7189538580488994,-0.04776554133723021,0.0,False,False
2025-09-11,4.33,6587.47,4.01,3.52,0.48999999999999977,653.8796997070312,135.1510467529297,53.665157318115234,41.93642044067383,41.7613639831543,0.8310219325036394,0.3368555369382742,1.6365670303610802,0.5317858455456292,1.6244610348428168,0.0,False,False
2025-09-12,4.33,6584.29,4.06,3.56,0.49999999999999956,653.660888671875,135.06129455566406,53.436710357666016,42.14839172363281,41.57484436035156,-0.03346350028212708,-0.06640880660709891,-0.4256895383629167,0.5054586937357941,-0.44663201824052257,0.0,False,False
2025-09-15,4.33,6615.28,4.05,3.54,0.5099999999999998,657.1409301757812,136.27789306640625,53.31752014160156,42.24698257446289,41.5257568359375,,,,,,0.0,False,False
2025-09-16,4.33,6606.76,4.04,3.51,0.5300000000000002,656.2361450195312,135.80421447753906,53.198333740234375,41.477962493896484,41.28033447265625,-0.13768510142991852,-0.34758285310176884,-0.22354078181178183,-1.8202958737016606,-0.591012378777056,0.0,False,False
2025-09-17,4.33,6600.35,4.06,3.52,0.5399999999999996,655.4208374023438,135.3355255126953,53.714820861816406,41.581485748291016,41.26070022583008,-0.12423997418844479,-0.34512107495844324,0.9708708624296847,0.24958616134957978,-0.047563197045263905,0.0,False,False
2025-09-18,4.08,6631.96,4.11,3.57,0.5400000000000005,658.4832763671875,137.67398071289062,53.76448440551758,41.61106872558594,41.29015350341797,0.4672477269690223,1.7278945726456385,0.09245780383209112,0.0711445893828877,0.07138336825764924,-0.25,False,True
2025-09-19,4.08,6664.36,4.14,3.57,0.5699999999999998,661.74462890625,139.070068359375,53.883670806884766,41.877262115478516,41.0839958190918,0.49528251606558715,1.0140533739601887,0.22168240370024073,0.6397177434880552,-0.49929018624041976,0.0,False,False
2025-09-22,4.09,6693.75,4.15,3.61,0.5400000000000005,664.8753662109375,141.11595153808594,53.81192398071289,42.28322219848633,41.219512939453125,,,,,,0.009999999999999787,True,False
2025-09-23,4.09,6656.92,4.12,3.53,0.5900000000000003,661.256103515625,139.89781188964844,53.572757720947266,42.5015869140625,41.54594802856445,-0.5443520514135325,-0.863218959416312,-0.4444484457596154,0.5164334793387404,0.791943101294823,0.0,False,False
2025-09-24,4.09,6637.97,4.16,3.57,0.5900000000000003,659.1522216796875,139.0341033935547,53.423282623291016,42.804317474365234,41.1205940246582,-0.318164448653413,-0.6173852788884493,-0.2790132597519923,0.712280604756832,-1.023815857117527,0.0,False,False
2025-09-25,4.09,6604.72,4.18,3.64,0.5399999999999996,656.1112670898438,138.78948974609375,53.28377151489258,42.39240264892578,41.02167892456055,-0.46134329671143615,-0.17593787530568727,-0.2611428979049979,-0.9623207417946644,-0.24054881123152239,0.0,False,False
2025-09-26,4.09,6643.7,4.2,3.63,0.5700000000000003,659.8701782226562,139.20884704589844,53.67241287231445,43.08223342895508,41.42724609375,0.5729075724434596,0.30215349921083323,0.7293803467219862,1.6272509622588638,0.9886654564658315,0.0,False,False
2025-09-29,4.09,6661.21,4.15,3.63,0.5200000000000005,661.7246704101562,139.9527130126953,53.941471099853516,43.20630645751953,41.506378173828125,,,,,,0.0,False,False
2025-09-30,4.09,6688.46,4.16,3.6,0.56,664.21728515625,140.716552734375,53.682376861572266,43.2807502746582,41.67454147338867,0.376684572535102,0.545784147543027,-0.48032475384593987,0.1722984981645359,0.4051505020656876,0.0,False,False
2025-10-01,4.09,6711.2,4.12,3.55,0.5700000000000003,666.4806518554688,142.09446716308594,53.20404815673828,43.697628021240234,41.67454147338867,0.3407569706178837,0.9792127521145,-0.8910348848141014,0.9631943622431249,0.0,0.0,False,False
2025-10-02,4.09,6715.35,4.1,3.55,0.5499999999999998,667.248291015625,142.86331176757812,53.164188385009766,43.618221282958984,41.4569206237793,0.11517801124745208,0.5410799025761914,-0.07491868214818398,-0.18171864670241122,-0.5221913473201334,0.0,False,False
2025-10-03,4.09,6715.79,4.13,3.58,0.5499999999999998,667.2384033203125,142.14439392089844,53.532901763916016,44.12443161010742,41.625083923339844,-0.0014818614668121732,-0.5032207624090956,0.6935371160678105,1.1605478450498197,0.40563384117846546,0.0,False,False
2025-10-06,4.09,6740.28,4.18,3.6,0.5799999999999996,669.6312866210938,143.58221435546875,53.512969970703125,44.55122756958008,41.20962142944336,,,,,,0.0,False,False
2025-10-07,4.09,6714.59,4.14,3.57,0.5699999999999998,667.1486206054688,142.62367248535156,53.582725524902344,44.75470733642578,41.08102798461914,-0.3707511977453004,-0.6675909508848443,0.13035261215628147,0.45673212152888,-0.31204713939047,0.0,False,False
2025-10-08,4.1,6753.72,4.13,3.58,0.5499999999999998,671.1268920898438,145.1248779296875,53.323631286621094,45.06240463256836,40.87329864501953,0.5963096319924199,1.7537098861290623,-0.48354061079038946,0.6875194017683661,-0.5056575986301604,0.009999999999999787,True,False
2025-10-09,4.1,6735.11,4.14,3.6,0.5399999999999996,669.1826171875,144.8802490234375,53.13429260253906,44.94825744628906,40.68535232543945,-0.2897030241612586,-0.16856441827191038,-0.3550746254776138,-0.25330913254637544,-0.45982664920777294,0.0,False,False
2025-10-10,4.1,6552.51,4.05,3.52,0.5299999999999998,651.0960693359375,138.98419189453125,51.97833251953125,44.76462936401367,40.24021911621094,-2.7027820787662193,-4.069607257475405,-2.175544316840261,-0.40853214942718763,-1.094087143864264,0.0,False,False
2025-10-13,4.1,6654.72,,,,661.0865478515625,142.3690643310547,52.476593017578125,45.1070671081543,40.46773147583008,,,,,,0.0,False,False
2025-10-14,4.1,6644.31,4.03,3.48,0.5500000000000003,660.2789306640625,140.54183959960938,53.05457305908203,45.50905227661133,40.853511810302734,-0.12216512196846496,-1.2834422562449488,1.1014054233861925,0.8911800172979101,0.9533035838766191,0.0,False,False
2025-10-15,4.1,6671.06,4.05,3.5,0.5499999999999998,663.2102661132812,141.93470764160156,53.05457305908203,46.10459518432617,41.44702911376953,0.4439541098594013,0.9910700229627922,0.0,1.3086251590014086,1.4527938411334373,0.0,False,False
2025-10-16,4.11,6629.07,3.99,3.41,0.5800000000000001,658.6936645507812,142.03956604003906,51.5797233581543,45.60334777832031,41.31843185424805,-0.6810210567109287,0.07387791202013716,-2.7798729042364134,-1.0871961981270495,-0.3102689439295925,0.010000000000000675,True,False
2025-10-17,4.11,6664.01,4.02,3.46,0.5599999999999996,662.4326171875,142.2891845703125,51.99826431274414,45.44453811645508,41.585514068603516,0.5676314860669995,0.17573873057530331,0.8114447448343665,-0.3482412357908804,0.6463996874266797,0.0,False,False
2025-10-20,4.11,6735.13,4.0,3.46,0.54,669.3222045898438,143.87677001953125,52.60614013671875,45.429649353027344,42.020755767822266,,,,,,0.0,False,False
2025-10-21,4.11,6735.35,3.98,3.45,0.5299999999999998,669.3121948242188,143.95166015625,52.546348571777344,44.968109130859375,41.89216232299805,-0.0014955077773270986,0.0520515832462598,-0.11365890899049935,-1.0159449362714734,-0.3060236363542246,0.0,False,False
2025-10-22,4.11,6699.4,3.97,3.45,0.52,665.83251953125,142.52880859375,52.24739456176758,44.863887786865234,42.080108642578125,-0.5198882255361581,-0.9884231699416213,-0.5689339376291791,-0.23176723684522615,0.44864315699668644,0.0,False,False
2025-10-23,4.11,6738.44,4.01,3.48,0.5299999999999998,669.7808837890625,144.32608032226562,52.35700988769531,44.82915115356445,42.04054260253906,0.5929966083050742,1.2609883898197616,0.2098005591420371,-0.07742671224973963,-0.09402551779305046,0.0,False,False
2025-10-24,4.11,6791.69,4.02,3.48,0.5399999999999996,675.2546997070312,146.56768798828125,52.925025939941406,45.35520553588867,42.18892288208008,0.8172547247097484,1.5531549537064482,1.0848901674569866,1.173464963729054,0.35294568137198556,0.0,False,False
2025-10-27,4.12,6875.16,4.01,3.48,0.5299999999999998,683.2211303710938,149.27359008789062,53.14426040649414,45.479278564453125,42.277950286865234,,,,,,0.009999999999999787,True,False
2025-10-28,4.12,6890.89,3.99,3.47,0.52,685.0357666015625,150.7513427734375,52.805442810058594,44.72989273071289,41.338218688964844,0.26560013292959983,0.989962581242132,-0.6375431586477465,-1.64775224540602,-2.2227463524700286,0.0,False,False
2025-10-29,4.12,6890.59,4.08,3.59,0.4900000000000002,685.3648071289062,151.83470153808594,51.90857696533203,44.715003967285156,40.21054458618164,0.04803260550556576,0.7186395455704764,-1.6984344737958068,-0.033285935911742115,-2.7279213728777174,0.0,False,False
2025-10-30,3.87,6822.34,4.11,3.61,0.5000000000000004,677.8270874023438,149.96754455566406,52.04808807373047,44.52641677856445,40.43805694580078,-1.0998113191920567,-1.229730070601498,0.2687631149888903,-0.4217537112569225,0.5658027314987546,-0.25,False,True
2025-10-31,3.86,6840.2,4.11,3.6,0.5100000000000002,680.050537109375,150.1123046875,52.187599182128906,44.218719482421875,40.45783996582031,0.3280260922519762,0.09652764020697813,0.26804271503846344,-0.6910443696217405,0.04892178683570947,-0.010000000000000231,False,True
2025-11-03,3.87,6851.97,4.13,3.6,0.5299999999999998,681.3267822265625,150.72637939453125,51.96836853027344,44.24353790283203,40.38859558105469,,,,,,0.010000000000000231,True,False
2025-11-04,3.87,6771.55,4.1,3.58,0.5199999999999996,673.2506103515625,146.74742126464844,52.2374267578125,44.0847282409668,40.497406005859375,-1.1853595199365574,-2.6398551772200185,0.5177346050075249,-0.35894431004593885,0.2694087854238969,0.0,False,False
2025-11-05,3.87,6796.29,4.17,3.63,0.54,675.583740234375,147.32154846191406,52.41679763793945,44.09465026855469,40.48751449584961,0.34654701339136285,0.39123494799286895,0.34337617922599595,0.02250672281260968,-0.024425045911169452,0.0,False,False
2025-11-06,3.87,6720.32,4.11,3.57,0.5400000000000005,668.3351440429688,144.3610382080078,52.22746276855469,43.901100158691406,40.289676666259766,-1.072938225080955,-2.0095568399972397,-0.36121029501375856,-0.4389423857190877,-0.4886391077677188,0.0,False,False
2025-11-07,3.87,6728.8,4.11,3.55,0.5600000000000005,668.9931640625,143.86178588867188,52.59617233276367,44.51152801513672,40.82383728027344,0.09845659403016072,-0.3458359163478475,0.7059687464484377,1.39046141039465,1.3258002004791436,0.0,False,False
2025-11-10,3.87,6832.43,4.13,3.58,0.5499999999999998,679.432373046875,147.5412139892578,52.78551483154297,44.49664306640625,40.79416275024414,,,,,,0.0,False,False
2025-11-11,3.87,6846.61,,,,680.9877319335938,146.2831268310547,53.02467346191406,44.521453857421875,41.24919128417969,0.22892033827353053,-0.8527021868579232,0.4530762485396522,0.05575879281185525,1.1154255983175432,0.0,False,False
2025-11-12,3.87,6850.92,4.08,3.56,0.52,681.3666381835938,146.73744201660156,53.483070373535156,44.62567138671875,40.92275619506836,0.055640686642632886,0.3105725146766769,0.8644973777166998,0.23408384108620783,-0.7913733068423245,0.0,False,False
2025-11-13,3.88,6737.49,4.11,3.58,0.5300000000000002,670.0599975585938,143.07797241210938,52.795475006103516,44.010284423828125,40.38859558105469,-1.6594062566875234,-2.4938894628394603,-1.2856318132623112,-1.3789976571058848,-1.305289925897135,0.009999999999999787,True,False
2025-11-14,3.88,6734.11,4.14,3.62,0.5199999999999996,669.9503784179688,143.85679626464844,52.2673225402832,44.04998779296875,40.50729751586914,-0.016359600785664785,0.54433525958546,-1.0003744937596482,0.09021384356044937,0.2938996345545952,0.0,False,False
2025-11-17,3.88,6672.41,4.13,3.6,0.5299999999999998,663.7088012695312,141.605224609375,51.27080535888672,44.4470100402832,40.24021911621094,,,,,,0.0,False,False
2025-11-18,3.88,6617.32,4.12,3.58,0.54,658.1353149414062,139.3037109375,51.19108200073242,44.27827453613281,40.38859558105469,-0.8397487448507768,-1.6253027938932574,-0.15549464767765642,-0.3796329696811207,0.36872678156958383,0.0,False,False
2025-11-19,3.88,6642.16,4.13,3.58,0.5499999999999998,660.6777954101562,140.27223205566406,51.38042449951172,43.906063079833984,40.072052001953125,0.38631576379948296,0.69525866299327,0.3698739924594463,-0.8406187011535171,-0.7837449521271411,0.0,False,False
2025-11-20,3.88,6538.76,4.1,3.55,0.5499999999999998,650.6075439453125,135.86891174316406,50.93199157714844,43.682735443115234,39.93356704711914,-1.524230348712119,-3.139124720531028,-0.8727699833767311,-0.5086487401812279,-0.34558987602439917,0.0,False,False
2025-11-21,3.88,6602.99,4.06,3.51,0.5499999999999998,657.08837890625,136.39312744140625,51.49003601074219,43.74725341796875,40.45783996582031,0.9961204755846165,0.3858246095568285,1.0956658404933206,0.1476967369351989,1.3128627304507035,0.0,False,False
2025-11-24,3.88,6705.12,4.04,3.46,0.5800000000000001,666.759765625,139.6431884765625,51.70927429199219,44.24353790283203,40.517189025878906,,,,,,0.0,False,False
2025-11-25,3.88,6765.88,4.01,3.43,0.5799999999999996,673.03125,140.0176239013672,52.35700988769531,44.074798583984375,40.843624114990234,0.9405913041440561,0.2681372639006474,1.2526487841339362,-0.38138749034546393,0.8056706226654331,0.0,False,False
2025-11-26,3.88,6812.61,4.0,3.45,0.5499999999999998,677.6775512695312,141.67510986328125,52.76558303833008,44.6604118347168,41.02167892456055,0.6903544626688962,1.183769525386058,0.7803599776059489,1.3286804921332385,0.4359427289532869,0.0,False,False
2025-11-28,3.89,6849.09,4.02,3.47,0.5499999999999994,681.3765869140625,142.8932647705078,53.14426040649414,44.978031158447266,41.219512939453125,,,,,,0.010000000000000231,True,False
2025-12-01,3.89,6812.63,4.09,3.54,0.5499999999999998,678.2658081054688,142.95816040039062,52.70579147338867,43.9259147644043,40.64578628540039,,,,,,0.0,False,False
2025-12-02,3.89,6829.37,4.09,3.51,0.5800000000000001,679.5220947265625,144.43092346191406,52.65596389770508,43.613258361816406,40.54686737060547,0.1852203967944055,1.0302056611519061,-0.09453909008985129,-0.7117811985585698,-0.2433681909862595,0.0,False,False
2025-12-03,3.89,6849.72,4.06,3.49,0.5699999999999994,681.8751220703125,144.77540588378906,53.36349105834961,43.47429656982422,40.625999450683594,0.3462767968857472,0.2385101567018877,1.3436790598289061,-0.31862281611558796,0.19516200685700813,0.0,False,False
2025-12-04,3.89,6857.12,4.11,3.52,0.5900000000000003,682.3736572265625,145.31459045410156,53.47311019897461,43.38496780395508,40.556758880615234,0.07311238379490437,0.3724282912701993,0.20541973257548474,-0.2054748964728348,-0.17043413332491486,0.0,False,False
2025-12-05,3.89,6870.4,4.14,3.56,0.5799999999999996,683.6697998046875,146.3779754638672,53.493038177490234,42.9780158996582,40.54686737060547,0.1899461628388499,0.7317813073295598,0.03726728900090848,-0.9380020889626528,-0.02438930102596215,0.0,False,False
2025-12-08,3.89,6846.51,4.17,3.57,0.6000000000000001,681.6159057617188,147.4064178466797,53.29373550415039,42.4023323059082,40.29956817626953,,,,,,0.0,False,False
2025-12-09,3.89,6840.51,4.18,3.61,0.5699999999999998,681.027587890625,147.7958221435547,53.09443283081055,42.432106018066406,40.062164306640625,-0.0863122274760153,0.2641705175143949,-0.3739701701419018,0.07021715679080831,-0.5890978002307756,0.0,False,False
2025-12-10,3.89,6886.68,4.13,3.54,0.5899999999999999,685.5443115234375,148.50474548339844,53.702308654785156,42.412254333496094,40.141300201416016,0.6632218302348614,0.4796639915539469,1.1448955974568076,-0.04678458467712865,0.19753274977776236,0.0,False,False
2025-12-11,3.64,6901.0,4.14,3.52,0.6199999999999997,687.1395263671875,147.7458953857422,54.67889404296875,42.71995162963867,40.358917236328125,0.23269317780567622,-0.5109938373929479,1.8185165827066863,0.7254914905562293,0.5421275190892638,-0.25,False,True
2025-12-12,3.64,6827.41,4.19,3.52,0.6700000000000004,679.7514038085938,143.47238159179688,54.75861740112305,42.511512756347656,40.3094596862793,-1.0751997629438903,-2.892475478109102,0.14580279932445706,-0.4879192633411189,-0.12254429364202402,0.0,False,False
2025-12-15,3.64,6816.51,4.18,3.51,0.6699999999999999,678.7244262695312,142.08448791503906,54.79847717285156,42.89861297607422,40.46773147583008,,,,,,0.0,False,False
2025-12-16,3.64,6800.26,4.15,3.48,0.6700000000000004,676.8699340820312,142.34408569335938,54.4496955871582,42.71995162963867,40.11162185668945,-0.27323197983205594,0.18270662908363988,-0.6364804346536745,-0.4164734802386105,-0.8799841408291376,0.0,False,False
2025-12-17,3.64,6721.43,4.16,3.49,0.6699999999999999,669.4219360351562,139.17889404296875,54.43973159790039,42.44203186035156,40.289676666259766,-1.1003588240296014,-2.2236200646995274,-0.018299439786328975,-0.6505619943031338,0.4438983051008538,0.0,False,False
2025-12-18,3.64,6774.76,4.12,3.46,0.6600000000000001,674.4769287109375,141.3256378173828,54.35004425048828,42.858909606933594,40.04237747192383,0.7551280296730134,1.5424348563592538,-0.16474612342792794,0.9822285322099944,-0.6138028765642511,0.0,False,False
2025-12-19,3.64,6834.5,4.16,3.48,0.6800000000000002,680.5900268554688,144.38101196289062,54.64899826049805,42.3129997253418,39.89400100708008,0.906346515990486,2.1619390456640852,0.5500529284427902,-1.273737214965176,-0.37054858929839174,0.0,False,False
2025-12-22,3.64,6878.49,4.17,3.44,0.73,684.8300170898438,145.16000366210938,55.31999969482422,42.470001220703125,40.189998626708984,,,,,,0.0,False,False
2025-12-23,3.64,6909.79,4.18,3.48,0.6999999999999997,687.9600219726562,145.9499969482422,55.43000030517578,42.619998931884766,40.18000030517578,0.45704843606495515,0.5442224209167845,0.19884419912941098,0.3531850879922249,-0.024877635916509266,0.0,False,False
2025-12-24,3.64,6932.05,4.15,3.47,0.6800000000000002,690.3800048828125,146.3000030517578,55.72999954223633,42.810001373291016,40.439998626708984,0.3517621421107009,0.23981234041392518,0.541221784970003,0.445805833336399,0.6470839212505242,0.0,False,False
2025-12-26,3.64,6929.94,4.14,3.46,0.6799999999999997,690.3099975585938,146.52999877929688,55.619998931884766,42.779998779296875,40.52000045776367,,,,,,0.0,False,False
2025-12-29,3.64,6905.74,4.12,3.45,0.6699999999999999,687.8499755859375,145.8699951171875,55.31999969482422,42.86000061035156,40.630001068115234,,,,,,0.0,False,False
2025-12-30,3.64,6896.24,4.14,3.45,0.6899999999999995,687.010009765625,145.41000366210938,55.18000030517578,42.959999084472656,40.720001220703125,-0.12211468345215692,-0.3153434362622609,-0.2530719277309301,0.23331421534544816,0.2215115683531721,0.0,False,False
2025-12-31,3.64,6845.5,4.18,3.47,0.7099999999999995,681.9199829101562,143.97000122070312,54.77000045776367,42.689998626708984,40.349998474121094,-0.7408955885817803,-0.9903049344200499,-0.743022553723427,-0.628492699063532,-0.9086511185906199,0.0,False,False
2026-01-02,3.64,6858.47,4.19,3.47,0.7200000000000002,683.1699829101562,144.3000030517578,54.93000030517578,43.18000030517578,40.380001068115234,,,,,,0.0,False,False
2026-01-05,3.64,6902.05,4.17,3.46,0.71,687.719970703125,144.6199951171875,56.130001068115234,42.70000076293945,40.43000030517578,,,,,,0.0,False,False
2026-01-06,3.64,6944.82,4.18,3.47,0.7099999999999995,691.8099975585938,146.64999389648438,56.400001525878906,42.90999984741211,40.70000076293945,0.5947227112347964,1.4036778093180935,0.48102699559193773,0.4918011258091548,0.6678220522523981,0.0,False,False
2026-01-07,3.64,6920.93,4.15,3.47,0.6800000000000002,689.5800170898438,146.52999877929688,55.61000061035156,41.869998931884766,40.13999938964844,-0.3223400177244651,-0.08182415423229061,-1.4007108052379258,-2.4236796066781308,-1.3759247243084638,0.0,False,False
2026-01-08,3.64,6921.46,4.19,3.49,0.7000000000000002,689.510009765625,144.24000549316406,55.900001525878906,41.9900016784668,40.439998626708984,-0.010152168346500012,-1.5628153314748872,0.5214905814501236,0.28660795233659275,0.7473822661240748,0.0,False,False
2026-01-09,3.64,6966.28,4.18,3.54,0.6399999999999997,694.0700073242188,146.14999389648438,55.72999954223633,42.5099983215332,40.5,0.6613388484590255,1.3241738287446347,-0.30411803041521246,1.2383820487748887,0.14837135343368502,0.0,False,False
2026-01-12,3.64,6977.27,4.19,3.54,0.6500000000000004,695.1599731445312,146.7899932861328,55.290000915527344,42.58000183105469,40.619998931884766,,,,,,0.0,False,False
2026-01-13,3.64,6963.74,4.18,3.53,0.6499999999999999,693.77001953125,146.47999572753906,54.22999954223633,42.849998474121094,40.93000030517578,-0.1999473023445053,-0.21118439455848348,-1.9171664961816437,0.6340926055796725,0.7631742526897911,0.0,False,False
2026-01-14,3.64,6926.6,4.15,3.51,0.6400000000000006,690.3599853515625,144.6999969482422,54.150001525878906,43.16999816894531,41.38999938964844,-0.49152227448391317,-1.2151821622167214,-0.14751616638889464,0.7467904462528319,1.1238677767966943,0.0,False,False
2026-01-15,3.64,6944.47,4.17,3.56,0.6099999999999999,692.239990234375,145.4600067138672,54.369998931884766,43.61000061035156,41.70000076293945,0.27232240029890775,0.5252313625803584,0.4062740531977971,1.0192320131316768,0.7489765109021551,0.0,False,False
2026-01-16,3.64,6940.01,4.24,3.59,0.6500000000000004,691.6599731445312,145.6199951171875,54.439998626708984,43.38999938964844,42.209999084472656,-0.08378844014015341,0.10998789765974681,0.1287469122666529,-0.5044742435772909,1.2230175352573536,0.0,False,False
2026-01-20,3.64,6796.86,4.3,3.6,0.6999999999999997,677.5800170898438,141.83999633789062,53.20000076293945,42.959999084472656,41.400001525878906,,,,,,0.0,False,False
2026-01-21,3.64,6875.62,4.26,3.6,0.6599999999999997,685.4000244140625,143.80999755859375,53.459999084472656,43.02000045776367,41.54999923706055,1.1541083159159804,1.388889785367864,0.4887186424898049,0.13966800411944202,0.3623132986791733,0.0,False,False
2026-01-22,3.64,6913.35,4.26,3.61,0.6499999999999999,688.97998046875,144.8800048828125,53.810001373291016,42.709999084472656,41.13999938964844,0.5223163010167564,0.7440423770140203,0.6546993917177613,-0.7205982566071079,-0.9867625871011088,0.0,False,False
2026-01-23,3.64,6915.61,4.24,3.6,0.6400000000000001,689.22998046875,145.08999633789062,53.06999969482422,42.560001373291016,41.25,0.036285524556167736,0.14494163997853526,-1.375212153096328,-0.35120045515564247,0.26738116670765866,0.0,False,False
2026-01-26,3.64,6950.23,4.22,3.56,0.6599999999999997,692.72998046875,146.0800018310547,53.40999984741211,42.869998931884766,41.220001220703125,,,,,,0.0,False,False
2026-01-27,3.64,6978.6,4.24,3.53,0.7100000000000004,695.489990234375,148.0500030517578,53.0,43.43000030517578,41.25,0.39842504921721034,1.3485769414087745,-0.7676462246460347,1.306278020162277,0.07277724019525422,0.0,False,False
2026-01-28,3.64,6978.03,4.26,3.56,0.6999999999999997,695.4199829101562,149.22999572753906,52.9900016784668,43.33000183105469,40.849998474121094,-0.01006589961060067,0.7970230675164114,-0.01886475760981554,-0.23025206865857628,-0.9697006687973464,0.0,False,False
2026-01-29,3.64,6969.01,4.24,3.53,0.7100000000000004,694.0399780273438,146.8699951171875,53.54999923706055,43.33000183105469,41.369998931884766,-0.19844193677575062,-1.5814519050582843,1.0567985296390692,0.0,1.2729509845467835,0.0,False,False
