Price,Close,High,Low,Open,Volume
Ticker,SPY,SPY,SPY,SPY,SPY
Date,,,,,
2020-01-02,297.698974609375,297.71731977517936,295.5546875996484,296.4802235866316,59151200
2020-01-03,295.44476318359375,296.57190037053346,294.24432922039875,294.299308793889,77709700
2020-01-06,296.5719299316406,296.6543993000962,293.5662304668719,293.685362209707,55653900
2020-01-07,295.7379455566406,296.48019761170144,295.2889085116511,296.0036707856056,40496400
2020-01-08,297.3141174316406,298.53286845352926,295.6829916921281,295.93039974358743,68296000
2020-01-09,299.33013916015625,299.40346390249715,298.2946439048552,298.88112998280087,48473300
2020-01-10,298.4686584472656,300.07229409242746,298.0013322184309,299.91652800454466,53029300
2020-01-13,300.5213928222656,300.5305374400755,298.66117621036113,299.0918681335702,47086800
2020-01-14,300.063232421875,301.1353620319294,299.50423615771473,300.0815496239874,62832800
2020-01-15,300.7413330078125,301.5019023922084,299.8891216822957,299.9715910397463,72056600
2020-01-16,303.24298095703125,303.24298095703125,301.8959256745201,302.1250165187214,54050300
2020-01-17,304.1868591308594,304.3976048271327,303.17885374044386,303.9577682678192,95846000
2020-01-21,303.5911865234375,304.39759079860585,303.1513499843944,303.22464675250427,77742400
2020-01-22,303.6278381347656,305.10319771439003,303.4720720211028,304.4525595814496,48914900
2020-01-23,303.9760437011719,304.38841838405864,301.85924665475704,302.97721103138565,51963000
2020-01-24,301.2727966308594,304.7183320973039,299.9807208309427,304.6358627439296,87578400
2020-01-27,296.4435729980469,297.92807729720744,295.6738310638596,296.0128810624095,84062500
2020-01-28,299.5500183105469,300.42971926518106,296.5351751654202,297.8730577788498,63834000
2020-01-29,299.3026123046875,301.1445117064484,299.10101123601123,300.9154208540977,53888900
2020-01-30,300.27392578125,300.4846994121744,296.4801961809347,297.2315928492786,75491800
2020-01-31,294.8216247558594,299.80664419353747,293.905261299892,299.65085010133794,113845600
2020-02-03,297.0116882324219,298.88107731999344,296.1869668001725,296.30609851158897,69083000
2020-02-04,301.53851318359375,302.4090695275427,300.31058968515316,300.631322441618,62573200
2020-02-05,305.0207214355469,305.23149509436865,303.013911228474,304.4800703613793,65951100
2020-02-06,306.04705810546875,306.23948658903026,304.9657280409619,305.9829059558844,50359700
2020-02-07,304.416015625,306.0562864230658,303.86619184212464,304.98415661339817,64139400
2020-02-10,306.6885681152344,306.75272027996516,303.4904680460931,303.5271304209676,42070000
2020-02-11,307.219970703125,308.8327511042264,306.68846432551175,308.0446920849093,54864500
2020-02-12,309.19940185546875,309.4101475745906,308.2921829231396,308.65872275070467,43992700
2020-02-13,308.8694152832031,309.84075815537994,307.4948703170825,307.769768124231,54501900
2020-02-14,309.3643493652344,309.4834811047441,308.0814459497398,309.28187999908084,64582200
2020-02-18,308.5671081542969,309.4284921282204,307.1742176610438,308.3655070547574,57226200
2020-02-19,310.04229736328125,310.7203971291242,309.25423849651065,309.5383088289683,48814700
2020-02-20,308.7685852050781,310.317241219091,305.7720597037326,309.49249198355943,74163400
2020-02-21,305.58892822265625,307.72404299995856,304.76417865144776,307.41248274725154,113788200
2020-02-24,295.45391845703125,305.6621928380794,294.37258832295646,296.11370126545256,161088400
2020-02-25,286.5009460449219,297.4606419779516,285.6212452119003,296.8466943005458,218913200
2020-02-26,285.4471740722656,291.5043221918887,284.714094602618,287.90302105729336,194773800
2020-02-27,272.62725830078125,285.5021516671391,272.62725830078125,279.9123298627245,284353500
2020-02-28,271.48187255859375,272.9755496100988,261.65845424597956,264.55416640152885,384975800
2020-03-02,283.23876953125,283.3029216830661,269.8323680613231,273.26873092756443,238703600
2020-03-03,275.1289978027344,287.5915483325636,272.68232265580184,283.6145336717941,300139100
2020-03-04,286.6934509277344,286.91339716852445,277.9605085084488,280.51717032303884,176613400
2020-03-05,277.16326904296875,282.67062208363757,274.9181954685185,279.4725227329303,186366800
2020-03-06,272.5813903808594,273.7909965197838,265.9561023246135,268.631867215365,228667200
2020-03-09,251.29432678222656,260.4212977452455,250.57956450136103,252.27481429462634,309417300
2020-03-10,264.2975769042969,264.38919088350326,250.6254209763318,260.83372394140366,276444100
2020-03-11,251.4134979248047,258.35954950898685,248.2245705699744,257.22326762073214,255316300
2020-03-12,227.35894775390625,244.35749341633144,226.9649041793255,234.58905518446738,392220700
2020-03-13,246.7949981689453,248.77434647333422,227.7346366084583,241.08604410630707,329566100
2020-03-16,219.78981018066406,235.41379802822706,217.50805983351108,221.00856143695935,297240000
2020-03-17,231.6566619873047,234.7448160424353,217.24227013870095,224.54567331011896,262070500
2020-03-18,219.92721557617188,227.5971727449602,208.94918598045479,216.4908528327942,327597100
2020-03-19,220.39454650878906,226.6899722952671,212.79790041262768,219.23993370981958,289322000
2020-03-20,210.8968505859375,225.34070206512823,210.62032218585884,223.5525010180808,347158800
2020-03-23,205.5045928955078,211.7079795342504,201.18157403211723,210.33457814055313,326025200
2020-03-24,224.12396240234375,224.9996379339709,215.50559082451886,216.0770724853135,235494500
2020-03-25,227.47915649414062,236.29111690961022,220.99002898483698,225.7093944461487,299430300
2020-03-26,240.76158142089844,242.23636179724778,229.56228861158792,229.9955130827895,257632800
2020-03-27,233.5903778076172,240.4021241650425,231.40583018380667,233.45212064085143,224341200
2020-03-30,241.17640686035156,241.89537230019295,233.6917850687621,235.69198523496897,171369500
2020-03-31,237.58155822753906,242.72492158244737,236.17127891009355,240.17167888160807,194881100
2020-04-01,226.88925170898438,237.4986263490016,224.81530968581333,228.5760595756085,189554600
2020-04-02,232.12477111816406,232.90825175530057,225.45128263078988,226.00433936920624,177660400
2020-04-03,228.76962280273438,233.4982148913471,226.0320183372027,231.13851804279616,135561200
2020-04-06,244.13519287109375,246.10775542428493,228.7511655917904,237.66450470907907,188061200
2020-04-07,244.38404846191406,253.5093852537286,244.16283704114784,252.7535420599355,201427200
2020-04-08,252.5877227783203,254.4035755113223,244.49474059557332,246.99268087012769,153774500
2020-04-09,256.43133544921875,259.1965905627777,253.91494316921344,255.85982576352765,189999200
2020-04-13,254.09011840820312,255.79536495704366,250.17267304475266,255.45432127320237,114839100
2020-04-14,261.58404541015625,262.6071767744226,253.95193888256938,258.9939241696713,134143400
2020-04-15,256.0257873535156,261.7222066904495,253.90574134911725,255.8506522622504,121775000
2020-04-16,257.260986328125,258.1182089286888,254.18233805357292,257.3070626758222,131798300
2020-04-17,264.2109680175781,264.8192994942426,260.30272098283615,263.04955166649506,146684800
2020-04-20,259.55615234375,264.34927418099744,259.3349408566782,260.49632929344494,100109300
2020-04-21,251.67514038085938,256.28389976601466,250.73493546332134,255.0764070574748,126385700
2020-04-22,257.260986328125,259.0123094851933,255.2423472173533,256.56967233483715,92951600
2020-04-23,257.2425231933594,261.7222523215309,256.9383574252864,258.5421968253092,104709700
2020-04-24,260.82818603515625,261.5010751772148,256.7079531308153,258.7634703866844,85063200
2020-04-27,264.5888366699219,265.71337496446637,262.34898660009674,262.8098624891784,77896600
2020-04-28,263.37213134765625,268.5984478924174,263.06793752484685,268.24817773506373,105270000
2020-04-29,270.266845703125,271.8061836334451,267.6859518357042,268.7183093826725,118745600
2020-04-30,267.7505187988281,270.3682909831344,266.0083940965527,268.88425570382896,122901700
2020-05-01,260.6622314453125,267.91641450243395,259.49158851242345,262.9850361402211,125180000
2020-05-04,261.38116455078125,261.68533026759593,257.28858431038867,258.7725912054478,80873200
2020-05-05,263.7961730957031,266.6167316014269,261.5102183039644,264.21097269404163,79569900
2020-05-06,262.0079650878906,265.88853252564763,261.57474059035235,265.5014124986934,73632600
2020-05-07,265.1696472167969,267.1053323245546,264.66269479484157,265.2341766173054,75250400
2020-05-08,269.55712890625,270.02723137851206,267.1789932426563,268.3127582106148,76452400
2020-05-11,269.6124267578125,270.9950545873397,267.19744131631325,267.62143930773703,79514200
2020-05-12,264.2386779785156,271.21631976182334,264.1003926644628,270.80154820858723,95870800
2020-05-13,259.5653381347656,264.7179278299637,257.1318996402703,263.676343692379,144721100
2020-05-14,262.6716613769531,262.80069202601,251.62906259247328,257.1227246154744,121977900
2020-05-15,263.87921142578125,263.9252877826548,259.3257534327739,260.27515704744945,111146300
2020-05-18,271.91680908203125,273.52987489861954,269.7967909749408,270.11938163455005,119703800
2020-05-19,269.1239013671875,273.0321203926456,269.1054764559933,271.317675373618,95189300
2020-05-20,273.69580078125,274.5622498678464,272.44223162680925,272.6726696151671,85861700
2020-05-21,271.8062744140625,274.37797075027214,270.70938712165076,273.5668243697012,78293900
2020-05-22,272.3224182128906,272.49755334653037,270.2761276095139,271.52049845866605,63958200
2020-05-26,275.6775817871094,278.5442451969563,272.3408439751787,278.3045806702521,88951400
2020-05-27,279.7793884277344,279.81626638469135,273.6405166226239,278.47971470898386,104817400
2020-05-28,279.26318359375,282.8303590651287,278.5902945576111,280.8117200863485,90405200
2020-05-29,280.50750732421875,281.09741383366213,276.0370055830861,278.79303439283416,119090800
2020-06-01,281.6412353515625,282.2495948808026,279.346082500508,279.8622612290212,55758300
2020-06-02,283.9732666015625,284.0193710668149,281.2264643910876,282.5629875500493,74267200
2020-06-03,287.75244140625,288.71107105871283,285.68772658214215,285.96424084264595,92567600
2020-06-04,286.99664306640625,288.50832960554146,284.89504996954486,286.76620510346254,75794400
2020-06-05,294.35235595703125,296.1313310231389,292.3429428316978,292.40747223939604,150524700
2020-06-08,297.9102478027344,298.1038078400363,294.61958652041267,295.1634168068766,73641200
2020-06-09,295.6888122558594,297.9839655814591,294.37068560515496,295.23713467779834,77479200
2020-06-10,294.0388488769531,297.1636012434189,293.3198835377999,296.269500797197,95000800
2020-06-11,277.0877685546875,287.7247911841083,276.53474003136586,287.0887802526586,209243600
2020-06-12,280.4062194824219,284.8951480451448,275.23520331605874,284.1208795986669,194678900
2020-06-15,283.0238952636719,284.157660169738,273.52063590787077,274.70047715474163,135782700
2020-06-16,288.471435546875,290.94175175021076,283.59538877660174,290.7942680866062,137627500
2020-06-17,287.2731628417969,289.7895553253367,286.5357445407584,289.49458800492135,83398900
2020-06-18,287.3838806152344,287.8631816005811,285.29151338751893,285.7523894567671,80828700
2020-06-19,285.74139404296875,291.0555229099972,283.7879244755577,290.8611111413888,135549600
2020-06-22,287.57452392578125,287.97261465069647,283.9916508946989,285.1396439631699,74649400
2020-06-23,288.89837646484375,291.16661737693755,288.4910186826439,290.2315422514218,68471200
2020-06-24,281.5290222167969,287.47272350488674,279.6866728739989,286.85241955719425,132813500
2020-06-25,284.547119140625,284.8156113948789,278.9274573121908,280.95497926839084,89468000
2020-06-26,277.7886657714844,283.65831307289085,277.2054304923367,283.4453670718766,127961000
2020-06-29,281.87158203125,282.01044762306395,276.7518633545802,279.0478780684686,79773300
2020-06-30,285.482177734375,287.18568953468224,281.27902922068364,281.43640077884385,113394800
2020-07-01,287.4819030761719,288.75028382678505,286.13949836711066,286.60240238818403,72396500
2020-07-02,289.0651550292969,292.2777111754718,288.3985718785409,290.92601062452593,69344200
2020-07-06,293.52740478515625,294.11066832520936,292.14795995471866,292.8978621480964,61713800
2020-07-07,290.5001525878906,293.96266689087315,290.12056776136336,291.9814516478086,82910000
2020-07-08,292.72198486328125,292.8330773096431,289.50019090510847,291.2684594320676,54638600
2020-07-09,291.0555419921875,293.57374104179394,287.630040873894,293.3330219054562,83354200
2020-07-10,294.0274353027344,294.29592760306656,289.55579393882005,290.9907854082374,57550400
2020-07-13,291.48138427734375,298.76748864050046,290.82406851518385,296.3789164570163,102997500
2020-07-14,295.2586975097656,296.03637283334564,288.8520937677715,290.05563285710343,93657000
2020-07-15,297.9713439941406,299.073057898437,295.5827432633352,298.48979427223054,87196500
2020-07-16,296.989990234375,297.4436271652197,295.41610515280826,296.064182128376,54622500
2020-07-17,297.8509826660156,298.6379252006533,296.01787245922196,297.9991153522291,62774900
2020-07-20,300.25811767578125,301.00802004619595,296.83261608608126,297.58251845649596,56308800
2020-07-21,300.8969421386719,302.674478119921,299.9063205508765,302.2301082513212,57292200
2020-07-22,302.6095886230469,302.92438820533135,300.4246953097078,300.53578774890565,57792900
2020-07-23,298.9989929199219,302.9522118119583,297.62881493687297,302.2485885751996,75738000
2020-07-24,297.0733337402344,298.10096725984846,295.56426188414656,297.13814709374793,73766600
2020-07-27,299.2397155761719,299.41562138741637,296.97147427544377,297.7676839874068,48293000
2020-07-28,297.341796875,299.6285439888073,297.0455315052015,298.508295856773,57495000
2020-07-29,300.99871826171875,301.56347588194586,298.1842537893127,298.22129402344734,48454200
2020-07-30,299.9248962402344,300.3415213422862,295.9254252263219,298.0177331018441,61861700
2020-07-31,302.2948303222656,302.39668389819855,297.48988434595253,301.72083385939374,84986800
2020-08-03,304.396484375,305.1648927454192,303.4151299484772,303.96135339317016,53077900
2020-08-04,305.57220458984375,305.57220458984375,303.5354155660307,303.5354155660307,41917900
2020-08-05,307.4701843261719,307.72943777630746,306.60918937854404,306.8776816994506,42697700
2020-08-06,309.5254211425781,309.6457807205977,306.5628520645501,306.8868905622747,43679400
2020-08-07,309.7475891113281,310.03458733084204,307.6459868706977,308.5532888812559,57308300
2020-08-10,310.6734313964844,310.85857606472894,308.25705755982693,310.2012602236318,44282100
2020-08-11,308.1090087890625,312.49735959763404,307.3776405321579,311.8585495733501,69601100
2020-08-12,312.4047546386719,313.1824302193306,310.5253649220565,310.5531380408862,53774400
2020-08-13,311.8399353027344,313.1545952590524,310.9141271866692,311.63625638706316,41816100
2020-08-14,311.8492431640625,312.38622776344647,310.7197559847732,311.45115240297025,47260400
2020-08-17,312.8397521972656,313.23784281512303,311.8583980794048,312.86752530424604,35481000
2020-08-18,313.5156555175781,313.94151931492354,311.63623802939264,313.2378961470677,38733900
2020-08-19,312.2103271484375,314.41372705641555,311.64556942265534,313.89527669531185,68054200
2020-08-20,313.1824035644531,313.6638136676709,310.34943267122867,310.4790311302615,42207800
2020-08-21,314.29339599609375,314.5155809357857,312.50656459465205,312.8491373812447,55106600
2020-08-24,317.4781494140625,317.55220163599915,314.26559394084416,316.7374859275807,48588700
2020-08-25,318.5890808105469,318.6724001496487,316.87633016433045,318.0428574185985,38463400
2020-08-26,321.78314208984375,322.05160610805416,318.6354000636554,319.1816234759962,50790200
2020-08-27,322.48675537109375,323.9402810146321,320.8203119253996,322.65342231840225,58034100
2020-08-28,324.56982421875,324.69945092755256,322.3201170881674,323.5144175693778,48588900
2020-08-31,323.3940124511719,325.23636145672884,323.1625604352609,324.3568607483191,66099200
2020-09-01,326.4399108886719,326.54173620841556,323.3291812746038,324.2272161769494,54908700
2020-09-02,331.16162109375,332.13370845126155,327.20840179877194,328.3564232368283,69540000
2020-09-03,319.764892578125,329.93951517196746,317.1726127891446,329.4673439712891,148011100
2020-09-04,317.1540222167969,322.02375260657993,310.02529001501034,320.44989611308165,139156300
2020-09-08,308.488525390625,317.2189177075403,308.1830211329874,311.7288539118445,114465300
2020-09-09,314.58038330078125,317.05227542874667,311.6362916856209,312.5065536735691,91462300
2020-09-10,309.11810302734375,317.1170709136093,308.15525462087976,316.4597550247516,90569500
2020-09-11,309.2754821777344,311.9695874052841,306.44251137215093,310.9049136357937,84680200
2020-09-14,313.3490295410156,315.12659368293913,309.4236118882733,312.450994473845,65605700
2020-09-15,314.9321594238281,316.64488183662957,313.3582743243969,315.8116601824572,52920900
2020-09-16,313.68231201171875,317.60772937455226,313.40455262542565,316.17273809901303,82096000
2020-09-17,310.9233093261719,312.6453266431639,308.28475126588256,308.8124685286232,91523300
2020-09-18,307.3438415527344,311.8426865400238,304.852750491152,311.73114938301563,105877900
2020-09-21,303.9232177734375,304.0719434291927,299.052573105159,302.74274511193624,99450800
2020-09-22,307.01849365234375,307.5762077815948,302.89144880901273,305.41045242560136,63612100
2020-09-23,299.8984375,307.8550757850042,299.39649195231215,307.57620454005826,93112200
2020-09-24,300.69781494140625,303.7652001614341,297.25860138372207,298.5785239027551,76681300
2020-09-25,305.5592041015625,306.3492684548765,298.9689520233032,299.8426692481497,71069400
2020-09-28,310.63427734375,311.34999289202267,308.7380608935347,309.7326476540093,64584600
2020-09-29,308.9425048828125,311.17333238522264,308.24536951540244,310.4297326732562,51304000
2020-09-30,311.2849426269531,314.4452844069557,309.4166104963907,309.61180048470607,104081100
2020-10-01,313.2834167480469,314.86357357981365,311.3965044009991,313.8875951945023,88698700
2020-10-02,310.30889892578125,313.255470298687,307.8456929073334,308.31975404604816,89431100
2020-10-05,315.8116760253906,315.9975617997763,312.32599863236203,312.3724629843296,45713100
2020-10-06,311.3221740722656,318.0518759506169,310.810952625502,315.95116484965547,90128900
2020-10-07,316.7412109375,317.5498836075038,314.2593959883173,314.28728027464444,56999600
2020-10-08,319.54840087890625,319.6134736829767,317.76372107590106,318.6839594529064,45242500
2020-10-09,322.4020080566406,322.86676515968713,320.58016815532477,321.20292678815446,59528600
2020-10-12,327.588623046875,329.0665469517747,324.456165301913,324.94880660354625,80388500
2020-10-13,325.4508056640625,327.62586544984794,324.4841029704284,327.4492554856305,73255500
2020-10-14,323.4058532714844,327.1239098929824,322.67155751263357,326.02708999760546,57727900
2020-10-15,323.0061340332031,323.4894711297381,318.94416215249316,319.483267822993,60357700
2020-10-16,322.81097412109375,326.0270851078282,322.63436416489975,324.3632468520364,89501900
2020-10-19,317.90313720703125,324.7071590913862,317.00150736477167,324.07509628990033,68425600
2020-10-20,319.1766052246094,322.4299050743411,318.48877376223936,319.25095388276145,60051900
2020-10-21,318.5723571777344,321.3051307249696,318.26560165924946,319.1300429085846,63575000
2020-10-22,320.31988525390625,320.9054837575771,316.6390168449337,318.78619244737797,55399300
2020-10-23,321.40740966796875,321.60259970171086,318.9442027823426,321.5468311206417,49143900
2020-10-26,315.4678039550781,318.80475616946273,311.96351764417074,318.0146635113088,91473000
2020-10-27,314.3803405761719,316.146412145309,314.166542066453,315.8118005995158,65994100
2020-10-28,303.63507080078125,314.40813551388993,303.142429476248,308.6916296323956,127094300
2020-10-29,306.72113037109375,309.90005330317524,302.17579195493704,303.86751474171876,90597700
2020-10-30,303.52349853515625,306.4514618560545,299.8612112381674,305.1408437594302,120287300
2020-11-02,306.9256286621094,308.9333545578397,304.17424595094957,306.9256286621094,86068300
2020-11-03,312.3446044921875,314.4081268139196,307.00920293263084,310.16954502331055,93294200
2020-11-04,319.3252868652344,323.4151432960798,315.65369476603786,316.83416747960666,126959700
2020-11-05,325.55303955078125,327.3656035607772,324.2703054349714,324.6235253644289,82039700
2020-11-06,325.4786071777344,326.7334566798429,323.1455180928186,325.26480875791856,74973000
2020-11-09,329.5685119628906,338.69634709260697,329.1037549200316,338.3152429134803,172304200
2020-11-10,329.0851745605469,330.1448058667429,325.80399097551134,328.57392479394076,85552000
2020-11-11,331.5298767089844,332.35712968251346,330.0333439405972,331.2788896942813,58649000
2020-11-12,328.31365966796875,331.5762631602293,326.5011242351162,330.5166034949924,67546200
2020-11-13,332.8590087890625,333.6026087311802,329.7079423371588,330.2284679699451,62892200
2020-11-16,337.0139465332031,337.2091365588106,334.24398420061374,335.5360224634201,74541100
2020-11-17,335.2013854980469,336.409770903095,333.0820943880079,334.59720697878305,66111000
2020-11-18,331.1673278808594,336.01939328368303,331.13013936912824,335.47098329337155,70591300
2020-11-19,332.5615539550781,332.9333539222123,329.1874132294605,330.53522002265584,59940900
2020-11-20,330.28424072265625,332.5057930917374,330.20989207411236,332.301298850092,70417300
2020-11-23,332.26409912109375,333.5282530358045,329.8566610286987,332.0967933926305,63230600
2020-11-24,337.6181335449219,338.16654349406434,333.96514971257983,334.82028685253994,62415900
2020-11-25,337.09759521484375,337.56235227629367,336.0007753577867,337.5344679872675,45330900
2020-11-27,338.0364990234375,338.51053205673463,337.0233034107687,338.19450057902753,28514100
2020-11-30,336.5399169921875,337.52519979831504,333.8536356408467,337.25563273127324,83872700
2020-12-01,340.22076416015625,341.7637610766728,339.2075971251857,339.8024998061892,74231400
2020-12-02,340.9364013671875,341.09440284032604,338.528963840474,339.1052579030022,45927000
2020-12-03,340.8435974121094,342.23786884769305,339.7374731372243,340.8342931919175,62882000
2020-12-04,343.7807922363281,343.7807922363281,341.33616563830765,341.4291227207132,50749900
2020-12-07,343.0743713378906,343.5670126985919,341.80094150173,343.00929853997224,48944300
2020-12-08,344.07830810546875,344.6452981914329,341.75452244196146,341.80098680862193,42458900
2020-12-09,340.9923095703125,344.8962524151043,340.155752415466,344.73825087726243,74098300
2020-12-10,340.8807067871094,341.931033863523,338.7428073956365,339.61655289507456,57735400
2020-12-11,340.48101806640625,340.890006557245,337.65531550527345,339.17970394397395,57698600
2020-12-14,338.9565734863281,343.73426062304117,338.7799635596942,342.65604936198173,69216200
2020-12-15,343.5390625,343.5390625,340.12776213787265,341.5034246498197,63865300
2020-12-16,344.07830810546875,344.9985181509299,342.8699225405304,343.75297243927287,58420500
2020-12-17,346.0023193359375,346.20681357249737,344.89619528816195,345.7234764526828,64119500
2020-12-18,344.6208190917969,346.4597687850615,342.60450659912306,346.29174986586526,136542300
2020-12-21,343.3885498046875,353.28340346844874,337.9463959577073,340.6908183330083,96386700
2020-12-22,342.8098449707031,343.82733077167063,341.68034656595023,343.7153181678852,47949000
2020-12-23,343.117919921875,345.0315351063921,342.79119749130325,343.7806801753628,46201400
2020-12-24,344.4527893066406,344.4807924589566,343.0059122912495,343.59397848988544,26457900
2020-12-28,347.4118347167969,347.8038787507137,346.3850052441525,347.01041831787796,39000400
2020-12-29,346.7491149902344,349.1201528820118,346.1610203351437,348.94279009754194,53680500
2020-12-30,347.243896484375,348.2800701602232,346.85185232725235,347.57061894027095,49455300
2020-12-31,349.0081481933594,349.7362586191651,346.53444152154736,347.0478421277476,78520700
2021-01-04,344.2567443847656,350.47370017311397,340.5508422079817,350.34299981269083,110210800
2021-01-05,346.6277160644531,347.7198957883801,343.5659151685521,343.6126060725276,66426200
2021-01-06,348.7000427246094,351.9018879211181,344.56474976303986,345.1154973335199,107997700
2021-01-07,353.8808898925781,354.6276595774134,350.90309805783966,351.0804608432896,68766800
2021-01-08,355.8970947265625,356.1117759902027,352.0138308660104,355.27165322666576,71677200
2021-01-11,353.4981384277344,355.26239380181204,352.5926652872222,352.71402176287364,51034700
2021-01-12,353.57281494140625,354.5903007101901,351.32313359508305,353.68485602908515,52547700
2021-01-13,354.5249938964844,355.52379194885276,352.7140474834026,353.4981642054425,45303600
2021-01-14,353.2834167480469,355.77581089223776,352.9473789690196,355.27172573626217,49989100
2021-01-15,350.7070617675781,352.4619733044625,348.8401091438219,351.65919735021674,107160000
2021-01-19,353.4607849121094,354.0022171031651,351.6871856917085,353.1714095466067,51233300
2021-01-20,358.3522644042969,359.19238745633976,355.36512856654605,355.7571726966947,61836100
2021-01-21,358.6789245605469,359.3417132448048,357.7547921391025,358.91229363565395,47840100
2021-01-22,357.409423828125,358.5762692472842,356.4386004629022,356.82132917887884,52860500
2021-01-25,358.81903076171875,359.1737278876896,353.28349369377014,358.14692656984414,70402000
2021-01-26,358.25885009765625,360.1818088514389,358.02548104028034,359.77107703146265,42665300
2021-01-27,349.50286865234375,355.01971706304266,347.2625312057877,354.9263637345536,123351100
2021-01-28,352.5086669921875,356.5226037699403,350.88442731269146,351.3231338347947,94198100
2021-01-29,345.45159912109375,351.61254871858694,343.77132460135704,350.64172533967934,126765100
2021-02-01,351.2018127441406,352.2379578048874,345.7409704717956,348.8587780208287,75817600
2021-02-02,356.16790771484375,357.72682583158235,351.2858443927636,354.3943082588558,64450700
2021-02-03,356.44793701171875,358.1748738940465,355.1690790166105,356.9986846197431,52427100
2021-02-04,360.4992370605469,360.54589948348286,356.5599656893547,357.48409816801393,47142600
2021-02-05,361.91802978515625,362.62748077443865,360.45249388154105,362.375452469661,48669800
2021-02-08,364.53179931640625,364.5784617313484,362.5154873095736,363.37426945905264,38365200
2021-02-09,364.2890930175781,364.8865314693328,363.28095123953375,363.69165456582346,35551100
2021-02-10,364.13043212890625,366.18409143779456,361.72207574615237,366.03473180738115,59154400
2021-02-11,364.7185974121094,365.63341464278966,362.28223740722973,365.2133388204245,42913300
2021-02-12,366.5201416015625,366.7628260637993,363.8410407386607,363.9157347942992,50593300
2021-02-16,366.2026672363281,367.9482914947028,365.4839008857717,367.75224100029,50972400
2021-02-17,366.28668212890625,366.5387104077546,363.4302191981497,364.4477331649074,52290600
2021-02-18,364.7279052734375,365.4746750089571,361.94613530686405,363.67307236862246,59712800
2021-02-19,364.0838317871094,366.277507221227,363.6357528194678,365.98813179028394,83241000
2021-02-22,361.2832946777344,363.7009946315046,361.01257860165623,361.3112978244023,67414200
2021-02-23,361.7220764160156,363.0756284840309,354.90771062947573,359.071007068001,107284100
2021-02-24,365.7080078125,366.1374274308675,359.64041172948737,360.62989435018375,72433900
2021-02-25,356.89599609375,365.8107122221224,355.44911916352476,364.43850086453193,146670500
2021-02-26,355.0570373535156,359.9297848553106,353.0687567328293,358.7816272202917,152701600
2021-03-01,363.6636657714844,364.91454901828484,355.25306411122193,359.93910464145296,105348800
2021-03-02,360.825927734375,364.1210978494576,360.32184256880726,363.88772878043636,79595300
2021-03-03,356.0465393066406,361.0966209700066,355.9438421012048,360.12582613870484,119940200
2021-03-04,351.6405334472656,358.45489903923504,347.1411708462989,355.85983606589633,183433000
2021-03-05,358.10955810546875,359.1643910019848,347.8506615219816,355.15042536468866,152039600
2021-03-08,356.3265686035156,361.89007928491264,356.0465371130261,359.07099116005475,123149200
2021-03-09,361.4140625,363.9717786646601,359.67778162011194,360.1818668416844,113633600
2021-03-10,363.6636657714844,365.3625993873506,362.34748932491925,363.76636297268493,109899400
2021-03-11,367.3509521484375,369.3299174808508,365.68002148147286,366.1374442709955,86245000
2021-03-12,367.84564208984375,367.98565782730424,365.1759137374838,365.9880335021886,64653600
2021-03-15,370.03936767578125,370.300739917359,365.9507366566855,368.0977208919714,73427200
2021-03-16,369.5726013183594,371.36485984183645,368.79780004485065,370.6554372330348,73722500
2021-03-17,370.83282470703125,371.6356006957716,367.13623784220084,368.2844240106245,97959300
2021-03-18,365.4373474121094,370.3287545797214,364.75589939193253,368.237776582105,115349100
2021-03-19,364.76116943359375,366.7185215102519,362.57902982560887,365.13577721148323,113624500
2021-03-22,367.6737976074219,369.0598779072766,365.22008364773114,365.276273388736,73778600
2021-03-23,364.77984619140625,368.4885113362142,363.9931613777038,367.0368956527284,90686600
2021-03-24,362.9255676269531,367.82364968651206,362.87875236928403,366.1847155376861,97588600
2021-03-25,364.9671936035156,365.76322438235565,359.53528100576926,361.48328710314735,116128600
2021-03-26,370.8486633300781,371.2513660035237,365.51978373718055,366.11915050544366,114409100
2021-03-29,370.6612854003906,371.5697241805581,367.87977932756746,369.36886439554,108107600
2021-03-30,369.677978515625,370.3522839608412,368.0764852202729,369.3876553387291,76262200
2021-03-31,371.1763916015625,372.74041546812293,370.2211375092786,370.2492323772652,112734200
2021-04-01,375.1847229003906,375.24094121233566,372.90895304429756,373.1149915856355,99682900
2021-04-05,380.5698547363281,381.1130603362482,377.77900235176537,377.8539124789563,91684800
2021-04-06,380.3450927734375,381.3940060302929,379.6707873110672,380.0079543326237,62021000
2021-04-07,380.78515625,381.1316690756449,379.7175229110059,380.17641518488864,55836300
2021-04-08,382.5927429199219,382.6489326563563,381.1036577429274,382.0401914578226,57863100
2021-04-09,385.3742980957031,385.5428959071403,382.34931210443176,382.4710660757358,61104600
2021-04-12,385.5148010253906,385.7863752590293,384.1661900183948,384.77493129415467,56704900
2021-04-13,386.6573181152344,387.2848083159337,385.02775850316095,385.4117407781049,56551000
2021-04-14,385.3368225097656,387.68750278516484,384.7936169300577,386.6292150757349,61659900
2021-04-15,389.476318359375,389.74792117202105,387.43468147433254,387.4814967334206,60229800
2021-04-16,390.7781066894531,391.3868479497779,389.34521110344514,390.7687322055155,82037300
2021-04-19,388.858154296875,390.29104973204716,387.5282924319391,389.8415318422619,78498500
2021-04-20,386.0110778808594,388.7457400683616,384.53133874397116,387.6406372471208,81851800
2021-04-21,389.66363525390625,389.86967383854443,385.25254036198135,385.39304330026425,66793000
2021-04-22,386.10467529296875,390.3284507375282,385.03704191092794,389.49495074233465,97582800
2021-04-23,390.29107666015625,391.70525180773853,386.5917853934421,386.6666955199945,73209200
2021-04-26,391.1058044433594,391.67710483269894,390.35658895453304,390.94660972783475,52182400
2021-04-27,391.021484375,391.60215919401725,389.87891228070197,391.4054665669327,51303100
2021-04-28,390.9092102050781,392.41704451515596,390.4409432957331,391.29319250043034,51238900
2021-04-29,393.4003601074219,394.0184758048344,390.01011254525065,393.6438680253927,78544300
2021-04-30,390.8154602050781,391.9767813050414,389.9163959508624,391.1245322985736,85527000
2021-05-03,391.6583557128906,393.1942559265177,391.16199405729486,392.81027372792676,68128300
2021-05-04,389.2421875,390.1600009463546,385.54289600428126,389.66363915758245,101591200
2021-05-05,389.36395263671875,391.1246408679832,388.80202660407656,390.89050740277776,60162200
2021-05-06,392.4732666015625,392.6043664849962,387.4253351840657,389.43887734403665,74321400
2021-05-07,395.3295593261719,395.98514427957303,392.55742786810055,393.24110768631965,67733800
2021-05-10,391.4148254394531,395.91017494684985,391.2930715077522,395.68541604570055,81852400
2021-05-11,387.9216613769531,388.9143849289387,384.0350517822084,386.88212256677235,116888000
2021-05-12,379.68011474609375,386.40441956933836,378.3595988550545,385.1307475097692,134811000
2021-05-13,384.2410888671875,386.1797207054135,381.18797951311626,381.2348233518727,106394000
2021-05-14,390.1412048339844,390.99345394959835,386.9569958994236,386.9850907678179,82201600
2021-05-17,389.1484680175781,389.96327633452273,387.1255518204116,389.02674264587563,65129200
2021-05-18,385.7956848144531,389.6541989870204,385.63646151399263,389.41069108540063,59810200
2021-05-19,384.7841796875,384.96212335727006,379.60515004278085,381.09426361206437,106467100
2021-05-20,388.9236755371094,390.18800162389465,385.5428029314172,385.66452829262204,78022200
2021-05-21,388.6052551269531,391.65836381551816,388.1463628077777,390.41275811955995,76578700
2021-05-24,392.5668640136719,393.64387210851635,390.6094833278582,390.8529912483548,51376700
2021-05-25,391.69580078125,394.00903989913496,391.1151545265216,393.6531525608854,57451400
2021-05-26,392.4732666015625,392.97897432719486,391.2464094844327,392.28594839009,43088600
2021-05-27,392.67913818359375,394.01837422569105,392.39816098589307,393.5032922343411,56707700
2021-05-28,393.3816223144531,394.514820085861,393.14748889006984,394.25259179378133,58520200
2021-06-01,393.0351867675781,395.89160367489364,392.5950146998832,395.75112930876674,54216600
2021-06-02,393.6532287597656,394.49613202119497,392.67925421266847,393.690698113344,49097100
2021-06-03,392.1922302246094,393.3348025487419,389.86027032089925,391.3306351753736,58138800
2021-06-04,395.7792053222656,396.0789030095524,392.2578289485074,394.0466120072731,55938800
2021-06-07,395.39520263671875,395.94775414250097,394.4586688477843,395.769810436144,51555000
2021-06-08,395.4794921875,396.350461762709,393.64389394087016,396.25680266649715,47134300
2021-06-09,394.8893737792969,396.39720768785315,394.66461486850045,396.3222689970968,48436300
2021-06-10,396.72503662109375,397.6803193100831,394.79577943846573,396.1162954173843,51020100
2021-06-11,397.38055419921875,397.4929336539654,395.98512833488803,397.2775492259465,45570800
2021-06-14,398.2703552246094,398.37336021927234,396.2474388768698,397.4930161999577,42358500
2021-06-15,397.53985595703125,398.4576407391281,396.65951194675006,398.4201999673124,51508500
2021-06-16,395.32025146484375,397.9050937866466,393.2692688260236,397.68033483022623,80386100
2021-06-17,395.1891174316406,396.1724663616995,392.70730889994087,394.90816876040657,90949700
2021-06-18,389.85784912109375,392.59205290595094,389.6511365019584,391.89675985715155,118676300
2021-06-21,395.4389953613281,395.62692633353106,390.80678650635434,391.6242317543802,72822000
2021-06-22,397.55316162109375,398.389417322035,394.7061817905028,395.42969035743977,57700300
2021-06-23,397.0740051269531,398.4364046264242,396.9894447724409,397.6283643449203,49445400
2021-06-24,399.4229431152344,399.8457448281696,398.9719259471938,399.22563564919795,45110300
2021-06-25,400.84173583984375,401.2927530302253,399.8457646343818,400.17462954356137,58129500
2021-06-28,401.6498107910156,401.81893148712265,400.1652591125572,401.3679429641706,53159600
2021-06-29,401.8659362792969,402.6739765145748,401.33035872377803,402.0350569786464,35970500
2021-06-30,402.2041931152344,402.8807046128434,401.3773425432404,401.40552932754713,64827900
2021-07-01,404.43096923828125,404.59071343950365,402.8994206337779,402.96519934453073,53441000
2021-07-02,407.522216796875,407.8792684241957,404.51549341608523,405.5960534485261,57697700
2021-07-06,406.780029296875,407.79481088022624,404.0364200440292,407.57869308441616,68710400
2021-07-07,408.2176208496094,408.499517372538,405.44582475675105,407.46595413696065,63549500
2021-07-08,404.89141845703125,405.6524902342203,401.6967636141339,402.8806657894251,97595200
2021-07-09,409.2135314941406,409.5142096043328,404.69406938658494,406.4041438797797,76238600
2021-07-12,410.6792907714844,410.93300046535035,408.69675367452527,409.12896052529857,52889600
2021-07-13,409.27935791015625,411.3934527310656,409.01627170163516,409.8900906791253,52911300
2021-07-14,409.8900451660156,411.46859091611077,408.64039298286,410.9799818157925,64130400
2021-07-15,408.4900817871094,409.22296681332864,406.58269968847173,408.54645535264586,55126400
2021-07-16,405.2860107421875,409.7209124013847,404.89139582198015,409.67394399277407,75874700
2021-07-19,399.3008117675781,405.3518228866035,396.4820188366375,400.4471220397971,147987000
2021-07-20,405.02294921875,406.3008168970858,399.1692457026754,399.96790941735486,99608200
2021-07-21,408.30218505859375,408.44314765851226,404.97602971576475,406.2256820890456,64724400
2021-07-22,409.1571044921875,409.40140900909006,407.49402730018863,408.4805931697366,47878500
2021-07-23,413.3665466308594,413.7047879837423,410.406820096168,411.09270795314995,63766600
2021-07-26,414.3813171386719,414.3907222902915,412.727644885463,412.7746132950754,43719200
2021-07-27,412.49273681640625,413.36655567137274,409.65513381425745,413.3383688913494,67397100
2021-07-28,412.3236389160156,413.70484865800637,410.8954607595387,413.1223026819993,52472400
2021-07-29,414.0337219238281,415.1142535469897,413.24446329453843,413.25386844732344,47435300
2021-07-30,412.0229797363281,413.4793446420124,411.32765796830415,411.4592154045569,68951200
2021-08-02,411.1585388183594,414.2967915787936,410.80148711775246,413.74243239731,58783300
2021-08-03,414.5035400390625,414.62569233395925,409.75858289001906,411.95723817541773,58053900
2021-08-04,412.4645690917969,414.47529306625523,412.22966968933605,413.2162357099742,46732200
2021-08-05,415.0766296386719,415.1611899786431,413.31018162796113,413.6296413592664,38969700
2021-08-06,415.7625732421875,416.1854036729654,415.1142485412592,415.39614505319315,46930000
2021-08-09,415.42431640625,416.0538307784521,414.6538394461939,415.7343710161899,41222600
2021-08-10,415.9410705566406,416.6551739287781,415.1894039248862,415.87529184094507,43339300
2021-08-11,416.9746398925781,417.0686053915082,415.88470318832685,417.012231826999,44034300
2021-08-12,418.22430419921875,418.36526678880125,415.9223071173895,416.8243128497932,38909400
2021-08-13,418.98541259765625,419.0041942286406,418.18674883001233,418.67532930381714,39470300
2021-08-16,419.97198486328125,420.1035136305941,416.1196285607499,417.679364182721,73740000
2021-08-17,417.2189025878906,418.08331627311867,414.2215841205355,417.40680489265077,92673900
2021-08-18,412.65252685546875,417.77334598687406,412.40825094257275,416.2042051509301,89351900
2021-08-19,413.2914123535156,414.4941248838144,409.77732628606446,409.9182602000073,92812200
2021-08-20,416.58001708984375,416.9088820154154,413.1504912643013,413.6391004134635,72008700
2021-08-23,420.2444152832031,421.1558260664564,416.65514571004115,418.2712546656788,54973000
2021-08-24,420.91156005859375,421.44713760045585,420.3947928212322,420.91156005859375,38744700
2021-08-25,421.7947998046875,422.31156706123744,420.7236446811897,421.0995066942213,40529700
2021-08-26,419.3048400878906,421.74777094308087,419.21087459171173,421.5128715397554,57829600
2021-08-27,423.0538635253906,423.4296968697422,420.05654457482467,420.11291814276507,77235100
2021-08-30,424.914306640625,425.7035653205543,423.48609968949273,423.7304042836071,48357400
2021-08-31,424.2846984863281,425.1585173900656,423.68337092085335,424.8202760109067,59300200
2021-09-01,424.5101623535156,425.74103285220224,424.2752629656099,425.22426566850635,48721400
2021-09-02,425.8162841796875,426.624324438472,424.6136002700282,425.93843646863075,42501000
2021-09-03,425.712890625,426.22968653702213,424.27530736753846,424.67935614944514,47170500
2021-09-07,424.1907958984375,425.4592586068878,423.5142843655472,425.3652930962159,51671500
2021-09-08,423.6739807128906,424.3880841041836,421.74778832170443,423.65519908257835,56181900
2021-09-09,421.8605651855469,425.233717323856,421.6162606196501,423.47667429804756,57970400
2021-09-10,418.53436279296875,424.21891687872017,418.41221051546853,423.79611515765436,89948200
2021-09-13,419.6054992675781,421.8041829670538,417.28469196190423,421.54109677619476,83738600
2021-09-14,417.3410949707031,421.259201058738,416.44846574600996,421.05248843166396,78197100
2021-09-15,420.8269958496094,421.32498145214555,416.6551800315069,417.7638983655694,78792200
2021-09-16,420.1598815917969,421.2779763825917,417.2001261406688,420.30081550036397,77786700
2021-09-17,416.0671081542969,419.80926254964635,415.7089125610423,419.3851062677207,118425000
2021-09-20,409.1294860839844,411.50484731751953,404.24675595478044,409.92127316182945,166445500
2021-09-21,408.7430114746094,412.7773715752907,408.21515342525714,411.4765682514919,92526100
2021-09-22,412.7301940917969,414.7756654597537,408.8560902489832,411.0240764545246,102350100
2021-09-23,417.7449035644531,419.35678355873563,414.3703804133432,414.6060323552564,76396000
2021-09-24,418.43304443359375,419.1494355881211,415.887991791221,416.104801947488,62094800
2021-09-27,417.2359924316406,418.56504431306104,416.5384429949807,417.39621967244216,61371100
2021-09-28,408.827880859375,414.78516941905406,408.0926478816121,414.45525091590594,130436300
2021-09-29,409.5160217285156,411.9573727856747,408.9504512241524,410.21354238310084,82329200
2021-09-30,404.5107116699219,411.70278478161407,404.17135791481275,410.9958289550851,140506000
2021-10-01,409.3179931640625,411.0052691446982,402.7103321875053,406.24511136235,129240100
2021-10-04,404.0394287109375,409.0540804379198,401.89025527152086,408.14918498760755,128570000
2021-10-05,408.2434387207031,410.49625637556306,404.74637188186426,405.5475654887487,90682500
2021-10-06,409.9400939941406,410.1474688443581,403.00251494341944,404.6332078979385,113032200
2021-10-07,413.4843444824219,416.33100970659876,413.05075294528,413.22985073007703,72437500
2021-10-08,412.7301940917969,414.6437153400072,412.09866304123756,414.25724273072115,74557400
2021-10-11,409.7422180175781,414.99255076639076,409.6762285626982,412.0704606111341,65233300
2021-10-12,408.73358154296875,411.0712591964954,407.9417944585742,410.66594475438393,71181200
2021-10-13,410.2040710449219,411.02413525942126,406.77299348127605,409.761044211489,72974000
2021-10-14,417.10400390625,417.2548246251324,413.408968208907,413.8802721681231,70236800
2021-10-15,420.280517578125,420.6481484124566,418.602676915053,419.22480148892544,66260200
2021-10-18,421.5247802734375,421.86410527039766,417.8297450763768,418.4895820363863,62213200
2021-10-19,424.77679443359375,424.84275511760603,422.54278977547085,423.1555078607133,46996800
2021-10-20,426.4451904296875,426.7468318240217,425.1255452871089,425.23865361845753,49571600
2021-10-21,427.5575256347656,427.7837423318143,425.40838071447007,425.8419723058504,41305400
2021-10-22,427.1144104003906,428.5754696428719,425.1632054936649,427.12384568285273,58845100
2021-10-25,429.405029296875,429.7349478242848,426.4264135641018,428.2079275863371,45214500
2021-10-26,429.7913818359375,432.1761780719563,429.41434452407304,430.9602348986512,56075100
2021-10-27,427.8873596191406,430.92255769132396,427.81193489095295,430.25331425071147,72438000
2021-10-28,432.01605224609375,432.09144821971626,429.310772221921,429.32017873980527,51437900
2021-10-29,432.892578125,433.1847842052441,429.4143534757939,429.70655955603803,70162400
2021-11-01,433.63726806640625,434.2593926199993,431.9028732955281,433.88232651519985,48433600
2021-11-02,435.39056396484375,435.70164066708185,433.6750107589926,433.8069896668776,48908400
2021-11-03,438.0487365722656,438.4540510581206,434.3819780993795,434.82500495506815,52509800
2021-11-04,440.1130676269531,440.19789888786755,438.30324776244527,438.65200809046394,52847100
2021-11-05,441.6400146484375,443.63833850613855,440.1224299556743,442.34697047164906,66390600
2021-11-08,442.0170593261719,443.24246669971006,441.3289740571507,442.7428857270056,50405200
2021-11-09,440.5560302734375,442.6203436197412,439.1421185987696,442.38469167396323,51149100
2021-11-10,437.01177978515625,440.5559939626962,435.5224722676754,438.8592828332741,69429700
2021-11-11,437.1531982421875,438.58598047307254,437.1343564424519,438.5105557419173,34848500
2021-11-12,440.4523620605469,441.00849724307704,437.4737177867428,438.42576092547034,53466700
2021-11-15,440.6031799316406,441.90398336577135,439.4720677725637,441.74375614047045,46980500
2021-11-16,442.3469543457031,443.4875016443956,440.26379931709175,440.339195278399,48857500
2021-11-17,441.2724609375,442.2621876920173,440.6503362929629,442.08308989588795,47858300
2021-11-18,442.7711486816406,443.03507770094774,439.57569460199926,442.309251323274,50625600
2021-11-19,441.97943115234375,443.91176583702435,441.6118002643481,442.6580812235169,57315600
2021-11-22,440.7351379394531,446.36250768150074,440.5277630718727,443.86460275344604,72762000
2021-11-23,441.31951904296875,442.17729553626265,437.79417530890146,440.4051883866977,73206500
2021-11-24,442.4978332519531,442.6203768755419,438.4917498727346,439.3118141030796,61858800
2021-11-26,432.6287536621094,437.2758037551741,431.4976126635115,435.8053377166632,112669600
2021-11-29,437.9356689453125,439.7831725133936,435.2303886719514,437.4360878714804,86268800
2021-11-30,429.4143981933594,437.3982872450258,429.1693109652695,435.48479460121024,148559600
2021-12-01,424.6447448730469,438.00150788496234,424.44680532173237,435.1454078658721,131939200
2021-12-02,431.14886474609375,432.7230326583945,424.4657779229065,424.8616859136416,127637800
2021-12-03,427.397216796875,433.8823339250444,423.15548194038644,432.8172113357215,137331600
2021-12-06,432.45904541015625,434.3442610310532,427.52919620571214,429.9517051824305,98977500
2021-12-07,441.4043884277344,441.9699588724803,432.32707052619116,437.7565007699795,95484700
2021-12-08,442.5732116699219,443.02567377766377,440.03759434211855,441.80029512259415,72238800
2021-12-09,439.5851745605469,442.67692714355326,439.387234967476,441.28185717622887,61272600
2021-12-10,443.7231750488281,443.87399574484607,439.73596256863544,442.29985686872703,77159800
2021-12-13,439.7926025390625,443.553599092066,439.5098028915637,443.20483874965174,87724700
2021-12-14,436.7667541503906,439.0101654081396,433.8352575809866,436.51226038984663,97264100
2021-12-15,443.5911560058594,443.836214428475,434.2970298245985,436.8232401328136,116899300
2021-12-16,439.679443359375,445.73096965038803,438.1241173932083,445.4481988016898,116568600
2021-12-17,434.99993896484375,439.60656170872556,433.28782720309647,436.5890765889238,135511600
2021-12-20,430.3744201660156,430.77169014947333,426.7420931242701,429.9014604647388,107134800
2021-12-21,438.0174560546875,438.159338198056,431.63249979857073,433.80810297600897,69806300
2021-12-22,442.39703369140625,442.5105393973741,437.5633706863754,437.7620345389874,58890200
2021-12-23,445.1496276855469,446.65363590623036,443.29563394313504,443.3996712097392,56439700
2021-12-27,451.449462890625,451.4967473096525,446.4833864717361,446.5306708907636,56808600
2021-12-28,451.0805969238281,452.9156829394374,450.31440448987655,451.88463421803556,47274600
2021-12-29,451.6575622558594,452.67914240848387,450.18193044253155,451.18460260114745,54503000
2021-12-30,450.40899658203125,453.095404283241,449.9455053015741,452.083263571022,55329000
2021-12-31,449.27386474609375,451.0711058110778,448.99956890774945,449.9171118694179,65237400
2022-01-03,451.8751220703125,452.00756463480985,448.2238872560393,450.5413723302358,72668200
2022-01-04,451.72381591796875,454.0224220905845,449.8603534710493,453.303514080452,71178700
2022-01-05,443.0498046875,452.13063816634497,442.95520695880055,451.3549772050528,104538900
2022-01-06,442.6334533691406,445.3577054107448,440.2591868290878,442.58616895380396,86858900
2022-01-07,440.8835754394531,443.8253998227985,439.5214491762915,442.6430005573575,85111600
2022-01-10,440.3349609375,440.55250393034436,431.9068153934691,437.6769296616079,119362000
2022-01-11,444.3456726074219,444.4402703281914,437.0620811157376,440.07012698004945,74303100
2022-01-12,445.546875,447.6090009052354,443.57937566041676,446.0860559009308,67605400
2022-01-13,439.4079284667969,447.30636106377136,438.3768798065865,446.65367438215316,91173100
2022-01-14,439.587646484375,439.9376320291072,435.0283082374195,436.24855229559944,95890900
2022-01-18,431.802734375,435.0850758226512,430.68655641963403,434.8769724015517,109709100
2022-01-19,427.3190612792969,434.7539734256139,427.04473658825316,433.3540312792543,109357600
2022-01-20,422.5895080566406,433.93107285742065,420.46118932552156,429.21094410901105,122379700
2022-01-21,414.2937927246094,423.8286476560766,414.265416297055,421.46384913598195,202271200
2022-01-24,416.0531005859375,416.5639050405762,398.00497481605896,408.66547388787495,251783900
2022-01-25,410.97357177734375,415.9396482515973,404.04943536512155,409.63982206019847,167997300
2022-01-26,409.94256591796875,420.02607047448777,405.6669916326692,416.88561104852806,186391100
2022-01-27,407.91827392578125,417.7085455157903,406.225098979547,414.5586466067945,149878300
2022-01-28,418.0491638183594,418.09644824979847,404.6833157295444,409.2804709649162,164457400
2022-01-31,425.57861328125,425.9285988508346,416.0248212857858,417.37747913959595,152251400
2022-02-01,428.4542236328125,429.0974419265007,422.7692385378579,426.3069680203135,123155400
2022-02-02,432.6162109375,433.3445584287272,428.5487405020681,430.8662544052309,117361000
2022-02-03,422.4476318359375,428.4731341093042,421.60574966980835,426.5623872138765,118024400
2022-02-04,424.4339904785156,428.2933284211374,419.82733935825104,422.21107440758,118454400
2022-02-07,423.0718994140625,426.60016012871563,421.738149661157,425.2002179600923,84472900
2022-02-08,426.55291748046875,427.4799289301471,421.1422570922283,422.5706046938253,81012000
2022-02-09,432.7959289550781,433.11753805625085,430.4027542567096,430.6013892288997,92589900
2022-02-10,425.0205078125,432.95675649430774,423.0151633217596,426.9312545906798,140103700
2022-02-11,416.6396789550781,427.1866752033313,415.20189176224045,425.10566970321133,153214600
2022-02-14,415.2774658203125,417.7179536925174,411.7964898491064,416.1288162535536,123006300
2022-02-15,421.97467041015625,422.144928982225,419.21257292774663,419.73284594307296,88482700
2022-02-16,422.4476318359375,423.82866614912444,418.03964373808554,419.92201420472077,84863600
2022-02-17,413.4235534667969,422.4192566946621,412.81818002832114,419.2504207563761,102259100
2022-02-18,410.74658203125,414.9369979489971,408.46691286548753,413.6789090102442,132642900
2022-02-22,406.338623046875,411.9479184294001,402.8292411204385,408.5331630880986,124391800
2022-02-23,399.1307373046875,409.8290843455233,398.5631798415869,409.2615268824227,132578000
2022-02-24,405.1372985839844,405.57244232576124,388.43238610030824,388.7918112514867,213942900
2022-02-25,414.0762634277344,414.1613927191471,404.7211056644664,406.3764647986721,121804500
2022-02-28,413.01678466796875,414.5018850268596,407.40748965693734,408.665549734316,145615000
2022-03-01,406.7264099121094,413.5275723046222,404.01159714649674,411.51275948322075,137785900
2022-03-02,414.2086486816406,415.9396684351106,408.2304313077541,408.9871552603508,117726500
2022-03-03,412.14654541015625,417.254504541962,410.33983584072405,416.6491311196768,105501700
2022-03-04,408.7979736328125,409.9330595198553,404.7399715837537,408.40067480868873,113978200
2022-03-07,396.7470397949219,408.9210200874239,396.68081849665333,408.21158040728113,137896600
2022-03-08,393.7389221191406,404.106189919639,392.67002865476115,396.92666565064377,164772700
2022-03-09,404.29541015625,406.28184664972684,399.9536436179305,402.1481835320033,116990800
2022-03-10,402.46978759765625,403.3683936870223,397.7023458467199,399.6698454526476,93972700
2022-03-11,397.35235595703125,405.58183714067377,396.8415514153587,404.96699532473235,95636300
2022-03-14,394.4483642578125,401.5900437184911,393.3038099407346,398.12800434178155,95729200
2022-03-15,403.1224670410156,403.7562168476836,395.7915919884994,397.0685600329453,106219100
2022-03-16,412.0614318847656,412.1181847431763,401.8265763662033,406.6413318363514,144954800
2022-03-17,417.2166748046875,417.2166748046875,409.7628253475534,410.1411873324134,102676900
2022-03-18,421.78631591796875,422.10892413881095,414.8596646232218,415.59977264911765,106345500
2022-03-21,421.6629943847656,423.6271083158259,418.1427105740209,421.6155341135983,88349800
2022-03-22,426.5970458984375,427.53640601074585,423.0577952903336,423.0577952903336,74650400
2022-03-23,421.1031799316406,425.55332638564335,421.0177861842086,424.0541434470879,79426100
2022-03-24,427.4509582519531,427.46045609652464,422.0140213716067,423.1336666710074,64736900
2022-03-25,429.53851318359375,429.8136901005225,425.4963689988191,428.08676165984116,77101300
2022-03-28,432.5938720703125,432.5938720703125,427.04304675034354,428.94076282849704,68529800
2022-03-29,437.9454040527344,438.43882875157925,433.7988991715261,436.49365245199573,86581500
2022-03-30,435.2411804199219,437.6133254430153,433.1252166348571,436.79729249751,79666900
2022-03-31,428.54229736328125,435.2981625784349,428.0868350389325,434.4726606429951,121699900
2022-04-01,429.75677490234375,430.2691373695996,426.1700928473133,430.1268144620285,89048800
2022-04-04,433.4383239746094,433.54271341244913,429.13052949203757,429.9560313211461,59601000
2022-04-05,427.9634094238281,434.4156320427128,426.81529938704466,431.93912663814103,74214500
2022-04-06,423.68408203125,425.9708333848193,420.790076589019,424.0351838301639,106898000
2022-04-07,425.81903076171875,427.6408510190052,420.8470236814181,422.80166901253705,78097200
2022-04-08,424.6804504394531,427.583954070754,423.13380701714294,425.05998790923934,79272700
2022-04-11,417.421630859375,422.24181683640415,416.9187372695067,421.397319303444,89770500
2022-04-12,415.8749694824219,422.95344185969435,414.3188285059621,420.4199783284058,84363600
2022-04-13,420.63824462890625,421.3973194587367,415.44799012468565,415.62827546421886,74070400
2022-04-14,415.40057373046875,421.9856509126384,415.2961842874288,420.865976406667,97869500
2022-04-18,415.57135009765625,417.2603162227855,413.332030102549,414.4706713145492,66002500
2022-04-19,422.2797546386719,423.00086699763705,415.29614499530715,415.4669324784689,77821000
2022-04-20,421.9665832519531,424.6803318691113,420.79950658212863,424.06358003329865,65224400
2022-04-21,415.65679931640625,426.99566580375813,414.7459035993521,425.60084316349423,85417300
2022-04-22,404.25140380859375,415.67563139698734,403.6820833110463,414.56548393577106,132471800
2022-04-25,406.59521484375,406.7660023609882,397.41974379852957,402.00274487572295,119647700
2022-04-26,394.81988525390625,404.2515376590332,394.79142066744623,404.0522565969601,103996300
2022-04-27,395.92999267578125,401.2910638857322,393.78559314865083,395.9015280922262,122030000
2022-04-28,405.9308776855469,407.6673037805403,396.2430470687456,400.6931927368039,105449100
2022-04-29,390.9294128417969,404.09006586917724,390.179807073335,401.92667124764677,145491100
2022-05-02,393.2826843261719,394.64904219767647,384.3064665675945,390.9959330128461,158312500
2022-05-03,395.08551025390625,397.50508664209,392.21994047752736,393.78557938889816,100028200
2022-05-04,407.1170349121094,407.6863555366896,392.55205797111023,395.74970498454525,144247900
2022-05-05,392.6469421386719,403.26466589369136,388.5004371483432,402.83766819412307,172929100
2022-05-06,390.30328369140625,393.5863245784682,384.98020369998983,390.0755670157502,151770800
2022-05-09,377.8067932128906,385.62537367241526,376.2221876512533,384.3823720398505,155586100
2022-05-10,378.67974853515625,385.312256912979,374.6281351627776,383.80357611684485,132497200
2022-05-11,372.66400146484375,383.3766170241636,371.91439549274446,377.7119332720128,142361000
2022-05-12,372.27490234375,375.5579425463097,365.45261177508553,369.45679324266854,125090800
2022-05-13,381.17523193359375,382.56055648756023,375.3776945718479,376.4214441495683,104174400
2022-05-16,379.6286315917969,383.31020563192266,377.265984202447,379.5242711006799,78622400
2022-05-17,387.4377136230469,387.6749281280144,381.99124889833473,385.73924965956155,83029700
2022-05-18,371.81951904296875,383.14888700880624,370.5765172556166,382.86424116317255,117674500
2022-05-19,369.5422668457031,373.98294475283024,367.31244452339,368.7452295179755,98510700
2022-05-20,369.70355224609375,376.72509575107233,361.07843638256344,373.1384136201305,131432200
2022-05-23,376.6207275390625,377.38930019728645,370.415188153358,372.7398728634355,76414900
2022-05-24,373.7456970214844,374.9412384284281,367.1700889774752,372.4836996470706,91448800
2022-05-25,377.0477600097656,379.02140118585976,371.84803585839853,372.2465400672282,91472900
2022-05-26,384.5816650390625,386.2231999374504,378.0725125273086,378.28126246261314,82168300
2022-05-27,394.0227966308594,394.13665496189145,386.84943220734834,387.0486842866544,84768700
2022-05-31,391.81195068359375,395.1614184678653,389.06026810856656,392.40023804607233,95937000
2022-06-01,388.64276123046875,394.95266140674994,386.11879536858646,393.9374053108898,86585800
2022-06-02,396.0439147949219,396.0913461194014,386.22322720889935,388.4815142256935,79609600
2022-06-03,389.5441589355469,392.86516182904495,388.5668363851628,391.30902085966204,71874300
2022-06-06,390.730224609375,395.3036979360481,389.5536210568921,393.56730062291246,57508900
2022-06-07,394.4781799316406,394.93364215486133,386.7639604571099,387.2289205256619,59272400
2022-06-08,390.1893615722656,394.55411386892246,389.3923243809042,392.7607584707246,64350000
2022-06-09,380.90960693359375,390.6828340105669,380.90960693359375,388.40558030841174,86289800
2022-06-10,369.8648376464844,375.539018923671,369.81740632911726,374.6850525131261,132893900
2022-06-13,355.82177734375,362.28349850376446,354.2087070370515,360.42374478876593,170004900
2022-06-14,354.7495422363281,358.6114013157457,351.6372890983715,357.5771495518812,104011800
2022-06-15,359.80694580078125,364.26656078644334,353.0890153068255,358.0610216928037,125666800
2022-06-16,347.8988037109375,351.9694129173552,345.4602315344534,351.56141089908436,134473300
2022-06-17,348.6487731933594,352.00319986018303,345.1323892326363,348.3152615671358,111113900
2022-06-21,357.4255065917969,358.81681534819097,354.3188581815829,354.3951110098947,76811900
2022-06-22,356.7775573730469,360.90384806528573,352.7655877768449,353.18489115070895,90059400
2022-06-23,360.2748718261719,361.0086381463317,355.3481010957897,358.92168935710464,79292100
2022-06-24,371.7294006347656,371.738939509623,363.42915449401596,363.4577420366525,98050300
2022-06-27,370.30950927734375,372.94918935666453,369.213614685377,372.65377505140225,66009600
2022-06-28,362.7430114746094,374.6645107225344,362.62866130813416,371.87235419067196,86548900
2022-06-29,362.4476013183594,364.286801041329,360.6179404700163,363.29574686594935,65676000
2022-06-30,359.5029296875,362.75251565641565,355.03356025628176,358.54043407516025,112508300
2022-07-01,363.3052673339844,363.7436484326006,356.21526590396945,358.84543616792405,74839700
2022-07-05,363.9913635253906,364.0104412734267,355.3575774256308,358.197399099367,81438000
2022-07-06,365.2207336425781,367.7174760792101,361.7424467576076,364.1343488121394,70426200
2022-07-07,370.690673828125,371.4911540880881,365.23975951148003,367.00273549110653,64525900
2022-07-08,370.3857116699219,372.26303762487726,367.51730255509904,369.05154895851365,72397800
2022-07-11,366.1546325683594,368.6704236096154,365.45896357627913,367.6984180612563,58366900
2022-07-12,362.9145202636719,367.9937962223962,361.16108326606883,365.6018653816874,62219200
2022-07-13,361.0086364746094,363.9532987804005,357.0348226323127,357.4541259795869,84224600
2022-07-14,360.13189697265625,361.2182525694564,353.585088606192,356.0341654064419,89704800
2022-07-15,367.0122985839844,367.1266487598198,362.63822986665895,364.5536534757757,79060400
2022-07-18,363.9818420410156,370.78593810865794,362.75251969143335,370.10934695957155,63203600
2022-07-19,373.8163757324219,374.388155662866,367.26005698672697,367.91757046251206,78506000
2022-07-20,376.1986999511719,377.6186251870935,372.6346512565959,374.0069112091243,71843800
2022-07-21,380.02960205078125,380.0772382519454,373.20642874129487,375.6174079751862,64903900
2022-07-22,376.5036926269531,381.354239171884,374.273777240293,380.15353339871814,72197300
2022-07-25,376.96112060546875,377.8187758914489,374.71212748110185,377.1326458462782,53631500
2022-07-26,372.50128173828125,375.5221383804845,371.6055000576572,375.3124867300845,52946400
2022-07-27,382.1737976074219,383.9272346038622,375.51260989744463,375.8080241745554,82342100
2022-07-28,386.9671325683594,387.66277234408295,379.4197027391323,382.98378055829,73966600
2022-07-29,392.6086120605469,393.5996951475913,387.63417704320887,388.40606962504324,87003700
2022-08-01,391.4460754394531,393.9618954868596,389.1875723544022,389.9022899930606,69997500
2022-08-02,388.8635559082031,393.5711649045606,387.6818987628926,389.8736878063429,63435400
2022-08-03,394.95294189453125,396.125060100099,390.71227266816476,390.9981480641734,67820600
2022-08-04,394.6861267089844,395.562830670343,393.0375009919587,394.87670061792033,45656600
2022-08-05,394.01904296875,394.6670466027406,390.3311048647374,390.38827994526997,56814900
2022-08-08,393.5615539550781,397.9737478570784,392.45612076142066,395.7152452704736,53886100
2022-08-09,391.998779296875,393.33291297938877,390.9219334767961,392.8278470466538,44931800
2022-08-10,400.2322998046875,400.3752665840471,397.11614167304344,399.07923026953097,68665700
2022-08-11,400.2322998046875,404.95898626712,399.48899469613326,403.09117008096246,59489700
2022-08-12,407.0078430175781,407.1126543031395,401.2233884335798,402.17634520529884,61694500
2022-08-15,408.68505859375,409.20920230766916,404.73029350332524,404.7874685874713,54048300
2022-08-16,409.485595703125,411.4200970664075,406.7982502382882,407.6082694278657,59289000
2022-08-17,406.5789794921875,409.29491196538714,404.5682547687509,405.87380082435567,63563400
2022-08-18,407.76068115234375,408.4467820994696,405.483100541327,406.7791077729189,49023200
2022-08-19,402.2812194824219,405.2544402076987,401.4044863824872,404.9876134524029,68016900
2022-08-22,393.9046936035156,397.6021705890649,392.99937302336656,397.43061626518767,77695600
2022-08-23,392.9517517089844,395.87733613472665,392.39902046586167,393.4758663287654,49105200
2022-08-24,394.2095947265625,395.58182556293923,392.03685470289946,392.72295558012314,49177800
2022-08-25,399.77490234375,399.8225385492928,394.609863874263,395.70575833914074,50942300
2022-08-26,386.2429504394531,400.2037629054227,386.1857753532475,399.6605995864693,103087000
2022-08-29,383.6889953613281,386.74797850113623,382.32627413715045,383.2792309230537,65370800
2022-08-30,379.4768981933594,385.0898273941945,377.37087192480084,384.8515882073733,85652400
2022-08-31,376.5894775390625,382.36439367038383,376.4560787038959,381.1160225349225,76029700
2022-09-01,377.7711486816406,378.11419917142905,371.69127962474215,374.40721232996884,78740100
2022-09-02,373.7877197265625,382.6692829844878,371.96756897369653,381.44949959452725,99632100
2022-09-06,372.3774719238281,375.5793933580772,370.14755612170353,374.6359752715464,76637400
2022-09-07,379.067138671875,379.8390313205994,371.84373923012936,372.0629006724015,70964200
2022-09-08,381.5447998046875,382.0022003981886,375.5792816877179,376.78955528252607,80821700
2022-09-09,387.47222900390625,388.33942315556953,383.52697401163135,383.79380074430213,76706900
2022-09-12,391.63665771484375,392.360914189905,389.2447268378426,389.5496799938614,69256300
2022-09-13,374.6072998046875,384.1368671918231,373.48281783266907,382.9265935212206,122947100
2022-09-14,376.0367736816406,377.561510437167,372.72047341951594,375.912884639726,85023700
2022-09-15,371.7674560546875,377.3327195866275,370.4904975908934,374.4738495411969,87633800
2022-09-16,368.9312744140625,369.5915179083792,365.63005694247903,367.572533600681,103084800
2022-09-19,371.7923583984375,371.7923583984375,365.69709245580265,365.7736585180336,73278500
2022-09-20,367.5247497558594,369.467197620889,364.75940646491324,368.45291622543897,77274900
2022-09-21,361.11370849609375,372.51959913129366,361.1041304377305,369.457598997585,106746600
2022-09-22,358.0804138183594,361.98443625276843,357.3340552999548,360.33861628892794,89472600
2022-09-23,352.0807800292969,354.63560985532166,347.621756602572,354.5973268298111,122346900
2022-09-26,348.5977783203125,354.2433131071723,347.372984233667,350.6072138753357,92581200
2022-09-27,347.7079772949219,354.4252048467339,345.3062204374486,352.1478459589722,108294100
2022-09-28,354.549560546875,356.2432124213187,346.96157731312644,348.66480724606794,110802200
2022-09-29,347.14337158203125,351.27703369645445,344.18664256070633,350.9899839667711,112952300
2022-09-30,341.7752990722656,350.1287964039732,341.64135226905466,346.19604000195835,153711200
2022-10-03,350.798583984375,352.65491669915065,343.7177419885129,345.50708670190903,89756500
2022-10-04,361.6686706542969,361.6973756271638,350.7603429439157,356.3388901479635,103602800
2022-10-05,360.82666015625,363.0944408744506,354.95148449827474,357.28625322790396,88065700
2022-10-06,357.1043701171875,362.3862890220764,356.6067783672369,359.4199822408717,82333500
2022-10-07,347.14337158203125,357.19052094050096,345.3731537119263,353.0568296246811,107789500
2022-10-10,344.4927978515625,348.502090968868,342.24417363850046,348.26287314182775,76042800
2022-10-11,342.3111572265625,347.37301498969447,340.3687094983833,342.78959291529037,92482800
2022-10-12,341.1820373535156,344.3014472178976,340.9332414645344,342.7226153717063,76991800
2022-10-13,350.18621826171875,351.6598083555464,333.09648032022864,334.14904467296265,147254500
2022-10-14,342.2059326171875,354.2912233950089,341.5648159134059,352.6549522321895,123737000
2022-10-17,350.99957275390625,352.1095470782715,341.8710114527869,348.31076646522916,93168200
2022-10-18,355.1236267089844,359.2573174594004,351.6693063601594,358.9511116553564,97162900
2022-10-19,352.60711669921875,355.8126417822186,349.7843343422343,353.07597434848265,79746900
2022-10-20,349.650390625,356.5972865092172,348.8848759647924,352.15738908420826,88283100
2022-10-21,358.14739990234375,358.6353844531529,347.8610324838875,349.3728764279388,131038400
2022-10-24,362.52984619140625,363.6685254418361,357.01825783311693,359.6783882377217,85436900
2022-10-25,368.31890869140625,368.6346633675463,362.33846314683217,362.4532830290649,78846300
2022-10-26,365.54400634765625,370.86420906296183,364.9029188543151,365.1612636230857,104087300
2022-10-27,363.5920104980469,368.39549448506307,362.97002071766786,366.54873966390204,81971800
2022-10-28,372.2420959472656,372.7205316401089,363.30492070912123,363.4867286085135,100302000
2022-10-31,369.55328369140625,371.6488343281588,368.6442734105965,369.7733746190449,96631300
2022-11-01,367.9361572265625,373.5530165227909,366.75922416699274,373.3137986877374,85407600
2022-11-02,358.7023620605469,371.868921318945,358.59712022761437,367.3429092735215,126990400
2022-11-03,355.00885009765625,358.0612720504973,352.8845945254816,355.4490027437404,87100100
2022-11-04,360.1185607910156,362.5298662303547,354.04242150065716,360.74052136688584,103505200
2022-11-07,363.56329345703125,364.15654904195054,359.3339090978177,361.4198817033071,68286900
2022-11-08,365.5249328613281,368.5103674313219,361.42952378685413,364.6733031633812,84641100
2022-11-09,357.9942626953125,364.701939825667,357.49667093242965,363.54410453233925,78495500
2022-11-10,377.6675720214844,378.0024828489434,369.0078976049732,371.31393196232233,141455800
2022-11-11,381.3228759765625,382.12664454328586,376.6341822019078,378.528798310085,93839900
2022-11-14,378.0789794921875,382.9207458842393,377.8014786416533,379.55256945541026,71903500
2022-11-15,381.3036804199219,384.9589362297327,377.4761947639268,383.8489618853264,93194500
2022-11-16,378.3947448730469,380.62424202149685,377.7632063482525,379.66737077812223,68508500
2022-11-17,377.2369384765625,377.9163381362893,373.3137894399865,373.61996606820946,74496300
2022-11-18,378.94976806640625,380.6529979395274,376.08873201022436,380.5860099351908,92922500
2022-11-21,377.5718688964844,378.74883118944996,375.7251141679959,377.6197299856339,51243200
2022-11-22,382.65289306640625,382.81557406409473,378.1077536070245,379.52393388792524,60429000
2022-11-23,385.064208984375,385.5521935507362,382.0883236888626,382.3179634847973,68261600
2022-11-25,384.9780578613281,385.53305962661244,384.2221504796513,384.49962216089574,30545400
2022-11-28,378.8349914550781,383.5236558705619,378.0694767496235,381.8778357555847,67881600
2022-11-29,378.1843566894531,380.16505862306354,376.3375723879402,378.96896917458747,52310000
2022-11-30,390.0973205566406,390.0973205566406,376.509764364217,378.4330559976652,144566700
2022-12-01,389.81024169921875,392.31723987694085,387.29366546388246,391.1402776448078,76398200
2022-12-02,389.3605041503906,390.26951436446797,384.7962385623238,384.9014803886444,85342700
2022-12-05,382.3562316894531,387.46592136062503,380.99749068100294,386.52820609599246,77289800
2022-12-06,376.8446960449219,382.73902808369684,374.7491742915764,382.19363351300757,77972200
2022-12-07,376.2036437988281,378.5766958921932,375.0649642525453,375.9931308776312,65927900
2022-12-08,379.15069580078125,380.22238704457504,376.30878671257267,378.0981606729528,60737900
2022-12-09,376.318359375,380.4711774858571,376.1939614285939,377.9067693033474,81447700
2022-12-12,381.7438659667969,381.7438659667969,376.442790105869,377.112582581271,75405800
2022-12-13,384.63360595703125,392.78613994486886,381.85868467865026,392.52779517391076,123782500
2022-12-14,382.17437744140625,388.01129799880636,379.21764873640876,384.2890547608912,108111300
2022-12-15,372.8258056640625,378.2034182224786,371.16085878407677,377.29437871823495,117705900
2022-12-16,368.4241943359375,371.6059805929755,366.28059118115254,370.2602148451411,119858000
2022-12-19,365.300048828125,368.95287477023777,363.62745650152823,368.6164260296432,79878100
2022-12-20,365.7999267578125,367.4244675561658,363.2141206035338,364.5406714883894,74427200
2022-12-21,371.26953125,372.4038173364099,367.86664365527946,368.40494991105,78167400
2022-12-22,365.9729309082031,371.25026808589166,360.25339056526093,368.21266617846675,100120900
2022-12-23,368.078125,368.2223089378742,363.3871453178878,364.94439051791056,59857300
2022-12-27,366.6265869140625,368.30880122283816,364.94437260528684,367.9627597889249,51638200
2022-12-28,362.0702209472656,368.53954750465414,361.8395266438076,366.5593138365044,70911500
2022-12-29,368.5876159667969,369.4623710215703,364.39648347005243,364.9251970537468,66970900
2022-12-30,367.61663818359375,367.7608220944524,363.77157743810716,365.895994621538,84022200
2023-01-03,366.0690612792969,371.4617455709304,363.19485806302197,369.4815413852033,74850700
2023-01-04,368.895263671875,370.9331418713664,365.2808959456855,368.33771324492255,85934100
2023-01-05,364.6848449707031,367.04954946455626,364.08886516079207,366.9342023188302,76970500
2023-01-06,373.0478210449219,374.172514342468,364.71366740381876,367.78969873225174,104189600
2023-01-09,372.8363342285156,378.4501492308945,372.6537208155279,375.2491194480199,73978100
2023-01-10,375.4510192871094,375.51831490424064,371.3079678453285,372.2500184786919,65358100
2023-01-11,380.19964599609375,380.2765636489995,376.2200228551562,377.03710423821616,68881100
2023-01-12,381.58392333984375,383.05465829922656,377.21979933530525,381.3051774819789,90157700
2023-01-13,383.064208984375,383.6409740118004,378.10407668529746,378.37322978669755,63903900
2023-01-17,382.36248779296875,384.7272215523522,381.6799976439543,383.0450072774721,62677300
2023-01-18,376.32574462890625,384.6214688994839,376.12388712892096,383.55447849264397,99632300
2023-01-19,373.586181640625,375.93164211812586,372.2596307570735,374.27826453413996,86958900
2023-01-20,380.5457458496094,380.6995518316875,373.3362554518386,374.9896330898137,91806400
2023-01-23,385.1117248535156,387.0534702139708,380.39190867323447,381.35317398077467,84178800
2023-01-24,384.6983642578125,385.6115486427706,382.2375275680186,383.42948708903174,59524900
2023-01-25,384.8426208496094,385.17906961727965,378.31562036458047,380.6130588238066,84800300
2023-01-26,389.07220458984375,389.23563262971646,384.5350303326338,387.5149591996796,72287400
2023-01-27,389.96612548828125,392.35007414970727,387.8129004621486,388.02438001546454,68346200
2023-01-30,385.0732727050781,389.43742549092923,384.7752828014121,387.1976608576454,74202000
2023-01-31,390.735107421875,390.78315894993915,385.2462617503417,385.59233249306016,86811800
2023-02-01,394.8878479003906,397.6467044729539,386.76517218641885,389.5143773813185,101459200
2023-02-02,400.6361999511719,402.1069348680651,396.8872706861001,398.79055744002517,101654500
2023-02-03,396.37774658203125,400.818787510041,395.1665429342146,395.6471755772544,94736800
2023-02-06,393.95538330078125,395.35885189681073,392.292412944782,393.91695380659627,60295300
2023-02-07,399.1077575683594,400.3573907721146,391.7829203949697,393.032553598725,90990700
2023-02-08,394.7436828613281,398.47339780038993,394.0515705083528,397.1276319294645,76227500
2023-02-09,391.3215026855469,398.51177797014213,390.091084227083,398.3579719958979,78694900
2023-02-10,392.2347412109375,392.6192415030363,389.3221082284389,390.13916034833926,70769700
2023-02-13,396.8391418457031,396.97373306906144,392.4269376283513,392.88835553423695,64913500
2023-02-14,396.6565856933594,398.9732095911578,392.68655472796934,395.31079060743565,88389300
2023-02-15,397.94464111328125,398.02152943385084,393.6093249869712,394.4552431906893,61555700
2023-02-16,392.46539306640625,396.9160560713669,392.3308311796985,392.9556477537095,76431500
2023-02-17,391.4849548339844,391.72527118315116,388.399271789129,390.3314246237872,89257800
2023-02-21,383.63134765625,388.50496954671286,383.3718165977976,387.4475718975758,82655900
2023-02-22,383.1026916503906,385.59236532715204,381.6415495785843,384.04471289617135,83742300
2023-02-23,385.14056396484375,386.6209207613312,380.901380412736,386.0056968797559,96242400
2023-02-24,381.02630615234375,381.86260218592025,378.39244888145026,380.1034997706889,108194400
2023-02-27,382.3240966796875,385.74619914411034,381.38204603041686,384.3811893735747,80444700
2023-02-28,380.9110412597656,383.81405224104327,380.8052868100692,381.8434698821235,96438600
2023-03-01,379.44989013671875,381.32436937882426,378.1425832891619,380.0939508547448,99706800
2023-03-02,382.40093994140625,383.2468580842527,377.13319562899125,377.4696443451899,85127800
2023-03-03,388.53387451171875,388.78381290959834,383.5737413980239,384.2273948465631,90120000
2023-03-06,388.8030090332031,391.6675904235153,388.3608351727829,389.3605300454294,72795900
2023-03-07,382.8431091308594,388.99523033703184,382.22791461153497,388.75491401914974,108310600
2023-03-08,383.46795654296875,384.2273349889294,381.2281920235724,382.95848712046245,74746600
2023-03-09,376.3930358886719,385.9288005055939,375.4029338100162,384.2561789471598,111945300
2023-03-10,370.9619445800781,377.9311189281999,369.4335360708871,375.84516004328316,189253000
2023-03-13,370.43316650390625,375.26835892366137,365.90561534334864,367.02068656518105,157790000
2023-03-14,376.5564880371094,378.20986562096294,372.05774388118834,375.3741210898015,149752400
2023-03-15,374.2013854980469,374.4032430136639,368.84713029743835,370.9427111182641,172996900
2023-03-16,380.76678466796875,381.11285543111916,371.3271816979503,371.83665113455567,143254200
2023-03-17,376.3146057128906,380.5699682371999,374.92509838056725,379.43135317104435,140553400
2023-03-20,379.9331359863281,380.3480800216105,376.39184439630725,377.09622742972954,93055800
2023-03-21,384.9218444824219,385.4043115062477,381.70859761316973,383.31039166596554,91524200
2023-03-22,378.3603210449219,388.37634238237274,378.3217448805149,384.7482099487196,111746600
2023-03-23,379.38311767578125,385.28850910550153,376.6619967001418,381.23577448444496,119351300
2023-03-24,381.8726806640625,381.9595212017763,375.74534306966535,378.0997846947485,107682400
2023-03-27,382.586669921875,384.93148190774815,381.6892883746926,384.1595170439499,74010400
2023-03-28,381.7279052734375,382.5866812409754,379.8848777563681,381.89192756672645,62871700
2023-03-29,387.2762756347656,387.5175091402753,384.69988883904426,385.9060563665928,77497900
2023-03-30,389.5439147949219,390.1711160814541,387.67194025222716,389.92022378786027,69840000
2023-03-31,395.0343322753906,395.3334594504177,390.36402594491756,390.47018399433404,112062600
2023-04-03,396.5396423339844,396.94489812673964,394.1176485509198,394.51327502786114,67391100
2023-04-04,394.3396301269531,397.4756659402077,392.95975198905785,397.1861680428209,66601500
2023-04-05,393.3071594238281,394.36859286211103,391.64747153327284,393.60628664996426,65200200
2023-04-06,394.84136962890625,395.12120875106916,391.45444166145506,392.50621625119436,63743300
2023-04-10,395.24664306640625,395.323854285077,391.73429825063636,392.35184076274294,63681000
2023-04-11,395.352783203125,396.76157868174016,394.5808477361319,395.87385583944314,59297900
2023-04-12,393.7413330078125,397.7168860870642,393.15273736359126,397.42738819941474,86420400
2023-04-13,398.9713134765625,399.32833439089336,393.6834638753183,394.83173783881375,85814800
2023-04-14,397.99664306640625,400.53442403011854,395.6808075090933,398.33437583355425,78161500
2023-04-17,399.4248046875,399.4440927674988,396.6747367439795,397.90985115526007,66436400
2023-04-18,399.6853332519531,401.14239312215904,398.30548459798973,401.0072882174601,63560000
2023-04-19,399.6177978515625,400.52480875839643,397.70721784941026,397.76511153607095,55227300
2023-04-20,397.4370422363281,399.19322927918245,395.8834830992031,396.79052346430586,75840400
2023-04-21,397.745849609375,398.208999133114,395.78703455535725,397.7361908451465,73457400
2023-04-24,398.1607666015625,398.5853399658447,396.2019515357637,397.5431946362604,64332100
2023-04-25,391.84039306640625,396.7422743683408,391.7824993811231,396.182596147338,97766700
2023-04-26,390.18072509765625,393.5387062510406,389.62107629581755,392.4579848078688,80447000
2023-04-27,397.9484558105469,398.2186361671352,392.47726678031995,392.7281590569557,92968400
2023-04-28,401.3450012207031,401.3546599841194,397.00279811610284,397.0606918017015,89433100
2023-05-01,400.9397277832031,402.9757243479049,400.7081236035476,400.90112217868585,62122300
2023-05-02,396.4334716796875,400.2739195102237,393.5193816694739,400.2256551428924,103998500
2023-05-03,393.71240234375,399.3572727392138,393.4711688178537,396.9352787160303,91531800
2023-05-04,390.9237365722656,392.98868012756435,389.5824641073576,392.6606060841038,94901900
2023-05-05,398.1607666015625,399.21254124798133,394.31068892506715,394.57121053373714,87891800
2023-05-08,398.266845703125,398.74931269823855,396.8580503226791,398.4887911219587,50046800
2023-05-09,396.520263671875,397.6395904821788,396.28868896886195,396.71326222268215,49220100
2023-05-10,398.3730163574219,400.0037572082906,394.5325683537426,399.3668972208996,96142900
2023-05-11,397.6782531738281,397.9677215941515,395.593992205154,397.5045721216341,70157100
2023-05-12,397.1572265625,399.13535915528234,394.72560320784424,398.92307247331183,70481500
2023-05-15,398.5274353027344,398.9326911272858,395.84491972814425,397.76512913138123,54289400
2023-05-16,395.86419677734375,398.34408437055214,395.8545380135922,397.417726473918,57705500
2023-05-17,400.66961669921875,401.27750047633117,396.2405724955376,397.8906016426063,87287000
2023-05-18,404.529296875,404.95387019652003,400.1292001314732,400.3511161080979,97177200
2023-05-19,403.94073486328125,405.96710249637533,402.7152790765664,405.4364004853655,103793300
2023-05-22,404.10467529296875,405.6485754188921,402.7151681243823,403.9599410977922,60745400
2023-05-23,399.56951904296875,404.0371682026997,399.1738925667831,402.45466229795704,86383500
2023-05-24,396.6747741699219,398.3441208420047,395.5072120996541,397.9581530734607,89213700
2023-05-25,400.1098937988281,401.56695362242056,397.9484509723996,400.19673432873464,90961600
2023-05-26,405.2915954589844,406.015296007875,400.6888705691221,400.7660523374588,93830000
2023-05-30,405.4459228515625,407.7617583438751,404.0564156666858,407.2310564728573,72216000
2023-05-31,403.1977233886719,404.51967840658506,401.62487607920076,403.6126379882085,110811800
2023-06-01,407.0284729003906,408.0899062054044,402.17485598730195,403.4292584266687,88865000
2023-06-02,412.9145812988281,413.70580481996393,409.0837920383036,409.6144939735416,91426200
2023-06-05,412.1233825683594,414.5550060324383,411.4189700357014,413.26199780132424,65460200
2023-06-06,413.02069091796875,413.5513928288073,411.05221735044984,411.70839483792156,64022200
2023-06-07,411.5926208496094,414.55497554838854,411.16804749778333,413.416360399151,85373300
2023-06-08,414.0821533203125,414.53567350141725,410.888223972674,411.6601594331947,61952800
2023-06-09,414.8251037597656,416.84181220366423,413.83122295827593,414.88299744160406,85742800
2023-06-12,418.5883483886719,418.6655595975771,415.08566278011017,415.8093632644941,76104300
2023-06-13,421.34808349609375,421.9945727847897,419.38926865621204,420.05507547125325,95899700
2023-06-14,421.849853515625,423.6639342094121,418.38574387055274,421.6858312205728,100612100
2023-06-15,427.07977294921875,428.3341753075594,420.93314838794436,421.029618225165,110303100
2023-06-16,425.6250915527344,429.64443703691825,425.15052699072436,429.0730147226843,114165800
2023-06-20,423.4168701171875,424.56940938616935,421.3345614533151,423.67838900347647,76160400
2023-06-21,421.2474060058594,423.2328569537705,420.6565943972341,422.4289996662733,76982300
2023-06-22,422.7680358886719,422.8745587404195,419.949643400217,420.2886307994104,70637200
2023-06-23,419.5718078613281,421.3635726421897,418.85511377171673,419.3006239174076,92074500
2023-06-26,417.85760498046875,420.92779193386053,417.6154753664924,419.00044966479635,72823600
2023-06-27,422.4386901855469,423.05852660175333,418.2837379082009,418.7389427456429,72813700
2023-06-28,422.6517639160156,423.6686964256791,420.73408682017543,421.35392323417744,75636000
2023-06-29,424.3175964355469,424.48225757414235,421.8285265262779,422.23528771625286,67882300
2023-06-30,429.3248291015625,430.3127072151387,427.2231311982605,427.542758817571,104964000
2023-07-03,429.8188171386719,430.0996662121284,428.69533217433224,428.97621080462665,32793400
2023-07-05,429.1795349121094,429.9156183055728,427.98824671850423,427.99794136005,58418400
2023-07-06,425.8187561035156,426.24490651683845,423.3006026311988,425.5863211714605,80658300
2023-07-07,424.7436828613281,428.7049486644266,424.5015532896236,424.8211808760998,86134200
2023-07-10,425.8187561035156,425.99308230255696,423.81391614404225,424.3853383898995,62443500
2023-07-11,428.5306396484375,429.02459348677553,425.60572474369303,426.5839377782571,64463800
2023-07-12,431.9785461425781,433.3926042220803,430.9035049555948,432.3369227617404,91924500
2023-07-13,435.4071350097656,436.20132720138423,433.36357534737226,433.79939089874614,72425200
2023-07-14,435.1359558105469,437.15046112494997,434.3708179806255,436.29818974063414,69815800
2023-07-17,436.6468200683594,437.7025015489115,434.9422182723966,434.9906619251845,52680200
2023-07-18,439.8913269042969,440.54021761031777,435.88164697449844,436.317492030114,80668200
2023-07-19,440.86956787109375,442.0608265336728,439.8138568520883,440.6855470187412,65891700
2023-07-20,437.944580078125,440.77266640468775,437.2278860233139,439.87195151577674,70591600
2023-07-21,437.944580078125,439.87195151577674,437.9349149941625,439.66854140008843,71275600
2023-07-24,439.9010314941406,440.7145833337671,438.0608230459974,439.09714473903944,54023400
2023-07-25,441.1020202636719,442.36108235466685,439.5814392896044,439.6298829434647,55191200
2023-07-26,441.1697998046875,442.60318803571505,439.10685100534744,440.16253245222157,71052900
2023-07-27,438.244873046875,444.9760876219577,437.33446340359325,444.5692968966643,92194400
2023-07-28,442.5354309082031,443.3683425271831,438.2448720243851,441.5281635177411,80011800
2023-07-31,443.3780212402344,443.7363682986347,441.69277922202156,443.0099795402013,62040400
2023-08-01,442.1092529296875,442.8550013949116,441.1503996951611,441.9058428017626,55291500
2023-08-02,435.9591979980469,439.24246004875226,435.2037548181366,438.9809707176882,93933400
2023-08-03,434.70977783203125,436.598400459704,433.2860546583424,433.93497496555943,64276100
2023-08-04,432.74365234375,438.641925149683,432.2206441941938,436.5305623830598,100128900
2023-08-07,436.52093505859375,436.67590155483515,433.88656373616396,434.58389819083175,58357500
2023-08-08,434.6225891113281,436.5112116276927,431.2521347714645,433.9736688423559,71361300
2023-08-09,431.7170715332031,435.05847179517355,430.95193373062347,434.89381066417457,78789600
2023-08-10,431.87200927734375,437.47973864760297,430.7001103815545,434.0802298731548,93005500
2023-08-11,431.6202087402344,432.6371707700478,429.39262829617013,429.9931049607352,68690900
2023-08-14,434.0028076171875,434.0028076171875,430.3902525554547,430.70018556678906,47867400
2023-08-15,428.9471130371094,432.57905690734094,428.3756611915116,432.22068028440344,75707500
2023-08-16,425.7994384765625,430.19649067911223,425.6928860842807,428.5306378687395,80107200
2023-08-17,422.55487060546875,427.53303945369214,422.0318624311896,427.27155014496947,95711300
2023-08-18,422.7583312988281,423.7946532022972,419.3782111436538,419.7268636213596,98852000
2023-08-21,425.5088806152344,426.25462916083586,421.6154471933943,423.77522436133023,68719000
2023-08-22,424.3563537597656,427.29096348654963,423.79462606271034,427.29096348654963,64994200
2023-08-23,429.0826721191406,429.70253803409815,425.27640219751186,425.4216740348195,68441000
2023-08-24,423.1360168457031,431.203762091387,423.10693291921746,430.6904485230162,88517300
2023-08-25,426.1190490722656,427.4071655617542,421.30551135792575,424.86965203853134,102325100
2023-08-28,428.8211975097656,429.4410338891343,426.1190230158921,428.31754904739176,61595400
2023-08-29,435.01971435546875,435.30059295851436,428.53062945762133,428.71465031235795,83081900
2023-08-30,436.81146240234375,437.450688048326,434.651655881381,435.35868490424787,69053900
2023-08-31,436.1722412109375,438.5741477826128,435.9882203614193,437.43130323274573,66084600
2023-09-01,436.9858703613281,439.3878069146696,435.52339794812025,438.90354765804074,58944100
2023-09-05,435.09716796875,436.85987843456763,435.0293941483985,436.5402803885754,55166200
2023-09-06,432.1722717285156,434.39018708961373,429.838138891174,434.2836346985003,70758500
2023-09-07,430.8453674316406,431.52331250087747,428.81147311026496,429.1601255075583,70355400
2023-09-08,431.4942932128906,433.0342338731247,430.53546948555345,430.89381655306994,61659700
2023-09-11,434.3320617675781,434.64196517344953,432.41438481227607,434.12865163508343,60180100
2023-09-12,431.9494934082031,434.4095383156122,431.36840603835697,432.87929231362625,67565400
2023-09-13,432.453125,433.61532925118615,431.0681213376737,432.17224641097573,60199300
2023-09-14,436.181884765625,436.87921911968556,433.62501183862486,434.93251744709244,83430800
2023-09-15,430.9266662597656,434.9213331435618,430.48931345860746,434.5908789178783,111848900
2023-09-18,431.17938232421875,432.48177122246517,430.13940510883424,430.6156436055034,55752200
2023-09-19,430.2851867675781,430.8489254828746,427.5929384264587,430.25602991410364,66514600
2023-09-20,426.3294372558594,431.9666464690887,426.1253096194747,431.54872168026867,82562600
2023-09-21,419.2828674316406,423.73431470119067,419.12735434146526,423.47190304588236,104095800
2023-09-22,418.34014892578125,421.91686152279107,417.9221944600517,420.31317519118926,100829700
2023-09-25,420.09930419921875,420.13816022735995,416.6878042505996,417.1251866864549,70874500
2023-09-26,413.9275207519531,417.75694552801576,413.091641554904,417.0474225773536,96168400
2023-09-27,414.09271240234375,415.66727132378986,410.43825858234544,415.10353266200207,104705800
2023-09-28,416.4934387207031,418.1748963964089,412.94588306815257,413.53877864718345,92258300
2023-09-29,415.4826354980469,419.72998517929483,413.9566909765415,419.55504406068815,115111300
2023-10-02,415.31744384765625,416.57124800501185,412.5474238232593,414.64680648403083,83798600
2023-10-03,409.7579650878906,415.37574672072844,408.38753353977256,413.130579835391,103760600
2023-10-04,412.7417907714844,413.49016980797626,408.7568525933047,410.2244834730011,87453000
2023-10-05,412.58624267578125,413.4318210422045,409.34971346962845,412.4501575928168,70142700
2023-10-06,417.48486328125,419.0302359835289,408.79576419213873,410.1273100617133,113273300
2023-10-09,420.1576232910156,420.7310611548999,415.02580970699125,415.57978989546524,80374400
2023-10-10,422.34454345703125,424.94932152317796,420.39094507687355,420.78944189209005,78607300
2023-10-11,424.07452392578125,424.32720675947064,421.02263495712657,423.4136154975306,62451700
2023-10-12,421.48919677734375,425.06590928014145,419.12740262422676,424.68687017880916,81154200
2023-10-13,419.38983154296875,424.2009202698343,417.8153020428582,422.9957010478843,95143100
2023-10-16,423.80242919921875,424.8715633375277,421.4017492227363,421.64473290593867,75433200
2023-10-17,423.7829895019531,425.84351613825277,420.3132049010381,420.66308718236917,75324700
2023-10-18,418.1360168457031,422.9665334664685,417.04745473303933,422.0043276099341,93559800
2023-10-19,414.46209716796875,420.6727739909263,413.78176069076767,418.85526089082725,121323000
2023-10-20,409.369140625,414.56899671901874,409.262212394168,414.0247157104838,123919900
2023-10-23,408.65966796875,412.5377077081286,406.0743180295289,407.83351751664156,92035100
2023-10-24,411.74066162109375,412.8972661743781,408.93175637423457,410.78815502983304,78564200
2023-10-25,405.8313293457031,410.0787089756388,405.31620513197595,410.0495521205634,94223200
2023-10-26,400.97161865234375,405.61746498467414,400.04829855300767,404.76218742791497,115156800
2023-10-27,399.15411376953125,402.9641106372074,397.72536865178915,402.5656138725483,107367700
2023-10-30,403.92633056640625,404.9857358094935,400.65091543681416,401.9533043501809,86562700
2023-10-31,406.4630432128906,406.78376856551466,402.58500416463113,404.4997164265325,79665200
2023-11-01,410.7978820800781,411.6143035857107,406.9004148379302,407.43499666521507,98068100
2023-11-02,418.67059326171875,418.8261063702263,414.58845573140115,414.60788374705487,94938900
2023-11-03,422.4903259277344,424.0454274860036,420.8574826390445,420.9838389044363,100167800
2023-11-06,423.4622497558594,423.9093314316939,421.5086514345454,423.24842292635685,67831700
2023-11-07,424.66741943359375,425.30889989202655,422.31535408043305,423.46222990258883,64256100
2023-11-08,424.9784240722656,425.7948456157836,422.66521486841896,425.2699926017036,61746000
2023-11-09,421.6641540527344,426.1642165380997,421.23650040437826,426.1253308443145,83174400
2023-11-10,428.24407958984375,428.55510577304,421.6543643464555,423.7440474151704,89462200
2023-11-13,427.8359375,428.943927633025,426.1156237608668,426.9028884941221,52236100
2023-11-14,436.13623046875,437.4288904558255,433.5703088478159,433.7938644872594,97176900
2023-11-15,437.0595703125,438.71187109713105,436.20426306686005,437.47749509718125,77327600
2023-11-16,437.59417724609375,437.9149026510406,435.54337957445466,436.612513692767,66665800
2023-11-17,438.138427734375,438.7507513076313,436.68052576418063,437.6038458819822,83133200
2023-11-20,441.5110778808594,442.3566563462381,437.87602183807985,437.8857506768845,69936200
2023-11-21,440.54876708984375,441.38464623474823,439.2755351898342,440.46129653882275,49244600
2023-11-22,442.24969482421875,443.57154137515226,441.15143358240533,442.2108387941116,59394900
2023-11-24,442.52178955078125,442.7161883255682,441.9678093987068,442.2982635869737,29737400
2023-11-27,441.724853515625,442.70648730503876,441.3360559416218,441.8900657895949,50506000
2023-11-28,442.1622619628906,443.4646509487185,440.7724024102266,441.33611150575734,62115000
2023-11-29,441.8512268066406,445.45712595738206,441.4527596750205,444.3199492892873,63146000
2023-11-30,443.59100341796875,443.9409153434161,440.61688552658904,442.69684007944744,79752700
2023-12-01,446.2152404785156,446.7497927155819,442.3858152693998,442.978681217379,89183400
2023-12-04,443.872802734375,446.23459662926416,441.58875055448476,442.8133976086151,72430900
2023-12-05,443.7853698730469,444.74757569096187,442.1039122401313,442.482980993305,69793500
2023-12-06,441.9970397949219,445.96252037504996,441.5596573094173,445.93336352008924,69124700
2023-12-07,445.36962890625,446.02080851674197,443.484073297296,444.0866680393364,66995400
2023-12-08,447.2843017578125,447.81885390780826,444.3781972189081,444.6211808618315,83194400
2023-12-11,449.0240783691406,449.1990491481444,446.5748137350945,446.78864054401777,65002200
2023-12-12,451.07489013671875,451.17208953676845,447.6731187626275,448.67421029484495,68327600
2023-12-13,457.2952880859375,457.54800060597285,451.0943397950226,451.4539508974767,93278000
2023-12-14,458.762939453125,460.4346684409584,456.08039000120516,459.2391779980169,119026000
2023-12-15,458.00750732421875,459.3444814019504,456.15335034862125,458.1636509343483,141553700
2023-12-18,460.58392333984375,461.5695670444435,458.5541155692852,459.61781620371806,70375300
2023-12-19,463.3846130371094,463.4626997368389,461.0522866109777,461.1303435293572,55761800
2023-12-20,456.9634094238281,464.4190817502539,456.5340218793302,462.52588115351864,102921000
2023-12-21,461.2962646484375,461.5695085402511,457.5293705169891,459.9592904756651,86667500
2023-12-22,462.2232971191406,463.91157198973565,460.320358287861,462.4282225788341,67160400
2023-12-26,464.175048828125,465.0826056476979,462.5550923668575,462.6331790630877,55387000
2023-12-27,465.01434326171875,465.16071859872636,463.4334300593357,463.9701495554804,68000300
2023-12-28,465.1899719238281,466.02921033768064,464.77035271690187,465.3753906024884,77158100
2023-12-29,463.84326171875,465.5217683364712,461.8817429403466,464.9947873638026,122283100
2024-01-02,461.2474060058594,462.24281776707784,459.1395120061203,460.76923668925684,123623700
2024-01-03,457.48052978515625,459.82262423945735,456.87549194410775,459.0809495794124,103585900
2024-01-04,456.00701904296875,459.59823307859364,455.78255699773547,457.00240114962037,84232200
2024-01-05,456.63153076171875,459.09072551251865,455.177456481273,456.21188179734065,86118900
2024-01-08,463.1504211425781,463.29679648061466,457.00238891288757,457.1292574663028,74879100
2024-01-09,462.44781494140625,463.4724721448551,459.97885150079935,460.4862959607646,65931400
2024-01-10,465.0631408691406,465.9316842003945,462.4380338715852,462.7210460536215,67310600
2024-01-11,464.85821533203125,466.5855039297226,460.8668888410367,466.0682912006048,77940700
2024-01-12,465.1802062988281,467.053899879707,463.76520505733885,466.31222516082903,58026400
2024-01-16,463.4725036621094,465.1119672116559,461.64762140121906,463.7945592265925,85014900
2024-01-17,460.8961181640625,461.3840557763614,458.53448701674256,460.43745561724756,68843900
2024-01-18,464.99481201171875,465.5510680800572,461.02302217587135,462.5746603285912,91856200
2024-01-19,470.7915344238281,471.0745466119852,465.04364414171863,466.1268514770496,110834500
2024-01-22,471.78692626953125,473.51421483133913,471.1330767139442,472.33341405568575,75844900
2024-01-23,473.16290283203125,473.4068716669151,471.2404570032446,472.3334326185078,49945300
2024-01-24,473.68011474609375,476.978548164265,473.1824088250565,476.0417162376214,81765000
2024-01-25,476.2564392089844,476.5296831119091,473.680143807316,475.8172833950849,72525000
2024-01-26,475.6513977050781,477.32013617897184,474.80239093382255,475.8270481167824,76641600
2024-01-29,479.41827392578125,479.5646790538066,475.4172088037404,475.963696618888,61322800
2024-01-30,479.0473937988281,479.759763638596,478.2861825486415,478.72533830354183,58618400
2024-01-31,471.23065185546875,477.28106061845324,471.21111529014115,476.8321663361625,126011100
2024-02-01,477.398193359375,477.427468426182,472.12844308332853,472.93843623390336,91891600
2024-02-02,482.42401123046875,484.08298154607263,477.4958225785378,477.8373849257178,99228200
2024-02-05,480.6673889160156,482.453257473618,478.4033807510974,481.78966938702735,75757100
2024-02-06,482.0628967285156,482.3946907604105,480.17943474492984,481.6139726429951,55918600
2024-02-07,486.0834655761719,486.5030847840718,483.4095471530847,484.31713376491945,70556500
2024-02-08,486.2982177734375,486.67879367849736,485.2637922717278,486.0835240024401,52343600
2024-02-09,489.1087341308594,489.5478601666735,486.46409050709747,486.80565283363205,63979400
2024-02-12,488.8940124511719,491.3532074553824,488.171844486811,489.0794311383801,56502300
2024-02-13,482.16046142578125,485.097855647228,478.8815346699486,482.59961722906473,113099200
2024-02-14,486.5421142578125,487.03005186648363,482.4727014977024,484.80505756219736,68387800
2024-02-15,489.899169921875,490.08458861177627,486.7665887596598,487.2447879089923,61683000
2024-02-16,487.45947265625,490.73839931554534,486.71779791035453,489.5966419107854,75532900
2024-02-20,484.77581787109375,486.3860061409344,482.5215483370468,485.7126498093255,71736700
2024-02-21,485.2149353027344,485.3710789199038,481.6529965187708,483.4681400096849,59293400
2024-02-22,495.2567138671875,496.22282088243315,490.88478180969435,491.85091860629063,76402500
2024-02-23,495.5982666015625,497.8232610473495,494.8663601420095,496.98399282076,61321800
2024-02-26,493.78314208984375,496.47656749463823,493.65627353362504,496.0374116894735,50386700
2024-02-27,494.7004699707031,494.9249320161117,492.5730689156793,494.47603770664597,48854500
2024-02-28,494.0466613769531,494.6321627585008,492.778005560445,493.1390746728501,56506600
2024-02-29,495.8227233886719,497.4426800063986,493.1586028041446,495.81298488671405,83924800
2024-03-01,500.4776306152344,500.90701813560685,496.2911469636296,496.70102769902195,76844800
2024-03-04,499.9408874511719,501.7950742838469,499.6481367835651,499.6774416316755,49799300
2024-03-05,494.9444580078125,498.37955833556765,492.7292316615837,497.93063422732985,72855600
2024-03-06,497.4524230957031,499.7164608888025,496.1545220794044,498.23311140577533,68382400
2024-03-07,502.3903503417969,503.444312321391,497.5109739434722,500.76065530231244,58652100
2024-03-08,499.3749084472656,505.7180680999103,498.7991455954804,503.0247023113752,86532500
2024-03-11,498.9454650878906,499.5309961571461,496.2325332556427,498.1647768497815,62557200
2024-03-12,504.3128662109375,504.89836756595776,498.5356415487977,501.0631847838215,73114400
2024-03-13,503.5223083496094,504.81047078670485,502.07803208500076,504.6348203947413,55104100
2024-03-14,502.5269775390625,504.654378460411,499.4724832072711,504.4982050635474,110171800
2024-03-15,499.0763244628906,500.906906313764,497.4024012478183,499.44831403821377,107646300
2024-03-18,502.0423889160156,504.6071212896662,501.6312645749848,503.15835758943143,88893300
2024-03-19,504.8323669433594,505.11622858588777,500.3391555977347,501.3474589189953,60755300
2024-03-20,509.5016784667969,509.63873983527566,504.21561462485215,504.89106308633967,69594600
2024-03-21,511.1855163574219,513.0552034223256,510.9015949394555,512.3504186903534,60256100
2024-03-22,510.21630859375,511.5867430006875,509.9813206475284,511.0972893379752,79070800
2024-03-25,508.8067321777344,509.9618357712417,508.65007353074856,508.8360683316894,48512100
2024-03-26,507.8669128417969,510.5785052830904,507.46558712286134,510.23585186667015,65463700
2024-03-27,512.1349487304688,512.174143263585,508.53257680183424,510.7057822180554,82999800
2024-03-28,512.0370483398438,513.5445440719409,511.7531867321709,512.1741097012416,96294900
2024-04-01,511.1462707519531,513.3194762872985,509.98136853540166,512.781089157312,62477500
2024-04-02,507.8963317871094,508.0333334121318,505.5860649599207,507.3089515099197,74230300
2024-04-03,508.4542236328125,509.9617791407422,506.75093445953814,506.7998678758743,59155800
2024-04-04,502.2479553222656,512.8201417862783,501.94449646141624,512.477548144201,96858100
2024-04-05,507.494873046875,509.4624861580763,503.16811977729344,503.6086399846567,74546500
2024-04-08,507.77880859375,509.2080348808952,506.9663584849502,508.1997913461109,48401800
2024-04-09,508.3661804199219,509.76601078340246,503.5009797426477,509.52128394193176,68049200
2024-04-10,503.2758483886719,505.2727978988181,501.288697511792,502.6493333372583,82652800
2024-04-11,507.07403564453125,508.52279948423035,501.2789205379683,504.80296329585076,70099000
2024-04-12,500.0747985839844,504.9399690444143,498.34211354923036,503.5205415143918,92561100
2024-04-15,493.809814453125,504.4309350820484,492.9581399821633,504.2645375653604,92101400
2024-04-16,492.9091796875,495.81653549334413,491.6170149129295,494.2894425320805,73484000
2024-04-17,489.9920654296875,495.5424832864925,488.5922350793865,495.3760558913513,75910300
2024-04-18,488.98382568359375,493.49660444266914,488.04408292123793,491.3919594558385,74548100
2024-04-19,484.71575927734375,489.9039562000147,483.4431618183188,488.90548147354247,102212600
2024-04-22,489.17962646484375,491.78352383666635,484.9801051881098,487.329477066226,67961000
2024-04-23,494.9845275878906,495.4152492396772,488.9936189979829,491.1961606780303,64633600
2024-04-24,494.74957275390625,496.66822281618226,492.5176651664761,495.87531024392956,55928100
2024-04-25,492.8700256347656,493.6335721318235,486.99658185005006,488.6509375726553,69122400
2024-04-26,497.5394592285156,499.1252843555603,495.03345880263834,495.66974260530816,64306100
2024-04-29,499.301513671875,499.9769621780909,496.5507862258181,499.3308796993677,46415400
2024-04-30,491.39190673828125,498.8120110716739,491.39190673828125,497.83310375268974,77483600
2024-05-01,489.79632568359375,497.47095614792755,489.3264393749632,490.80459911500014,80242800
2024-05-02,494.3775939941406,495.2194698771777,489.0131707855575,493.516150718059,62550200
2024-05-03,500.50555419921875,501.73895716286734,497.83312634252997,500.37829146215523,72756700
2024-05-06,505.6741943359375,505.7133291220876,502.47314807215434,502.9136683443448,47264700
2024-05-07,506.2322082519531,507.63203872250176,505.55675972792085,506.6433326476954,52561300
2024-05-08,506.2810363769531,506.8194234078402,504.2742884903253,504.3917525789641,42047200
2024-05-09,509.1981506347656,509.23734516203166,505.81116990053164,506.46702100693307,43643700
2024-05-10,509.8541259765625,511.616147241505,508.6304917998298,510.803637418781,52233200
2024-05-13,509.9226379394531,511.6455245585536,508.77733298725667,511.5378590818016,36716400
2024-05-14,512.2621459960938,512.7809955114608,509.5799497220426,510.11833675370696,57535900
2024-05-15,518.6055908203125,518.8992510906287,514.1025809336553,514.7388946424787,59504900
2024-05-16,517.53857421875,520.3088989892751,517.3917142043874,518.7034764563527,50244800
2024-05-17,518.282470703125,518.3510013823711,516.1973934194888,517.6559557052394,59187600
2024-05-20,518.879638671875,520.3479997283454,518.0083967722392,518.399983619737,37764200
2024-05-21,520.1522216796875,520.308880322423,517.9105452430766,518.1161373062547,33437000
2024-05-22,518.6544799804688,520.1717743707599,516.471476037249,519.457191149343,48390000
2024-05-23,514.8661499023438,521.8261670726438,513.6522545564001,521.7185015997201,57211200
2024-05-24,518.2727661132812,519.0852760314796,515.7667654147743,516.7162769685657,41291100
2024-05-28,518.6349487304688,519.3201958884637,515.991886691213,519.0852676623554,36269600
2024-05-29,515.003173828125,516.1876733248712,514.2885905251699,514.5920494378546,45190300
2024-05-30,511.58673095703125,514.1221271592083,510.3337606788209,513.4564773633216,46377600
2024-05-31,516.246337890625,516.3736006194137,507.42637356021385,512.546099366396,90785800
2024-06-03,516.6672973632812,518.1454570499837,511.5769670953754,517.8615954221938,46835700
2024-06-04,517.2449340820312,517.9889133212755,513.8872886188278,515.3556498285665,34632700
2024-06-05,523.3923950195312,523.411992286524,517.577682760377,519.5746920651516,47610400
2024-06-06,523.3826293945312,524.1266086139946,521.4444117684961,523.6958869473458,30808500
2024-06-07,522.746337890625,525.5655959158784,521.3073129777647,522.4036844600561,43224500
2024-06-10,524.3614501953125,524.684506328859,521.3366601422468,521.9337792468638,35686100
2024-06-11,525.6243286132812,525.6830606660559,520.8276585615498,522.80507058457,36383400
2024-06-12,529.9412841796875,532.6430781044711,528.9036447482033,530.2056082912144,63251300
2024-06-13,531.00830078125,531.869744023919,528.2086401164571,531.6935478717044,44760900
2024-06-14,531.3314819335938,531.360818091983,528.4632301624404,529.4715336430467,40089900
2024-06-17,535.5601806640625,536.9600707352853,530.1859889386527,530.6461064563005,55839500
2024-06-18,536.9208374023438,537.0481001268946,535.1979510525092,535.618874007655,41376400
2024-06-20,535.4623413085938,538.5165275797466,533.6807226924603,537.8508777255481,70328200
2024-06-21,534.7444458007812,535.8640147535098,533.2811779308804,534.6364329914431,64338600
2024-06-24,533.0061645507812,537.1406814551851,532.8883214982557,534.5676749075179,45528700
2024-06-25,535.0587768554688,535.4221363045356,532.7116258646143,534.2338154405055,37936200
2024-06-26,535.7265625,536.4434511367156,533.291059231854,533.9391960904497,38550600
2024-06-27,536.5711059570312,537.1505509580609,534.8426611396433,535.589040487199,35041500
2024-06-28,534.4595947265625,540.4109684989184,533.2124124479245,537.3468693543182,76144500
2024-07-01,535.5595703125,536.08986404863,532.7901386983468,535.8443476992247,40297800
2024-07-02,539.1637573242188,539.1637573242188,533.8999009464727,533.9489922304165,40434800
2024-07-03,541.5698852539062,541.9332447091265,538.8102834790983,538.8495445221813,32789900
2024-07-05,544.6927490234375,545.0953694497009,541.2358597539028,541.8742262180542,41488400
2024-07-08,545.3212890625,546.273863702814,544.2508114321598,545.4783931483458,36110500
2024-07-09,545.8515014648438,547.1870957873554,545.5568938849522,546.2836125621862,27289700
2024-07-10,551.2529907226562,551.596689657151,546.7846048716298,547.079212521271,38701200
2024-07-11,546.4998168945312,552.2449363138517,545.861510252734,551.3708835905267,53054200
2024-07-12,549.94677734375,553.5607707150377,547.1577452576701,547.6291174546383,53084400
2024-07-15,551.4592895507812,554.709924079379,549.5933410549901,551.9503223190923,40584300
2024-07-16,554.7294921875,555.0240998431519,552.0189818744624,552.7751914744023,36475300
2024-07-17,546.9515991210938,550.4575803871115,546.6275007007323,548.7782266894483,57119000
2024-07-18,542.748291015625,549.4853058775749,540.5583041390183,548.4934101354552,56270400
2024-07-19,539.1441040039062,544.1428435386215,538.0834565302354,542.5125813182824,65509100
2024-07-22,544.7026977539062,545.3115736180749,541.1377949043722,543.0822655711995,43346700
2024-07-23,543.8482055664062,546.7550807862475,543.3571728667828,544.5945249198012,34439600
2024-07-24,531.523193359375,539.3207943889454,530.6000495620024,539.0163565377113,74515300
2024-07-25,528.7537841796875,537.6415236413737,527.8110397958803,531.6410587361225,61158300
2024-07-26,534.6757202148438,537.3764002236553,531.7786151263786,532.5544851999327,53763800
2024-07-29,534.9899291992188,537.2388372702122,532.9864775250034,536.227341129643,39515800
2024-07-30,532.2794799804688,537.5237359172042,528.8619113563942,536.463088435743,46853600
2024-07-31,540.9315185546875,543.5732772591324,537.7594660363832,539.1343218302673,65663400
2024-08-01,533.2713623046875,544.9186439967344,529.7555512584067,542.659905480717,76428700
2024-08-02,523.3427734375,527.3593881074288,519.1198434759149,526.1416363743401,82789100
2024-08-05,508.1010437011719,514.189861675624,501.1185425419697,502.46399742687476,146267400
2024-08-06,512.7855224609375,520.249196250666,508.58225336867037,509.9080178114113,84826300
2024-08-07,509.3580322265625,522.0561910508441,508.7589866968387,518.9920917478671,70698300
2024-08-08,521.1331176757812,521.7615940845507,512.481122418652,514.5139453969072,63276600
2024-08-09,523.4310302734375,524.9237888690128,519.0804877250338,520.3080694804698,45619600
2024-08-12,523.7061157226562,526.1219586169184,521.4277164507776,524.6292597384992,42542100
2024-08-13,532.3187255859375,532.5544716398305,526.6620790433668,526.9075954015528,52333100
2024-08-14,533.9979858398438,535.186306384617,530.4330841460311,533.1141031284579,42446900
2024-08-15,543.15087890625,543.4356562731828,539.036022778579,539.644898487546,60846800
2024-08-16,544.36865234375,545.0659403343901,541.3733649561221,541.530469041351,44430700
2024-08-19,549.5736694335938,549.5736694335938,543.9267927123752,544.7811849166917,39121800
2024-08-20,548.6798706054688,550.7815046393756,547.3344459997681,549.1218119588426,33732300
2024-08-21,550.5654296875,552.0286973568013,544.7810508318996,549.7306981799344,41514600
2024-08-22,546.2443237304688,553.0795196886376,545.0265723682652,552.4706440075358,56121500
2024-08-23,552.0484008789062,552.9912051950074,547.2951782034337,549.4950549410031,50639400
2024-08-26,550.7324829101562,553.7965224345438,549.023698553154,553.0796338099561,35788600
2024-08-27,551.4885864257812,551.9796190748511,548.3067044502897,549.4557040657708,32693900
2024-08-28,548.287109375,551.5770644805714,545.085566530633,551.1449533002178,41066000
2024-08-29,548.336181640625,553.5706069059922,547.187181927915,550.2610513664456,38715200
2024-08-30,553.570556640625,554.0812497734636,547.1478712090765,550.7127730145278,62700100
2024-09-03,542.1787719726562,550.7521851435262,539.654856286755,550.4182564787874,60600100
2024-09-04,541.0689697265625,544.486538299349,539.6057018017893,540.3324206417021,47224900
2024-09-05,539.7529907226562,543.8678474559043,537.2879967926923,541.0100633006934,44264300
2024-09-06,530.6688842773438,541.7072905965744,529.7654008260863,540.0770882862281,68493800
2024-09-09,536.6102905273438,537.8870234085998,532.947206027845,534.8819058967794,40445800
2024-09-10,538.94775390625,539.301343073679,533.6348054347438,538.52547289514,36394600
2024-09-11,544.4767456054688,545.3998895864479,530.276116631913,538.8593596356329,75248600
2024-09-12,549.0630493164062,549.3674872362873,542.8268971710025,545.056205128517,51819600
2024-09-13,551.9306030273438,552.9323289489466,549.4165179190511,549.6718645218532,39310500
2024-09-16,552.7457275390625,553.0108444429941,549.8584528057411,551.6654196124157,36656100
2024-09-17,552.9715576171875,556.4186166721934,550.7324197918623,554.9651191583721,49321000
2024-09-18,551.3316040039062,558.4908400284567,550.7718194675883,553.6296037419249,59044900
2024-09-19,560.7396850585938,562.6056333019461,557.8917313519955,560.769175792154,75315500
2024-09-20,559.7703857421875,560.8145656669737,556.7363296850394,559.3665303523799,77503100
2024-09-23,561.1691284179688,561.8193132907071,559.6225494017445,560.8440961059636,44116900
2024-09-24,562.7748413085938,562.8339435617671,559.1300420312542,561.9670704323123,46805700
2024-09-25,561.53369140625,563.3561212938423,560.4205487537844,562.6173129912877,38428600
2024-09-26,563.7599487304688,566.1340196278296,561.3957983542562,565.8089271560161,48336000
2024-09-27,562.9423217773438,565.651285439919,561.908002221962,564.8337142422162,42100900
2024-09-30,565.1981811523438,565.8089245059994,559.6029471264981,561.9079952356186,63557400
2024-10-01,560.1348876953125,565.4937128909536,557.5539888818164,564.8435880512217,72668800
2024-10-02,560.371337890625,561.3958572731079,556.8349422897517,559.2385345053339,38097800
2024-10-03,559.3468627929688,561.297297524576,557.0516147695683,558.8937053770586,40846500
2024-10-04,564.4297485351562,564.8040828361078,559.6225649986515,563.8091448322295,42939100
2024-10-07,559.3271484375,563.4251056498125,558.1746242759516,562.7749206488743,49964700
2024-10-08,564.616943359375,565.2178864241666,561.0313063853904,561.9079798048728,37398700
2024-10-09,568.5277709960938,569.0892725126486,564.0062377966648,564.6071207773316,37912200
2024-10-10,567.5327758789062,568.9611504574567,565.9172341469683,567.1781623643931,44138100
2024-10-11,570.931396484375,571.6702048192677,567.3161177427487,567.454043061779,42268000
2024-10-14,575.6005859375,576.5364217400751,572.0641306807273,572.54680911459,36217200
2024-10-15,571.1283569335938,576.1719497636773,569.9068101256781,575.8665780927906,54203600
2024-10-16,573.6107788085938,574.1328988912752,570.320652695686,571.1284236895626,30725400
2024-10-17,573.659912109375,577.3736738739761,573.472744961771,577.1667859347198,34393700
2024-10-18,575.8665771484375,576.6546272535265,573.8865614270069,575.3543175241635,37416800
2024-10-21,574.9208984375,576.1226643625554,571.936084169767,575.1375866701346,36439000
2024-10-22,574.6155395507812,575.7779240387921,571.7194086656112,572.379393899403,34183800
2024-10-23,569.3650512695312,573.0295715850681,565.8483166590198,572.5862745943635,49314600
2024-10-24,570.5963745117188,571.4041454083431,567.9662339927139,571.325322360671,34979900
2024-10-25,570.3993530273438,575.7385172942365,569.4537169426869,572.832526139626,47268200
2024-10-28,572.1627807617188,574.01473191773,571.8574090351626,573.8866669881053,30174700
2024-10-29,573.088623046875,574.2115658329249,569.7984373596124,571.1972307374274,42899700
2024-10-30,571.3549194335938,574.6155241758808,570.645632233565,572.615787609554,41435800
2024-10-31,560.1546630859375,567.0403473920817,559.9576354980849,566.9713847301143,60182500
2024-11-01,562.5187377929688,566.9614477579651,562.1050220014198,562.7945884035815,45667500
2024-11-04,561.3070678710938,563.9569290343258,559.4157357037399,562.6566193804057,38217000
2024-11-05,568.0943603515625,568.1337418174742,562.0065869653796,562.2232752144567,39478300
2024-11-06,582.2203369140625,583.0970705492409,576.6546836514896,580.4078275075276,68182000
2024-11-07,586.7221069335938,587.7466262080364,584.1510685994552,584.2298916492671,47233200
2024-11-08,589.2636108398438,590.6919854789882,587.2737347167168,587.2737347167168,46444900
2024-11-11,589.8250732421875,591.2140062031049,588.0913270467408,590.8593926970449,37586800
2024-11-12,587.992919921875,590.3472099973874,585.5006444102133,589.7463270131273,43006100
2024-11-13,588.2785034179688,590.2880401081766,586.0817995759008,588.4558101737783,47388600
2024-11-14,584.495849609375,588.8893179492193,583.8063432948493,588.4066394793019,38904100
2024-11-15,577.00927734375,581.3928852443048,575.1474660138925,580.9200070517927,75988800
2024-11-18,579.3734741210938,580.6934445713057,576.6054081851684,577.4722212479682,37001700
2024-11-19,581.4913940429688,582.2203419709091,575.3149973262474,575.9848429931217,49412000
2024-11-20,581.6883544921875,581.9740053669792,575.9059534750936,581.5701499836966,50032600
2024-11-21,584.81103515625,586.2394097822103,578.6838809961135,584.5451050737219,46750300
2024-11-22,586.6236572265625,587.2541214128702,584.2988881794737,584.8012273246769,38226400
2024-11-25,588.613525390625,591.8937909448966,586.3182774428572,590.5738204551704,42441400
2024-11-26,591.6868896484375,592.3567352073538,589.1453725834567,589.8644599979293,45621300
2024-11-27,589.8941040039062,591.8839201005825,588.3672455728715,591.4997854868443,34000200
2024-11-29,593.55859375,594.3466439350991,590.4359140778026,590.7117045866185,30177400
2024-12-02,594.6224365234375,595.3021425181648,593.4797127608734,593.9722515940274,31746000
2024-12-03,594.8982543945312,595.1445238224464,593.3517352966707,594.3860548690404,26906600
2024-12-04,598.59228515625,598.8385545797807,595.9227630847732,596.5926087018526,42787600
2024-12-05,597.607177734375,599.4000262634194,597.2525642119798,598.592255379496,28762200
2024-12-06,598.7401123046875,599.9813199050982,597.9619225172376,598.3756383425828,31241500
2024-12-09,595.65673828125,598.7892779517493,595.0657157488416,598.6218315882949,34742700
2024-12-10,593.8048706054688,596.7601039297737,593.1448853311992,596.3365277015484,37234500
2024-12-11,598.395263671875,599.3507600891794,596.4644899210008,596.7403405101395,28677700
2024-12-12,595.3120727539062,598.0997995870548,595.3120727539062,597.5284977631196,31543800
2024-12-13,595.1937866210938,598.0701965149426,593.8146538658189,597.3511090725724,35904700
2024-12-16,597.7352905273438,598.7105679786196,596.1789110129041,596.9571007701239,43695200
2024-12-17,595.2726440429688,596.1395173197234,593.8935711931338,595.1741603124011,55773500
2024-12-18,577.5313720703125,597.3609304879477,577.1471773446116,594.9671989364094,108248700
2024-12-19,577.3539428710938,584.1510021908508,577.1076734772528,582.5354605374066,85919500
2024-12-20,584.2886352539062,588.8352196171104,574.1674387147792,575.0175026728227,125716700
2024-12-23,587.7875366210938,588.3904419763173,580.8391036798633,584.0316546408188,57635800
2024-12-24,594.32080078125,594.3603751171399,588.5584517113257,589.1416302251183,33160100
2024-12-26,594.3603515625,595.4870738828115,591.1381803052061,592.5416816588521,41219100
2024-12-27,588.1038208007812,590.8416891446476,583.9031498920888,590.6044241129971,64969300
2024-12-30,581.392578125,584.8717412480703,577.6268027117767,581.066451827259,56578800
2024-12-31,579.2774047851562,583.7844745956663,577.6366385699235,583.0629066605094,57052700
2025-01-02,577.8541870117188,584.268848917565,573.7622248829753,582.5490544849214,50204000
2025-01-03,585.0792846679688,585.7217039617416,579.623335665357,580.7106042287589,37888500
2025-01-06,588.4497680664062,592.7394211491448,586.7101863614566,589.3492396720658,47679400
2025-01-07,581.7979125976562,590.8120540414599,579.9694092503468,590.4858673836275,60393100
2025-01-08,582.6478271484375,583.7252021495292,578.4076425523384,581.867018332763,47304700
2025-01-10,573.7522583007812,579.1489059430921,571.8347734163021,579.0797111920303,73105000
2025-01-13,574.6419067382812,574.9977137931114,568.6719735158341,569.0871420731995,47910100
2025-01-14,575.4326171875,578.2099995586356,571.6371609030458,577.5774134567713,48420600
2025-01-15,585.8997802734375,587.0462899008115,582.3613155434388,583.4782047431863,56900200
2025-01-16,584.77294921875,587.4514560986999,584.0711683508569,587.2735525674167,43319700
2025-01-17,590.64404296875,592.4033515473359,588.6968769367569,590.0312439926065,58070600
2025-01-21,596.0504760742188,596.0603696579795,591.7213092581105,593.6980955549004,42532900
2025-01-22,599.4011840820312,600.7651715456991,598.3337025176967,598.8872003053638,48196000
2025-01-23,602.6727294921875,602.6727294921875,598.4918457286775,598.7685644436611,41152100
2025-01-24,600.913330078125,603.6907726306447,599.7569270310084,602.7319999441287,34604700
2025-01-27,592.4132080078125,592.7295010606359,587.7381276298589,587.9061375768574,70361100
2025-01-28,597.50341796875,598.3435279756633,590.3177808049226,593.6486607361097,44433300
2025-01-29,594.8248291015625,597.1179082556828,592.2648645148614,596.7126333153398,37177400
2025-01-30,598.0173950195312,599.5592859855939,593.747529191958,596.9499738076877,39281300
2025-01-31,594.8347778320312,602.880312619884,594.0736957955036,600.4488437325783,66566900
2025-02-03,590.831787109375,593.3224968021361,583.6362560871698,585.7909458950113,65857200
2025-02-04,594.7952270507812,595.3091504392034,590.3474581129256,590.8910622510958,33457800
2025-02-05,597.2068481445312,597.35513123978,591.6323569254649,593.668444292325,30653100
2025-02-06,599.282470703125,599.4109666234875,595.6352980001401,598.9562841109183,35771500
2025-02-07,593.7969970703125,601.0715564826635,593.0853226024016,599.8459585772572,50788500
2025-02-10,597.8295288085938,598.4720084396736,595.7440338934362,597.0190995725444,26048700
2025-02-11,598.2843017578125,598.8279059672569,595.4377244382205,595.5563267993089,30056700
2025-02-12,596.3568725585938,597.5330628123784,591.5631899435128,592.2451836255683,45076100
2025-02-13,602.6529541015625,602.860538386905,596.198778008583,597.4638899085884,40921300
2025-02-14,602.623291015625,603.8982964094444,602.0005985304107,602.8604957096632,26910400
2025-02-18,604.3925170898438,604.3925170898438,601.3186288745633,603.7896117473091,26749000
2025-02-19,605.8157348632812,606.1122407080254,602.4848551660879,602.9988388481266,31011100
2025-02-20,603.29541015625,604.5803091740476,599.9744236813096,604.4419196559093,36554000
2025-02-21,592.9765625,603.216300601011,592.5119863702242,603.0779110877393,76519800
2025-02-24,590.2782592773438,596.0307143030876,589.5665848823073,595.0324276294365,50737200
2025-02-25,587.3427734375,590.9504327968516,582.7171004383193,590.2190314712642,58266500
2025-02-26,587.63916015625,592.620699550235,584.9902741209554,589.0130409225576,43321600
2025-02-27,578.2593994140625,591.0788899188873,577.8640783507352,589.9224264999975,74196700
2025-02-28,587.283447265625,587.8171578604871,575.6797210871997,578.7635029554216,88744100
2025-03-03,576.9942626953125,590.4067643806418,573.1691862018861,589.2601945949107,74249200
2025-03-04,570.1644897460938,578.5955127414016,565.608011549554,572.9814465763258,109648200
2025-03-05,576.29248046875,578.0913631561872,566.4283366011412,569.9964212260836,71230500
2025-03-06,566.0626220703125,573.4359958315716,563.5026574515875,568.800429877349,80094900
2025-03-07,569.2353515625,570.6883208259039,559.0648080255879,564.2736590980126,81158800
2025-03-10,554.073486328125,562.9294509409499,549.1414138289008,561.0021324297065,99326600
2025-03-11,549.467529296875,557.4735503902486,545.6128320238284,552.9071786453155,88102100
2025-03-12,552.38330078125,556.5740782812179,547.2634312637055,555.6449862636414,69588200
2025-03-13,545.019775390625,552.6205217060727,543.2999808309211,552.00772273254,74079400
2025-03-14,556.2774658203125,557.2856459919377,545.0888497425958,549.6552206085003,62660300
2025-03-17,560.5671997070312,563.097483760462,555.8228643209595,556.2577597204585,49008700
2025-03-18,554.50830078125,558.4618730708418,552.5710286417288,558.2443952250169,66041400
2025-03-19,560.54736328125,564.3230320254004,555.1112014285828,556.2972851708735,66556000
2025-03-20,558.9264526367188,563.9475069089323,556.0699818531248,556.7915499004863,62958200
2025-03-21,559.1107788085938,560.0129560782987,553.2121973894178,554.4514053360011,83763000
2025-03-24,569.1236572265625,570.1844265679264,565.2771506364932,565.8719462913679,58766800
2025-03-25,570.4917602539062,571.4335099767462,568.7370222712309,570.3331077369899,38355700
2025-03-26,563.6810913085938,571.3542581528293,562.293154038674,570.2240858480267,51848300
2025-03-27,562.18408203125,565.971108987233,560.062543386952,562.2831944691987,42164200
2025-03-28,550.8626708984375,561.3811152230641,550.2777985606353,560.6475137101825,71662700
2025-03-31,554.5604248046875,555.8690356187795,542.1484990140983,545.0829651282622,95328200
2025-04-01,556.1268310546875,558.0798545049701,548.8997911229003,552.6372621541935,54609600
2025-04-02,559.6461791992188,562.5211054527999,550.019989677278,550.2579079318416,76014500
2025-04-03,532.0663452148438,543.2390031081819,532.0663452148438,540.4037097995117,125986000
2025-04-04,500.9176330566406,521.3298644038904,500.69953122991006,519.1488461365848,217965100
2025-04-07,500.0254211425781,518.6531751879934,477.64034947944,484.966562158496,256611400
2025-04-08,492.193603515625,520.4475157965463,484.93679417196097,517.3544574544211,165816600
2025-04-09,543.8834838867188,543.8834838867188,488.7932402716448,489.17988772825765,241867300
2025-04-10,520.051025390625,528.8939971161361,504.92276379554966,527.5754628052078,162331200
2025-04-11,529.3302001953125,531.7986929533369,515.5799524923516,518.4945722506925,97866300
2025-04-14,534.4654541015625,539.580938661594,529.2508571038156,539.3528832417228,68034000
2025-04-15,532.9684448242188,538.5399188279399,532.175363851926,535.0106570692674,56892900
2025-04-16,521.1216430664062,533.2460954669957,515.7980102587055,527.0896882471153,83484800
2025-04-17,521.8651733398438,526.5840872057769,519.3867572764926,523.0845951885916,79868100
2025-04-21,509.4433898925781,517.1958826970866,504.070170487947,516.6605060954281,69368100
2025-04-22,522.6979370117188,524.7302260402327,514.7075262081219,515.6493363944684,75948100
2025-04-23,530.79736328125,540.7209502963145,529.2706808590098,535.7641184612734,90590700
2025-04-24,541.9700927734375,542.7036942188355,530.8271442598516,532.086138426331,64150400
2025-04-25,545.8860473632812,546.2924809922215,538.9960382976576,541.9305048307399,61119600
2025-04-28,546.0941772460938,548.770878725811,540.3145544882295,546.6295538469604,47613800
2025-04-29,549.5342407226562,550.6544896169489,543.8140371215516,544.1709145104755,47775100
2025-04-30,549.7523193359375,551.7152660165827,536.8447695388113,542.8425243498715,93101500
2025-05-01,553.6483764648438,559.2000647311057,553.0436574695955,555.5319968692943,63186100
2025-05-02,561.8668823242188,563.4728911995644,557.5246922514075,559.8543793028188,60717300
2025-05-05,558.6448974609375,561.7578025218996,556.850526672483,557.7130106117388,38659200
2025-05-06,553.9755249023438,558.486229861133,552.151444635027,553.1130409863903,48264700
2025-05-07,556.3052978515625,558.9522292842823,551.239369394788,555.3139314189718,55588000
2025-05-08,560.1814575195312,565.3861307660613,556.8504811637198,560.3598961984284,65130800
2025-05-09,559.4677734375,562.6004648206437,557.9013974918248,561.5892516710271,37603400
2025-05-12,577.9567260742188,577.9666494201874,572.0580835025086,576.4498296839446,78993600
2025-05-13,581.7734985351562,583.9941496422729,577.8080328415324,578.3730584556538,67947200
2025-05-14,582.5170288085938,583.8949821637985,580.4846792150129,582.7351003798474,66283500
2025-05-15,585.3622436523438,585.8677897044162,580.0484736048338,580.5045239452851,71268100
2025-05-16,589.0699462890625,589.3673441171694,584.1924403834937,586.1454032115668,76052100
2025-05-19,589.7142944335938,590.3983396880136,583.0225710566098,583.0225710566098,68168500
2025-05-20,587.7315673828125,588.9212192076606,584.5096264657933,587.9695461543464,60614500
2025-05-21,577.8277587890625,587.4638708843231,576.7967595991499,583.359599797301,95197700
2025-05-22,578.0558471679688,581.5553390131786,576.3902984080268,577.629506378804,70860400
2025-05-23,574.1102294921875,576.7869310981343,570.6305234552773,571.0072475595028,76029000
2025-05-27,586.0462646484375,586.2048566469568,573.4360527249615,581.0101064535629,72588500
2025-05-28,582.6558227539062,587.6523487169525,581.9222212137981,586.4527734503207,68445500
2025-05-29,584.9557495117188,588.0785779673218,581.0101304856973,587.9397721452495,69973300
2025-05-30,584.301513671875,586.0264816938155,578.2045855174352,583.8454633007033,90601200
2025-06-02,587.5928955078125,587.6721612666921,580.0089171212081,582.6856189346104,61630500
2025-06-03,590.943603515625,591.9250465362925,586.740159298439,587.2259796444896,63606200
2025-06-04,590.7849731445312,592.7875526407612,590.3487695069823,591.8061095833268,57314200
2025-06-05,587.9298095703125,593.8284515327539,585.9470768439928,592.4702844558809,92278700
2025-06-06,593.96728515625,595.6426968087642,591.7069406984755,593.4913881340742,66588700
2025-06-09,594.5026245117188,596.0590770966814,593.322896017802,594.5422573867003,53016400
2025-06-10,597.873291015625,598.2598779419187,593.9177485918233,595.0379370041686,66247000
2025-06-11,596.1680908203125,599.8361586452579,594.0961689044454,598.9736747077318,73658200
2025-06-12,598.5374755859375,598.5374755859375,594.3440149953893,594.8297748594797,64129000
2025-06-13,591.8458251953125,596.6539287176514,590.3389286898089,593.332875007361,89506000
2025-06-16,597.4766845703125,599.2314224312138,595.0379014846701,595.2164006808653,79984100
2025-06-17,592.3712158203125,596.5547531382241,591.6078443016146,595.0280706090336,82209400
2025-06-18,592.2819213867188,596.0292547686196,591.3202645518776,593.2732877481382,76605000
2025-06-20,590.8909912109375,596.0414436168163,589.4790454395113,594.9675856083323,94051400
2025-06-23,596.7274780273438,597.1152078061239,588.5145735944315,591.6465733053511,87426000
2025-06-24,603.3196411132812,604.3834856367664,599.9688039561656,600.8836010096178,67735300
2025-06-25,603.65771484375,605.1392079707367,602.086708265907,604.4431877891288,62114800
2025-06-26,608.380615234375,608.8181084243395,604.9005750782753,605.517034479532,78548400
2025-06-27,611.4032592773438,612.8748603878714,607.3465704310272,609.3848675360332,86258400
2025-06-30,614.3264770507812,615.6886593072754,611.5325044540273,613.8591865146053,92502500
2025-07-01,614.127685546875,615.3009489521946,612.0098276707645,612.8450033281383,70030100
2025-07-02,616.9117431640625,616.9514932068568,613.0936150077308,613.7200271324969,66510400
2025-07-03,621.7738647460938,622.7085065821568,618.8804257837007,618.9003311484321,51065800
2025-07-07,617.1403198242188,620.4712515380828,614.3463473867639,619.8050287830624,74814500
2025-07-08,616.8023681640625,618.5622329876766,615.9870371559156,617.8065573856337,59024600
2025-07-09,620.5010986328125,621.1573080723725,617.3690382262929,619.2184771119485,66113300
2025-07-10,622.2510375976562,623.2950374474425,619.4570650879599,620.6402811009391,57529000
2025-07-11,620.0636596679688,621.2965785748338,617.9856123550688,619.1886732139827,63670200
2025-07-14,621.246826171875,621.5948059142781,618.2539819137044,619.6062115300674,51898500
2025-07-15,618.592041015625,624.2793915612978,618.5124802515571,623.9413645164026,74317300
2025-07-16,620.66015625,621.1672575214722,614.5253596449445,620.1829130237127,88987500
2025-07-17,624.4583740234375,624.8163671275224,620.6204015046147,620.8391784397268,68885700
2025-07-18,624.0010375976562,625.8802131347736,622.8874296174818,625.7111996075373,65621600
2025-07-21,625.1842651367188,627.9384270926762,624.7567246264017,625.1842651367188,63375000
2025-07-22,625.2737426757812,626.1387764125508,622.6189860590433,625.5123643014988,60046300
2025-07-23,630.5932006835938,630.5932006835938,626.138708302101,627.9483363497261,70511000
2025-07-24,630.802001953125,632.5221773472229,630.3744614468128,630.9809681636451,71307100
2025-07-25,633.4667358398438,633.9440397736063,631.2196750953526,631.4682494008442,56865400
2025-07-28,633.3076782226562,634.4013808975731,631.9156378299562,633.8445768779104,54917100
2025-07-29,631.6372680664062,635.0277949185313,630.722531607152,634.7096125224674,60556300
2025-07-30,630.841796875,634.0434045947875,627.9384054781906,632.2934318863223,80418900
2025-07-31,628.475341796875,636.200989166749,627.1728149946817,635.8132594113927,103385200
2025-08-01,618.1743774414062,622.7680859762785,615.7582427178595,622.7282752516747,140103600
2025-08-04,627.570556640625,627.6202593639928,622.0124691896333,622.1019219542782,73218000
2025-08-05,624.3887939453125,629.0023475949919,623.464104816374,628.187016594973,68051400
2025-08-06,629.17138671875,629.8275961427472,624.5478806448895,625.462617040701,64357500
2025-08-07,628.6444091796875,633.3474155493337,625.5223013845391,632.6116453260242,74205800
2025-08-08,633.5462646484375,634.0136158764692,630.125879949944,630.4440623273716,64051600
2025-08-11,632.29345703125,635.3062066703783,631.0406328520911,633.824713555593,58742300
2025-08-12,639.0248413085938,639.1839021511607,633.1584638161933,634.6499095494731,64730800
2025-08-13,641.2123413085938,642.5049155421342,639.0149226306152,641.2321859855442,60092800
2025-08-14,641.27197265625,641.9381347685223,638.6768716045066,639.1242567818475,59327500
2025-08-15,639.7705688476562,642.4054806038605,638.8558324502803,642.3060144753327,68592500
2025-08-18,639.6314086914062,640.3274289037191,638.5178006265407,639.1939154739885,43804900
2025-08-19,636.1612548828125,640.4367204754008,634.8388226855677,639.4523760102862,69750700
2025-08-20,634.470947265625,636.0120957287904,629.3404006137462,635.7536294439067,88890300
2025-08-21,631.9255981445312,634.3317804706619,630.195530658508,632.6514763962614,54805800
2025-08-22,641.6299438476562,642.8131599802851,633.6159105915494,634.1230118894028,84083200
2025-08-25,638.8060913085938,641.6100166878209,638.686780499868,640.3671451910226,51274300
2025-08-26,641.4807739257812,641.8288143683822,637.9112808564007,638.5376929659955,51581600
2025-08-27,642.9423828125,643.6781530071313,640.7449642231398,640.8941330732226,48341100
2025-08-28,645.2192993164062,645.7761033013204,641.6597591604225,643.548887361664,61519500
2025-08-29,641.3713989257812,644.1455269630451,639.472317969575,643.777581165663,74522200
2025-09-02,636.6187133789062,636.8374296419402,631.2991867317828,633.8644906037873,81983500
2025-09-03,640.06884765625,640.5361988813526,636.8075845104526,639.0049424066366,70820900
2025-09-04,645.418212890625,645.4480709373178,639.8402199968853,640.7450037735979,65219200
2025-09-05,643.5488891601562,648.4905776412766,639.6612139364762,647.7646994415851,85178900
2025-09-08,645.1298828125,646.1341327155172,643.5389708468488,644.9210585487652,63133100
2025-09-09,646.6212768554688,647.148222783044,643.5289666240282,645.2689866211995,66133900
2025-09-10,648.4905395507812,650.817160801947,646.9195331255914,649.8924717726807,78034500
2025-09-11,653.8796997070312,654.5757199134183,649.8627606991871,650.4493620868353,69934400
2025-09-12,653.6608276367188,655.351144838518,653.1537870945498,653.8497465125743,72780100
2025-09-15,657.1409301757812,657.2701936656516,655.5799369896564,655.8782140097094,63772400
2025-09-16,656.2361450195312,658.0060231465056,655.450672087237,657.6977327581834,61169000
2025-09-17,655.4208374023438,657.9463305061431,650.5686620900484,656.2461210913638,101952200
2025-09-18,658.4832153320312,661.098221592467,656.504573788396,658.1153302554297,90459200
2025-09-19,661.74462890625,662.5921003065068,658.4244226642126,660.3786700487054,97945600
2025-09-22,664.8753662109375,665.3239917254978,660.2190812650523,660.2490220888672,69452200
2025-09-23,661.256103515625,665.3739407705357,660.0296859026699,664.7557113987294,81708900
2025-09-24,659.1522216796875,662.6518901422049,657.7264420940938,662.5522091075384,68082200
2025-09-25,656.1112670898438,657.4672457066506,652.4819765077987,656.0016057727498,89622100
2025-09-26,659.8701782226562,660.4185456623683,655.9417836675868,657.5669862915963,69179200
2025-09-29,661.7246704101562,663.3199930316334,659.9100251593522,662.4026597035332,73499000
2025-09-30,664.21728515625,664.6859320813617,659.6607420426623,660.976860345401,86288000
2025-10-01,666.4806518554688,667.3979243492374,661.1065170498754,661.2161783670498,72545400
2025-10-02,667.248291015625,668.5943501107935,664.8155382515555,668.4747085274895,56896000
2025-10-03,667.2384033203125,670.6981508367895,666.1914481336265,668.0160736487628,70494400
2025-10-06,669.6312866210938,670.5286593813627,667.4876574687494,669.6412668959266,54623300
2025-10-07,667.1486206054688,671.0072138668005,665.7028804529681,670.5585274945992,72020100
2025-10-08,671.1268920898438,671.2266339865188,667.4477610054765,668.2753327277967,60702200
2025-10-09,669.1826171875,671.9544560264949,667.2384109165724,671.5456907353398,66501900
2025-10-10,651.0960693359375,671.9643973425017,650.9166069608107,670.1497521868876,159422600
2025-10-13,661.0865478515625,663.170417127303,657.8262232173948,658.7036354539871,79560500
2025-10-14,660.2789306640625,663.8683609233883,651.2456255038628,655.2338407773344,88779600
2025-10-15,663.2102661132812,668.2553559603689,656.988660072404,664.855429242796,81702600
2025-10-16,658.6936645507812,666.7398963555108,655.1740352792065,664.8554499895176,110563300
2025-10-17,662.4326171875,663.7985760836355,656.2010306703355,657.5570092911896,96500900
2025-10-20,669.3222045898438,670.2295576279439,665.3041094156895,665.3539499346838,60493400
2025-10-21,669.3121948242188,671.0071983826805,668.0060568363804,669.4617772299453,56249000
2025-10-22,665.83251953125,670.0201576878661,661.3457774038759,670.0201576878661,80564000
2025-10-23,669.7808837890625,670.7280970890292,665.8325287543602,666.1515932793667,65604500
2025-10-24,675.2546997070312,676.4710761570719,673.6594379369009,674.4670490970213,74356500
2025-10-27,683.2211303710938,683.5202343374859,680.1103274099472,680.7185156175003,63339800
2025-10-28,685.0357666015625,686.8802917495992,682.8123561492805,685.0257863269245,61738100
2025-10-29,685.3648071289062,687.6679989086465,680.8581046045199,686.6908448301914,85657100
2025-10-30,677.8270874023438,683.919071384824,677.8270874023438,681.8851035842282,76335800
2025-10-31,680.050537109375,683.0616591685175,677.2388379885472,683.0217380676526,87164100
2025-11-03,681.3267822265625,683.7794956694769,677.9367749059246,683.6498738048132,57315000
2025-11-04,673.2506103515625,677.9567360174515,672.5925816080086,674.1180423048241,78427000
2025-11-05,675.583740234375,678.8540450990596,672.1837526501265,672.9913638051393,74402400
2025-11-06,668.3351440429688,675.384321857154,666.7498016918889,674.4769688014325,85035300
2025-11-07,668.9931640625,669.1028862313885,659.2619700189845,665.9421818455136,100592400
2025-11-10,679.432373046875,680.1701831536659,673.0412846911101,675.2447347362015,75842900
2025-11-11,680.9877319335938,681.5560598909952,676.7302928180768,677.9467300747958,58953400
2025-11-12,681.3666381835938,682.9420002443612,678.9438047256676,682.7724572806613,62312500
2025-11-13,670.0599975585938,678.8540191634994,668.5445172010542,678.4950944095032,103457800
2025-11-14,669.9503784179688,673.669369761962,661.3159189526839,663.4196879466924,96846700
2025-11-17,663.7088012695312,671.7251529532939,660.2191128892804,667.7269573864955,90456100
2025-11-18,658.1353149414062,663.1604443809363,653.9277160969795,660.1493223141129,114467500
2025-11-19,660.6777954101562,665.3739409367662,656.8092216159307,658.8332701356088,94703000
2025-11-20,650.6075439453125,673.5696612658603,649.969414909385,670.9274443593279,165293500
2025-11-21,657.08837890625,662.5920743656175,648.9324254696204,653.1200634979649,123956200
2025-11-24,666.759765625,668.0858642133718,659.6408477705503,660.7375826041805,80437900
2025-11-25,673.03125,674.2177464111714,662.5222643995295,666.6600618545837,81077100
2025-11-26,677.6775512695312,679.6916195137131,674.7262499751725,675.6336030547216,71879600
2025-11-28,681.3765869140625,681.6557303234264,678.4950869285864,678.8540116786253,49212000
2025-12-01,678.2658081054688,680.9777652313311,676.7402865806703,676.8100876493213,61201200
2025-12-02,679.5220947265625,681.8053259843603,677.3285642303521,679.91089945233,62953800
2025-12-03,681.8751220703125,682.8920755410956,677.6874840363832,678.5648962284573,57238500
2025-12-04,682.3736572265625,683.3507504660292,679.3326553413237,683.2809493981625,61970300
2025-12-05,683.6697998046875,686.3618571461667,682.5630847287977,683.4504163312143,79241000
2025-12-08,681.6159057617188,684.6170474876437,679.5619773329797,684.5672069678625,55231500
2025-12-09,681.027587890625,683.3707007727439,680.5789623765876,681.1373100558188,58310100
2025-12-10,685.5443115234375,686.9401503769751,679.3027447895911,680.5490620813229,85671300
2025-12-11,687.1395263671875,687.2193077079016,680.1601500103427,683.1214313379483,86173700
2025-12-12,679.7514038085938,686.8504219479569,677.1690077077839,686.1424918468441,113160300
2025-12-15,678.7244262695312,683.7396361862291,677.2488060921288,683.7196756361553,90811000
2025-12-16,676.8699340820312,679.0734449717613,672.9913800472318,677.2288588584025,122030600
2025-12-17,669.4219360351562,678.4352803496147,669.2225131069573,677.8869129385677,110625200
2025-12-18,674.4769287109375,678.7343677454887,672.9116078583543,675.603604329658,108650100
2025-12-19,680.5900268554688,681.0900268554688,676.469970703125,676.5900268554688,103599500
2025-12-22,684.8300170898438,685.3599853515625,680.5900268554688,683.9400024414062,69556700
2025-12-23,687.9600219726562,688.2000122070312,683.8699951171875,683.9199829101562,64840000
2025-12-24,690.3800048828125,690.8300170898438,687.7999877929688,687.9500122070312,39445600
2025-12-26,690.3099975585938,691.6599731445312,689.27001953125,690.6400146484375,41613300
2025-12-29,687.8499755859375,689.2000122070312,686.0700073242188,687.5399780273438,62559500
2025-12-30,687.010009765625,688.5599975585938,686.5800170898438,687.4500122070312,47160700
2025-12-31,681.9199829101562,687.3599853515625,681.7100219726562,687.1400146484375,74144800
2026-01-02,683.1699829101562,686.8699951171875,679.8200073242188,685.7100219726562,89377200
2026-01-05,687.719970703125,689.4299926757812,686.3800048828125,686.5399780273438,71927200
2026-01-06,691.8099975585938,692.3200073242188,687.780029296875,687.9299926757812,69273800
2026-01-07,689.5800170898438,693.9600219726562,689.3200073242188,692.1900024414062,75588300
2026-01-08,689.510009765625,690.6199951171875,687.489990234375,688.8200073242188,64019200
2026-01-09,694.0700073242188,695.3099975585938,689.1799926757812,690.6300048828125,80125500
2026-01-12,695.1599731445312,696.0900268554688,690.6300048828125,690.6799926757812,63976000
2026-01-13,693.77001953125,696.0900268554688,691.3499755859375,695.489990234375,78309700
2026-01-14,690.3599853515625,691.719970703125,686.0399780273438,691.0,94676700
2026-01-15,692.239990234375,695.4500122070312,691.25,694.5700073242188,77862000
2026-01-16,691.6599731445312,694.25,690.0999755859375,693.6599731445312,79289200
2026-01-20,677.5800170898438,684.77001953125,676.5700073242188,681.489990234375,111623300
2026-01-21,685.4000244140625,688.739990234375,678.1300048828125,679.6500244140625,127844500
2026-01-22,688.97998046875,691.1300048828125,686.9199829101562,689.8499755859375,77112200
2026-01-23,689.22998046875,690.9600219726562,687.1599731445312,688.1500244140625,63059600
2026-01-26,692.72998046875,694.1300048828125,689.9199829101562,690.489990234375,60473800
2026-01-27,695.489990234375,696.530029296875,693.5700073242188,694.1799926757812,55506100
2026-01-28,695.4199829101562,697.8400268554688,693.9400024414062,697.0499877929688,61172200
2026-01-29,694.0399780273438,697.0599975585938,684.8300170898438,696.3900146484375,97486200
2026-01-30,691.969970703125,694.2100219726562,687.1199951171875,691.7899780273438,101750300
