Price,Close,High,Low,Open,Volume
Ticker,XLF,XLF,XLF,XLF,XLF
Date,,,,,
2020-01-02,27.785066604614258,27.785066604614258,27.534750074791837,27.615208898479693,28843300
2020-01-03,27.490049362182617,27.60626670678477,27.347011843376094,27.42747066084748,51363600
2020-01-06,27.472171783447266,27.490051901234967,27.230795308738955,27.239735367632807,27956100
2020-01-07,27.293373107910156,27.454289037167616,27.293373107910156,27.40959045211972,39627500
2020-01-08,27.472171783447266,27.624149374358957,27.320194192535578,27.320194192535578,47966600
2020-01-09,27.64202880859375,27.69566745548855,27.561569985680624,27.66884898461207,27705300
2020-01-10,27.43641471862793,27.66885114685881,27.400654481142265,27.659911087487394,33458200
2020-01-13,27.624149322509766,27.650969499140977,27.427473142639858,27.49899190851454,27542700
2020-01-14,27.570512771606445,27.785069085551235,27.534752533377976,27.62415142380714,37575400
2020-01-15,27.418533325195312,27.525812327522914,27.329134440779292,27.436413443106893,41457300
2020-01-16,27.659912109375,27.659912109375,27.490054385326708,27.552633098096596,34444000
2020-01-17,27.74036979675293,27.802948506940307,27.633090789901736,27.74036979675293,38819400
2020-01-21,27.507930755615234,27.731427102270914,27.507930755615234,27.606267988647303,41276500
2020-01-22,27.58839225769043,27.659911027364323,27.5526320202825,27.597332317042415,27391000
2020-01-23,27.516870498657227,27.579449202180754,27.257613921040576,27.44535173675294,43072300
2020-01-24,27.168214797973633,27.525810309419974,26.99835880569257,27.525810309419974,58924900
2020-01-27,26.748044967651367,26.873202386107632,26.59606737160793,26.63182760839083,50289300
2020-01-28,27.06093978881836,27.177157146231703,26.84638348695702,26.89108207708325,34257900
2020-01-29,27.0162410736084,27.248677507171156,26.971542480867953,27.15034026211377,41167500
2020-01-30,27.355953216552734,27.37383333354855,26.75698293832741,26.774863055323227,51210000
2020-01-31,26.783803939819336,27.159277906505682,26.685466697332846,27.123519374276583,58958800
2020-02-03,26.971540451049805,27.23973539759276,26.953660333242436,26.971540451049805,40168200
2020-02-04,27.230796813964844,27.49005342079168,27.221858459718796,27.338075821479183,79273300
2020-02-05,27.776126861572266,27.80294703815369,27.534750387765104,27.59733079978842,51086900
2020-02-06,27.74036979675293,27.95492610531335,27.686729440756352,27.92810592731506,37044400
2020-02-07,27.64202880859375,27.722487631506873,27.525811456131372,27.588390161698946,27982500
2020-02-10,27.722484588623047,27.722484588623047,27.543686845076504,27.552626902767997,17723700
2020-02-11,27.820825576782227,27.94598298344125,27.7940054017231,27.7940054017231,27997400
2020-02-12,27.838703155517578,28.05325943414653,27.802944628316954,27.963862263574097,26964200
2020-02-13,27.829761505126953,27.89234190814548,27.668845584218488,27.749304397243534,22758700
2020-02-14,27.865524291992188,27.88340440878078,27.73142682636132,27.802945588373902,22080200
2020-02-18,27.624149322509766,27.856585737887954,27.46323167300626,27.785066972013272,37768900
2020-02-19,27.829761505126953,27.901280260577924,27.686723994225005,27.72248422452131,25643300
2020-02-20,27.776126861572266,27.963864687358466,27.588390740927945,27.731428272411776,50344300
2020-02-21,27.507930755615234,27.70460692682118,27.355953171683698,27.64202822258028,51128200
2020-02-24,26.613948822021484,26.873203731105384,26.488789692159095,26.640767295808974,70455400
2020-02-25,25.71101951599121,26.676523650020734,25.585862109494983,26.622885005114032,111826900
2020-02-26,25.523284912109375,26.12225525520442,25.523284912109375,25.880880470186767,95015700
2020-02-27,24.4326229095459,25.380247033511804,24.41474279085134,24.977954593736094,143536200
2020-02-28,23.771068572998047,24.003504948864098,23.216796952834137,23.60121089349178,192063500
2020-03-02,24.98689079284668,24.98689079284668,23.565453973925287,23.81576877640995,127115500
2020-03-03,24.048206329345703,25.25508693078317,23.806829868029855,24.90643317897702,256525000
2020-03-04,24.843854904174805,24.852793257585127,23.958807864072828,24.37004203176223,124408000
2020-03-05,23.645912170410156,24.08396476841294,23.377715553884478,24.02138606943278,130265700
2020-03-06,22.841323852539062,23.1005804093645,22.37645279001267,22.573128943191467,160606600
2020-03-09,20.391807556152344,21.348371711034307,20.132552663354783,20.561665268418142,134165700
2020-03-10,21.589752197265625,21.607632318746795,20.418631522524695,21.339437317098174,149282300
2020-03-11,20.418622970581055,21.142750535859356,20.13254796726822,20.928194283374733,146915400
2020-03-12,18.210477828979492,19.855408897698666,18.147897437627396,18.72004907971451,161437500
2020-03-13,20.60636329650879,20.64212353185943,18.684294980100464,19.578280402164044,160945700
2020-03-16,17.7813720703125,19.077651801798158,16.92314675950371,17.298620759268086,110661600
2020-03-17,18.746868133544922,18.943545959428963,17.46847079100549,18.19259829093313,122295100
2020-03-18,17.155580520629883,17.924406814866803,16.34205393274196,17.56681299136802,145056400
2020-03-19,17.53105354309082,17.781368353854386,16.19007549637138,16.79798581704021,105652800
2020-03-20,16.905263900756836,17.80818936595238,16.690707607810644,17.718790484272674,157840900
2020-03-23,15.921653747558594,16.76912617989719,15.768387474897365,16.62487577263962,144547900
2020-03-24,17.896089553833008,17.995260667279613,16.75110005817715,16.868302908468984,158551100
2020-03-25,18.382930755615234,19.140246356495968,17.481364727862047,18.157539248676937,162949600
2020-03-26,19.536937713623047,19.672172286487633,18.59930813184025,18.626355734253522,129753900
2020-03-27,18.94190216064453,19.536935592321264,18.527180900008826,18.74355825661919,109305600
2020-03-30,19.30253028869629,19.410718978583255,18.57226222066216,18.968951790779847,67297200
2020-03-31,18.770605087280273,19.33859266785145,18.608322921402795,19.12221530028095,83819900
2020-04-01,17.625614166259766,17.977226066693007,17.46333373482977,17.7788804511664,79185000
2020-04-02,18.067384719848633,18.21163515229606,17.45431952214667,17.51742887139232,68398300
2020-04-03,17.706754684448242,18.157537658855585,17.454317319324502,17.89608442789163,68418100
2020-04-06,18.97796630859375,19.131232619154215,18.45505802308174,18.590294317976973,69015100
2020-04-07,19.167293548583984,20.032796091404375,19.158277682146185,20.01476607812947,70950900
2020-04-08,20.005752563476562,20.131971269242058,19.239421022184143,19.455796683325374,80003400
2020-04-09,21.078609466552734,21.331048531395446,20.492591989896905,20.52865545041748,147845500
2020-04-13,20.312286376953125,21.03353862325908,20.131972455576136,21.015506887201184,66236300
2020-04-14,20.402433395385742,20.862232161946576,20.023775688782724,20.799122830779456,96169000
2020-04-15,19.518901824951172,19.708231562351894,19.419730743075103,19.59102702977037,63482000
2020-04-16,19.176315307617188,19.509893870316,18.986985493446568,19.473832113084256,68907600
2020-04-17,20.186063766479492,20.303268318610826,19.762328332437377,19.924610500249493,88698600
2020-04-20,19.83444595336914,20.15901016469632,19.609054522080854,19.789368354951545,59063100
2020-04-21,19.1943416595459,19.57299774242284,19.122214726120873,19.230403406657672,71957900
2020-04-22,19.401702880859375,19.645126140515345,19.356623544107787,19.59103093641344,47507800
2020-04-23,19.32056427001953,19.70823801775486,19.293516664502732,19.455798858401344,71740200
2020-04-24,19.60004425048828,19.681185326470114,19.230402335282434,19.527919040682278,33825300
2020-04-27,20.26720428466797,20.375392966723116,19.76232778081239,19.798389528430267,109435100
2020-04-28,20.483579635620117,21.03353546561738,20.438502021843608,20.880269171336213,46452300
2020-04-29,21.078609466552734,21.331048531395446,20.89829732275118,21.11467292707331,70064400
2020-04-30,20.546689987182617,20.880268444559746,20.447517176805302,20.65487694432089,56745700
2020-05-01,19.8885498046875,20.11394135371488,19.753315219191283,20.0598478634366,37534300
2020-05-04,19.708236694335938,19.735282578435502,19.32957884053329,19.6270956028353,50177200
2020-05-05,19.645124435424805,20.086891579642156,19.645124435424805,19.978702900429408,65123000
2020-05-06,19.221389770507812,19.879532637978077,19.203358035059082,19.82543915123282,63738400
2020-05-07,19.672170639038086,19.996734962413107,19.473826730087097,19.473826730087097,61339000
2020-05-08,20.09590721130371,20.122953091090213,19.843468109158596,20.050827878991708,42218300
2020-05-11,19.708236694335938,19.879533025636416,19.600047999134766,19.816423669936135,54994900
2020-05-12,19.1943416595459,19.861500317320715,19.176309926189642,19.78937510349643,62202700
2020-05-13,18.626352310180664,19.059103551635257,18.482101896362465,19.032057673794704,86848300
2020-05-14,19.104183197021484,19.12221320934686,18.112460295900483,18.301788322321453,103763100
2020-05-15,18.97796630859375,19.140248486787293,18.752574776569592,18.92387282239621,70285000
2020-05-18,19.95165252685547,20.104918797997897,19.54594890531409,19.681183445827884,79548500
2020-05-19,19.464813232421875,19.933628041111465,19.455797364608504,19.834455214765335,56673200
2020-05-20,19.89756202697754,20.014766573971837,19.771343332922818,19.78937506624513,50402600
2020-05-21,19.83444595336914,20.023773930243227,19.726257309726694,19.83444595336914,49939900
2020-05-22,19.762327194213867,19.8524841399836,19.56398328920103,19.825436540372465,37584500
2020-05-26,20.79011344909668,21.006489103253703,20.49259670968067,20.510628444093964,108349200
2020-05-27,21.691679000854492,21.727742468793785,21.22286595484926,21.718726601808964,121521200
2020-05-28,21.34908676147461,21.944120284421032,21.285977405950135,21.935104416545972,101590100
2020-05-29,21.105661392211914,21.294991159589028,20.889285743495783,21.096645525231978,86969000
2020-06-01,21.34908676147461,21.448259588499337,21.042554132126334,21.18680457892541,52619200
2020-06-02,21.520383834838867,21.673650142554468,21.367117527123266,21.538413850169434,52572800
2020-06-03,22.32277488708496,22.421947699670625,21.94411708946782,21.998210569241493,77622900
2020-06-04,22.809619903564453,22.809619903564453,22.106399499709884,22.286711674205606,97575100
2020-06-05,23.657089233398438,24.189013256997452,23.575948164062957,24.1439356494113,135859300
2020-06-08,24.10787582397461,24.161969305157285,23.77429735048055,24.04476647599469,80298400
2020-06-09,23.59398078918457,23.80134054330092,23.36858930351013,23.539887314110864,92833100
2020-06-10,22.710447311401367,23.58496568500159,22.692415579261002,23.458746999220278,110848900
2020-06-11,20.85322380065918,21.96215144588095,20.81716204970288,21.63758708926961,233116600
2020-06-12,21.484315872192383,21.691675621738554,20.934360108995513,21.691675621738554,127502900
2020-06-15,21.78183364868164,21.853958857335527,20.6999537992727,20.745033129431764,92469500
2020-06-16,22.124431610107422,22.647339848378216,21.59250750501807,22.647339848378216,108121300
2020-06-17,21.790851593017578,22.187541138248566,21.75478812545077,22.187541138248566,56320900
2020-06-18,21.76380157470703,21.971163050979833,21.511364208184542,21.574473549815163,61206500
2020-06-19,21.619552612304688,22.18754016434512,21.37612937571593,22.17852429784916,99903900
2020-06-22,21.512489318847656,21.666733307320513,21.34917368155596,21.48527091125079,47929500
2020-06-23,21.612293243408203,21.97521974062416,21.594146485904893,21.839122520489433,47218900
2020-06-24,20.850147247314453,21.340099328546483,20.786635325059212,21.331025949571433,90217500
2020-06-25,21.403608322143555,21.448973480241385,20.741267322724088,20.77755910308838,110208900
2020-06-26,20.487218856811523,21.10419472580649,20.432780318538416,21.04068280939288,123959100
2020-06-29,20.714052200317383,20.850149438103067,20.532588062889623,20.704978820388966,69107100
2020-06-30,20.995319366455078,21.140489979402634,20.58702766650391,20.605172695194693,60653100
2020-07-01,20.813852310180664,21.18585213897591,20.750340397542914,21.08604671593383,60500300
2020-07-02,20.841073989868164,21.34917283201312,20.795708825298483,21.276587530359567,50841900
2020-07-06,21.24029541015625,21.46712470905204,21.12234493618133,21.30380733695584,60271700
2020-07-07,20.80478286743164,21.076977324665513,20.750344322098897,21.067903945348363,43810900
2020-07-08,21.022539138793945,21.076977685057525,20.72312453848898,20.79570984369715,53046100
2020-07-09,20.57795524597168,21.05883227480936,20.40556448609783,21.0134671051127,71163700
2020-07-10,21.285654067993164,21.3128741985413,20.56887460258903,20.56887460258903,94440600
2020-07-13,21.37639045715332,21.69395178924354,21.24936661654525,21.55785456993917,102487100
2020-07-14,21.485271453857422,21.548783380614314,21.095124783127698,21.285660563398373,102468300
2020-07-15,21.911710739135742,22.01151618813055,21.675808051874558,22.002442808170088,90561800
2020-07-16,21.911710739135742,22.138540046436464,21.639516262602985,21.72117495167687,74678500
2020-07-17,21.73024559020996,21.97521989595605,21.72117221139417,21.95707486889453,47033200
2020-07-20,21.63043975830078,21.757463598259132,21.548781081021833,21.61229300100101,40127600
2020-07-21,22.056880950927734,22.16575977787673,21.748392960237535,21.775613099617345,46491300
2020-07-22,22.056880950927734,22.075027710514274,21.87541854677307,21.948003854548986,44437400
2020-07-23,22.075029373168945,22.20205323870146,21.938932127159767,22.011517440402685,49916100
2020-07-24,22.020586013793945,22.21112177049884,21.94800071639637,22.093171311191522,41245600
2020-07-27,21.839122772216797,21.938928209065352,21.648587007945988,21.920781451352877,43060200
2020-07-28,21.784685134887695,21.884490575883557,21.684879693891837,21.757464997187878,35370500
2020-07-29,22.192977905273438,22.220198044308088,21.712100896319495,21.74839268446214,36491600
2020-07-30,21.79376220703125,21.839127380314515,21.51249259484963,21.775615445489773,53994600
2020-07-31,21.80283546447754,21.830053876065367,21.512492473167462,21.784688703038704,50115900
2020-08-03,21.866342544555664,22.038733278812533,21.73931697325427,21.893560950100934,42982100
2020-08-04,21.775606155395508,21.81189966299462,21.65765571683778,21.775606155395508,30754400
2020-08-05,22.075029373168945,22.129467925458542,21.893565224776456,21.92078536620644,34860700
2020-08-06,22.065950393676758,22.156682444850645,21.911706425852127,22.00243847702602,33115400
2020-08-07,22.53775405883789,22.555900813885106,21.911704854267445,21.957071741885485,63302800
2020-08-10,22.701072692871094,22.782731364689113,22.564975483364368,22.66477918069868,45436100
2020-08-11,22.964195251464844,23.336195122966696,22.90975671017848,23.127512605893955,73758600
2020-08-12,22.90068244934082,23.381561115460702,22.737365101203128,23.3724877371675,58793600
2020-08-13,22.755510330200195,22.918827667374313,22.61941312607838,22.728290197147896,35222500
2020-08-14,22.846248626708984,22.95512572756491,22.619419314260437,22.646637724189258,28276900
2020-08-17,22.465173721313477,22.782735082361917,22.456100341789785,22.764588323314534,53397000
2020-08-18,22.320005416870117,22.53776135623344,22.30185865594725,22.483322804035204,35502500
2020-08-19,22.31092643737793,22.628487751553177,22.247414520656868,22.401658488652277,59847200
2020-08-20,22.102245330810547,22.22926917229841,22.038733410066616,22.05687843701485,45586100
2020-08-21,22.056880950927734,22.256491845239182,21.98429564315182,22.065954330721006,35349200
2020-08-24,22.583120346069336,22.583120346069336,22.129461830604253,22.18390209847039,51010900
2020-08-25,22.64663314819336,22.837170632046558,22.501462556005194,22.773658714285478,55236900
2020-08-26,22.53775405883789,22.64663112798156,22.456095391695232,22.592192593409724,30646600
2020-08-27,22.918832778930664,23.02770987428289,22.519612724641966,22.519612724641966,66463900
2020-08-28,23.009563446044922,23.0912221278779,22.81902594491127,23.082148748722,49170600
2020-08-31,22.73736572265625,22.991415130099618,22.73736572265625,22.991415130099618,52259000
2020-09-01,22.800880432128906,22.882539118422603,22.546832724166496,22.619418030808642,42036100
2020-09-02,23.12751007080078,23.209168739064424,22.728290107130736,22.791803750667885,48432500
2020-09-03,22.77366065979004,23.59931912235818,22.628490055200263,23.263611017638006,98405500
2020-09-04,22.94605255126953,23.308979080926086,22.58312429104278,23.181953497618643,111105500
2020-09-08,22.356290817260742,22.77365754632428,22.27463214702157,22.719219009688125,84687600
2020-09-09,22.583120346069336,22.746437688527948,22.41980300361072,22.564975320683853,52321200
2020-09-10,22.26556396484375,22.809952877066607,22.22019706844508,22.655708890451425,55515300
2020-09-11,22.419801712036133,22.537753888381133,22.22926597719086,22.301851266260936,69285700
2020-09-14,22.728296279907227,22.92790718123948,22.55590724948249,22.619419179699005,51021000
2020-09-15,22.419801712036133,22.791803265411296,22.401656687695965,22.77365651050133,48459900
2020-09-16,22.673856735229492,22.927906175522146,22.419807294936838,22.465174193508865,62119900
2020-09-17,22.437950134277344,22.574047345075698,22.30185292347899,22.365364839813562,47334200
2020-09-18,22.39258575439453,22.61941502381819,22.347218862167807,22.437950916051268,61707200
2020-09-21,21.83152198791504,22.050475611544016,21.493967397264914,21.922753099449295,72307300
2020-09-22,21.64905548095703,21.986610004812267,21.466595034082303,21.776779707866556,84561500
2020-09-23,21.165538787841797,21.84976954512002,21.165538787841797,21.694677170533403,54282500
2020-09-24,21.21114730834961,21.512208684412975,20.92833249812967,21.174654176662756,56512300
2020-09-25,21.43010139465332,21.5030859196976,21.0104408106708,21.056055486290347,46026600
2020-09-28,21.940994262695312,22.096086604356405,21.73116395929749,21.73116395929749,62803500
2020-09-29,21.66730499267578,21.913628456529572,21.548705773091704,21.87713531814148,53250800
2020-09-30,21.95924186706543,22.141704068256463,21.749411553757703,21.758534837826105,66732200
2020-10-01,21.9957332611084,22.19644027445019,21.82239435771554,22.05047122109464,65766100
2020-10-02,22.169071197509766,22.296795428716255,21.649056209285202,21.70379591126874,63368100
2020-10-05,22.53399658203125,22.606981114487617,22.324164528641752,22.37890423305041,58911700
2020-10-06,22.305919647216797,22.880672621424246,22.223811830888803,22.725580272814536,88404900
2020-10-07,22.679960250854492,22.789436153447923,22.515744656876247,22.515744656876247,53815200
2020-10-08,22.990154266357422,23.044892240014274,22.75295406039265,22.807692034049502,57646300
2020-10-09,23.017518997192383,23.145243237054817,22.83505853181378,23.117873384208178,52031600
2020-10-12,23.27296257019043,23.345947094428936,22.9992692992298,22.9992692992298,45931400
2020-10-13,22.8259334564209,23.27296391064034,22.752948927978714,23.19997938219815,60377800
2020-10-14,22.606985092163086,22.92629139028597,22.57961523514306,22.84418529940353,48982200
2020-10-15,22.780315399169922,22.789438682079677,22.360654825850954,22.397146217401684,41637200
2020-10-16,22.798566818237305,22.94453589568998,22.689090880192126,22.825936672792928,40103600
2020-10-19,22.451885223388672,22.889792349040516,22.415392092873567,22.880669066411738,42989000
2020-10-20,22.63434600830078,22.898915988392098,22.588731334534543,22.597854617305444,67293900
2020-10-21,22.515748977661133,22.74382584860164,22.515748977661133,22.59785679040679,44307200
2020-10-22,22.962779998779297,22.990149850394907,22.497502961844734,22.506626245716607,39511800
2020-10-23,23.035764694213867,23.18173375702953,22.85330249565005,23.1087492256217,45092700
2020-10-26,22.515748977661133,22.74382584860164,22.30591867401709,22.707332714008714,54015100
2020-10-27,22.105209350585938,22.50662512043599,22.086962783754483,22.50662512043599,46083300
2020-10-28,21.53957748413086,21.831515563054182,21.41185326953575,21.639930111205622,89288300
2020-10-29,21.703792572021484,21.858883150181338,21.21114577049666,21.484837277951673,60908400
2020-10-30,21.767656326293945,21.80414771946889,21.411855237330098,21.576070856838278,66221600
2020-11-02,22.178192138671875,22.278546508286976,21.858884204514208,22.1325774652586,65136000
2020-11-03,22.67083740234375,22.898914233876205,22.561359757569395,22.588729603785016,79834200
2020-11-04,22.406274795532227,22.80769063798561,22.06872194853971,22.269428999722052,87397400
2020-11-05,22.953657150268555,23.11787278289995,22.597857772959536,22.597857772959536,65942300
2020-11-06,22.771190643310547,23.09049856414443,22.69820612484179,23.063130457273758,60783500
2020-11-09,24.641427993774414,25.03372053237128,24.322119992119617,24.614058139887906,162966800
2020-11-10,24.76915168762207,24.860382798202018,24.440722125658432,24.66879903206396,85851200
2020-11-11,24.668798446655273,24.92424346211079,24.522827629138128,24.905996892410066,65062400
2020-11-12,24.258255004882812,24.422470622741162,24.039301427767796,24.367730923396145,62733800
2020-11-13,24.659677505493164,24.760030168207486,24.42247729710589,24.48633855703923,45031800
2020-11-16,25.207054138183594,25.29828523141959,24.960732448561288,25.280038664754716,67556100
2020-11-17,25.170564651489258,25.21617933151816,24.75090228685165,24.924241203120783,63679700
2020-11-18,24.93336296081543,25.489871071560863,24.924239677350442,25.28916231550794,71578400
2020-11-19,25.015470504760742,25.042840354863408,24.65054787050041,24.8056402075721,47194800
2020-11-20,24.796518325805664,24.988102067088295,24.741780362594696,24.887749424549597,39974700
2020-11-23,25.26179313659668,25.334777661140844,24.98809986448982,25.11582408750835,51870500
2020-11-24,26.146730422973633,26.17410027190596,25.63583875685498,25.699699997608775,60983200
2020-11-25,26.05550765991211,26.0737542316981,25.74532289990575,26.000769684643007,45204600
2020-11-27,25.9733943939209,26.08287206164773,25.873041750267173,26.0555022096939,26981200
2020-11-30,25.435131072998047,25.89128480037676,25.389516396295527,25.8183002735997,72524200
2020-12-01,25.827421188354492,26.064621313648672,25.80917636339972,25.909528990959718,53972100
2020-12-02,26.110244750976562,26.155859435768026,25.745320312290136,25.79093673717028,57471800
2020-12-03,26.119361877441406,26.27445421562069,25.964269539262123,26.128485160874117,49566000
2020-12-04,26.438669204711914,26.48428562078413,26.274453587028628,26.292700153457517,52713100
2020-12-07,26.256208419799805,26.329192944479434,26.10111608734455,26.28357652899946,34631600
2020-12-08,26.24708366394043,26.310944901940715,26.009883537019206,26.009883537019206,31628500
2020-12-09,26.183229446411133,26.41130635190221,26.082875051166674,26.393059781841636,47589600
2020-12-10,26.22884178161621,26.25621163425499,25.900410510305033,25.982518328132826,41298300
2020-12-11,25.964271545410156,26.028134534373542,25.754441230510317,25.9369034330858,48216300
2020-12-14,25.663206100463867,26.31094525184132,25.644961275141316,26.31094525184132,38302900
2020-12-15,26.10112190246582,26.174106443405822,25.717952627508627,25.863921709388634,38604200
2020-12-16,26.146730422973633,26.16497698892852,26.019007941466047,26.146730422973633,55602800
2020-12-17,26.219717025756836,26.26533344426113,26.07374796671997,26.19234717465426,38510900
2020-12-18,25.991636276245117,26.25620624383796,25.836543956643013,26.25620624383796,56080100
2020-12-21,26.342012405395508,26.47042173653896,25.89258411994866,26.296153054615623,77688100
2020-12-22,26.085189819335938,26.39703821428366,26.066845384475105,26.360349344562,42317900
2020-12-23,26.516277313232422,26.663029314147224,26.231945530137722,26.24111774887263,52681400
2020-12-24,26.552967071533203,26.58048197923144,26.3328373134159,26.571309760191394,16071000
2020-12-28,26.68137550354004,26.892331300028886,26.58965505959038,26.736407070141052,32824800
2020-12-29,26.589656829833984,26.800612640367508,26.56214016999054,26.791440420419693,23607000
2020-12-30,26.708890914916992,26.79143738625468,26.617170475248376,26.681374258189845,16616700
2020-12-31,27.039087295532227,27.075776178287988,26.598831198996375,26.672207215085685,26239300
2021-01-04,26.672199249267578,27.14914408611665,26.44289904879264,27.13997186816705,47086300
2021-01-05,26.791439056396484,26.91067616022533,26.52545168914027,26.663031482508792,35265400
2021-01-06,27.97463035583496,28.194758384769898,27.305074049146764,27.305074049146764,102254900
2021-01-07,28.37819480895996,28.671698801260586,28.32316149833725,28.387367027397076,64342700
2021-01-08,28.35985565185547,28.524952115616117,27.98380337303271,28.5157798954714,54266400
2021-01-11,28.45157241821289,28.49743176357365,27.965455310048142,28.08469240706114,56590400
2021-01-12,28.74507713317871,28.882656922062154,28.534121340262637,28.61666956347709,60546600
2021-01-13,28.72673797607422,28.800113993596643,28.515782144375027,28.699223062892216,55394700
2021-01-14,28.855144500732422,29.001898279764497,28.69922200001633,28.80928514751265,49828800
2021-01-15,28.37819480895996,28.607495021622547,28.16723728374982,28.43322637016088,68732700
2021-01-19,28.45157241821289,28.598324422673592,28.277303756882603,28.52494842044324,97457200
2021-01-20,28.33233642578125,28.543293971162175,28.231445512169806,28.543293971162175,56113100
2021-01-21,28.0296630859375,28.36902823798157,28.0296630859375,28.313996665825446,43713800
2021-01-22,27.8278751373291,27.937938264432194,27.699467572568206,27.74532691729085,37928000
2021-01-25,27.62609100341797,27.662778128557495,27.27755369277244,27.552715003717093,68321500
2021-01-26,27.40596580505371,27.7728476138926,27.38762311414946,27.736158733239865,55504600
2021-01-27,26.59882926940918,27.057429774054167,26.543797698689968,27.029913113983515,84059200
2021-01-28,27.094118118286133,27.405964845808754,26.85564565065655,26.93819387981379,62985900
2021-01-29,26.552967071533203,27.094115748942603,26.433729973434506,27.020737996622234,78260700
2021-02-01,26.901504516601562,26.93819339531026,26.617172704297236,26.846472947960535,41947400
2021-02-02,27.552717208862305,27.690297000634736,27.20417987032205,27.213352089696475,54263000
2021-02-03,27.708641052246094,27.717813272071467,27.46099811464924,27.516029684179426,46195200
2021-02-04,28.323162078857422,28.332334297482536,27.791185644553536,27.800357863178654,63061800
2021-02-05,28.33233642578125,28.552464441054344,28.268132640004346,28.524949532533928,38461900
2021-02-08,28.69921875,28.69921875,28.424057413575213,28.424057413575213,48756300
2021-02-09,28.708391189575195,28.800111641342507,28.5066075952248,28.607500267111053,33572000
2021-02-10,28.708391189575195,28.891832093109816,28.570811386635285,28.855143212634047,38899600
2021-02-11,28.616668701171875,28.836796706636658,28.424055603001513,28.726731829193326,31909500
2021-02-12,28.910175323486328,28.93769023326957,28.561637971240902,28.589154630446185,38271800
2021-02-16,29.40546226501465,29.543040301416884,29.075269379499233,29.2036769463455,71330600
2021-02-17,29.55221176147461,29.588897135428475,29.21284668578607,29.313737587135304,60460900
2021-02-18,29.377946853637695,29.53387284273554,29.139476133589632,29.34125972340802,45188200
2021-02-19,29.726484298706055,29.827376968618392,29.53387292824295,29.570561808000917,54361800
2021-02-22,30.00164222717285,30.1117088603126,29.616419507715595,29.62558997772193,65930200
2021-02-23,30.18507194519043,30.221760809324877,29.873223597732956,30.212586843869936,94331400
2021-02-24,30.772090911865234,30.854639136619202,30.212597777293222,30.230942215998986,66000600
2021-02-25,30.212596893310547,31.03807911669765,30.130048670971835,31.01973467852862,92189400
2021-02-26,29.634765625,30.258462586073826,29.524698985626394,30.16674038659582,103105700
2021-03-01,30.56113624572754,30.744577140728254,30.139224636416735,30.139224636416735,67590700
2021-03-02,30.45107650756836,30.6987212186377,30.42355809599769,30.5244507744531,49987000
2021-03-03,30.689544677734375,31.14814517859297,30.533622186887648,30.570311066678933,72541700
2021-03-04,30.341007232666016,30.900496838602958,29.900747724858068,30.60699283262682,101311800
2021-03-05,30.91884422302246,31.001392451248165,30.065847030971568,30.854640434274035,109299800
2021-03-08,31.313236236572266,31.716806846963078,31.019732246566335,31.148139804838486,90538200
2021-03-09,31.028905868530273,31.487506285158787,30.74457235063693,31.065591242739487,117224600
2021-03-10,31.661771774291992,31.781008856983078,31.12062316680888,31.175656473937845,73269300
2021-03-11,31.57005500793457,31.81769968420469,31.313239861659167,31.496680751360437,50904800
2021-03-12,31.891077041625977,32.05617349041234,31.790184378607208,31.936936388767986,68126000
2021-03-15,31.7076416015625,32.019490114084974,31.414137530817168,32.010319642618654,57836400
2021-03-16,31.377439498901367,31.579224800773236,31.12979485537957,31.5425359279159,67373600
2021-03-17,31.58839988708496,31.77184077934313,31.258210479633068,31.60674432619518,64051100
2021-03-18,31.75349998474121,32.36802651951176,31.643436836291414,31.90942598565246,96690500
2021-03-19,31.386619567871094,31.533371588984497,31.056426645654895,31.505853179570366,98510500
2021-03-22,30.982179641723633,31.221707279203418,30.87162518040874,31.15721893394535,68170600
2021-03-23,30.5491886138916,31.009821737451094,30.438637648255835,30.797930922335947,70441900
2021-03-24,30.659732818603516,31.138791583188077,30.659732818603516,30.770287274212226,63357100
2021-03-25,31.175647735595703,31.221710341819687,30.401784002237417,30.641311663213074,60532600
2021-03-26,31.66391944885254,31.719196688007315,31.276989317824434,31.498091245739985,53779900
2021-03-29,31.387540817260742,31.59022051660091,31.06509903590306,31.22171261131912,71777800
2021-03-30,31.608644485473633,31.756046936425335,31.51651575715904,31.55336724848488,55011400
2021-03-31,31.36910629272461,31.673125756662838,31.350680551181302,31.544149080210566,51138300
2021-04-01,31.75604820251465,31.75604820251465,31.323051948051948,31.323051948051948,51690100
2021-04-05,32.00479507446289,32.161408669663174,31.903455211991044,32.09692030524514,51790700
2021-04-06,31.940290451049805,32.08769638444794,31.829739515352085,31.93107933738786,41336800
2021-04-07,32.09691619873047,32.17061567105662,31.875810753048338,32.032427842563145,38660800
2021-04-08,32.10612869262695,32.142980187547316,31.75605003393944,31.97715197475766,39927400
2021-04-09,32.382503509521484,32.40092573814642,32.142972365183766,32.32722628059329,40133700
2021-04-12,32.52069091796875,32.52990554652118,32.3732884902897,32.44699146130477,44435500
2021-04-13,32.216678619384766,32.37329217911071,32.04163580045402,32.336440689404085,39950900
2021-04-14,32.41014099121094,32.640457511322246,32.08769926879559,32.13376186994761,44065300
2021-04-15,32.382503509521484,32.52069131031528,32.078484021943105,32.483839824363145,55483500
2021-04-16,32.61282730102539,32.7325893855617,32.46542483868293,32.668101027933865,39115700
2021-04-19,32.52069091796875,32.695733716953995,32.410139975797236,32.60360500318516,31172300
2021-04-20,31.91265869140625,32.345654904025274,31.802107738056172,32.327229159408354,50227700
2021-04-21,32.354862213134766,32.382502583984426,31.709975284808774,31.802103997055934,39680000
2021-04-22,31.995569229125977,32.364077051806774,31.94029200141854,32.31801445255944,43611200
2021-04-23,32.594398498535156,32.73258631720452,31.940296838501133,31.995574074579828,50437700
2021-04-26,32.72337341308594,33.02738940902271,32.68652192438106,32.71415878373402,43749700
2021-04-27,32.981327056884766,33.027389660941516,32.695736803122074,32.76943626674259,50852400
2021-04-28,33.11030960083008,33.20243833956372,33.00897325975113,33.11030960083008,35771700
2021-04-29,33.699920654296875,33.727557516829016,33.34062386962001,33.368264246503955,48573000
2021-04-30,33.40510940551758,33.63542594545024,33.349835685118705,33.51566387501833,43940900
2021-05-03,33.57093811035156,33.7551920479942,33.44196140830718,33.69070369697201,33317300
2021-05-04,33.83810806274414,33.83810806274414,33.20243563190528,33.42353755813108,66939700
2021-05-05,34.114479064941406,34.243455743437444,33.93943978903262,33.93943978903262,38954200
2021-05-06,34.621185302734375,34.63039641837172,34.04999773137341,34.252677418911276,43332900
2021-05-07,34.80543899536133,34.81465362621472,34.142129662347585,34.2250437682683,64616700
2021-05-10,34.77780532836914,35.247649628874484,34.750168461972436,34.98969617089918,56341100
2021-05-11,34.160560607910156,34.74095592332186,34.0315803567995,34.42772519932955,82723700
2021-05-12,33.81047439575195,34.55669786022422,33.67228304303749,34.4277211386785,97911900
2021-05-13,34.35402297973633,34.56591381817354,33.66307321834671,33.68149896703937,66882600
2021-05-14,34.89756393432617,34.989689146722576,34.510630310687816,34.54748180138701,44850200
2021-05-17,34.9620475769043,34.998899062640035,34.64881697685274,34.7870047768351,40376700
2021-05-18,34.473785400390625,35.05418418945966,34.45536316587615,34.934418579002056,40299200
2021-05-19,34.261878967285156,34.280304707766284,33.70912081025395,34.07762859117519,63573900
2021-05-20,34.28030776977539,34.519838903074955,34.04078015082679,34.31715925402932,59216100
2021-05-21,34.621185302734375,34.80543573029429,34.40007986957019,34.41850561519651,44950300
2021-05-24,34.78701400756836,34.86992811529947,34.593548927646445,34.76859177416326,29159600
2021-05-25,34.43693161010742,35.10024088569832,34.390869002884,34.83307635806182,38755900
2021-05-26,34.53826904296875,34.694882599463135,34.289526764108764,34.56590590250272,38601900
2021-05-27,34.93441390991211,35.026542641932465,34.64882362652847,34.85150332262147,39789500
2021-05-28,34.9989013671875,35.09102657324184,34.74094446440294,35.09102657324184,39265000
2021-06-01,35.21079635620117,35.450324029149044,35.11866762479679,35.348984181780104,35710700
2021-06-02,35.26606750488281,35.358196229558175,35.0726024545918,35.32134473968803,37537500
2021-06-03,35.34897994995117,35.56087073528695,35.04496395859161,35.15551490869042,54877500
2021-06-04,35.44110870361328,35.4687455625761,35.12787808274635,35.395042586206785,27250900
2021-06-07,35.21079635620117,35.49638663767535,35.14630800139399,35.49638663767535,37401800
2021-06-08,35.11866760253906,35.22922208015425,34.759374336169095,35.01732775523435,47747700
2021-06-09,34.78701400756836,35.02654521405915,34.694888783134694,34.98048260184232,40776200
2021-06-10,34.38166427612305,35.173954000242986,34.354027406698805,35.08182875926039,53775500
2021-06-11,34.60276794433594,34.6211936944284,34.43693970785626,34.44615082572625,40416700
2021-06-14,34.24346923828125,34.593551442411936,34.04079302692331,34.53827770947446,50613400
2021-06-15,34.307952880859375,34.48299218372624,34.086847459134134,34.2526756468402,51315100
2021-06-16,34.27111053466797,34.50142713299994,33.84732883718171,34.19740753631259,84961100
2021-06-17,33.25770950317383,34.46456952985509,33.15637316991129,34.44614378352961,97659900
2021-06-18,32.456214904785156,32.92606273761158,32.410152287578285,32.815508239092175,180960000
2021-06-21,33.21371841430664,33.23221714934263,32.72351428480812,32.779006961643155,89831400
2021-06-22,33.26921081542969,33.39869841760315,32.954739412320194,33.28770954835055,42576400
2021-06-23,33.333946228027344,33.491180125877904,33.250703714967734,33.29694877149604,48094900
2021-06-24,33.750179290771484,33.83342185438667,33.37096395169647,33.528197945039715,42942800
2021-06-25,34.15713119506836,34.24962133781504,33.731670893197155,33.925902309928865,56845000
2021-06-28,33.90739822387695,34.120128341235834,33.71316683780218,34.09238200844579,70250700
2021-06-29,33.78716278076172,34.26811927404496,33.694672640168776,34.08313546458638,61051200
2021-06-30,33.935150146484375,34.009145083809294,33.676174922392796,33.685422525422005,42414100
2021-07-01,34.20337677001953,34.221875504495785,33.92590280942143,34.101635494536566,36615600
2021-07-02,34.16637420654297,34.240369133414646,34.027639011067045,34.20337166997881,27018400
2021-07-06,33.62992477416992,34.101630079456186,33.40794352397668,34.08313134791739,49225300
2021-07-07,33.67617416381836,33.750169099476494,33.35245514099583,33.426446548381236,43747100
2021-07-08,33.0009880065918,33.33395817819951,32.843750524100194,33.139726754185986,75084200
2021-07-09,33.953643798828125,33.999888863598095,33.38019723348148,33.48193849293879,70546500
2021-07-12,34.28661346435547,34.3513572598456,33.602178046810614,33.75016436911265,62953400
2021-07-13,33.916648864746094,34.23112026821209,33.78716126242584,34.175627597659144,44476200
2021-07-14,33.75941467285156,34.15712860742367,33.38944707334692,33.93514734206639,69632700
2021-07-15,33.870399475097656,34.08312958437822,33.4264405259549,33.4264405259549,53977600
2021-07-16,33.4079475402832,34.04614150614234,33.333956133505055,34.04614150614234,56160700
2021-07-19,32.47378158569336,32.93623930459353,32.27955019054067,32.760503113317135,89972200
2021-07-20,33.2784538269043,33.50043506305916,32.372037208460064,32.43678100061522,70635800
2021-07-21,33.85190200805664,34.018387061233334,33.518935429975485,33.546681762747525,59975000
2021-07-22,33.481937408447266,33.814907509241685,33.343198690358875,33.73166498404308,35292300
2021-07-23,33.53742980957031,33.89814976811162,33.44493968375283,33.80565611402201,36766900
2021-07-26,33.73167419433594,33.796418006249304,33.45419668239507,33.47269541840934,25396000
2021-07-27,33.722415924072266,33.870402252588576,33.3154544027205,33.47268833314992,38988400
2021-07-28,33.67617416381836,33.88890431142641,33.44494528229578,33.842659240776435,42908200
2021-07-29,34.04613494873047,34.19412126205676,33.75016232207789,33.89814863540418,41434200
2021-07-30,33.77791213989258,34.20337239358886,33.69466960953701,33.953644802522156,52385300
2021-08-02,33.78716278076172,34.397606882184164,33.74091771046525,34.00914405776656,47589900
2021-08-03,34.16637420654297,34.21262279997392,33.40794384746985,33.907399019036724,42169600
2021-08-04,33.87965393066406,34.240370391738935,33.69467013495908,33.84265646586858,52346400
2021-08-05,34.32361602783203,34.32361602783203,34.08313601318333,34.09238714435515,37168200
2021-08-06,35.017303466796875,35.082047273366506,34.63808823048637,34.64733583359367,58081000
2021-08-09,35.10979461669922,35.276279703582425,34.776824442932806,34.97105939647851,48015600
2021-08-10,35.47975158691406,35.581492834765584,35.04504026546551,35.08203772437004,40907400
2021-08-11,35.88671875,35.89596988033144,35.41501342299699,35.58149848623862,48372100
2021-08-12,35.95146560668945,35.99771067746224,35.701737990589145,35.92371926988033,44566400
2021-08-13,35.683231353759766,36.02544900177607,35.599988841726436,35.97920394581791,43077200
2021-08-16,35.590736389160156,35.627733843858564,35.13752991805479,35.45200122644833,48011800
2021-08-17,35.34101867675781,35.60924500540207,34.98955334433339,35.350269807137245,52414800
2021-08-18,34.90631866455078,35.45201904670304,34.878568795442526,35.20229139436829,39550400
2021-08-19,34.647335052490234,34.90631380120309,34.42535730019094,34.52709857344177,48961300
2021-08-20,34.86006546020508,34.91556166282751,34.51784769804871,34.64733530922827,33898600
2021-08-23,35.14678955078125,35.29477589196942,35.035800676958296,35.035800676958296,28807400
2021-08-24,35.35951614379883,35.442758672872365,35.183783483875736,35.21152981747613,37677300
2021-08-25,35.775726318359375,35.99770402837663,35.3780124322837,35.452007354470844,47904800
2021-08-26,35.60000228881836,35.979217536149775,35.563004818768235,35.93296893445065,38484300
2021-08-27,36.07169723510742,36.080944835804985,35.63698590861168,35.64623703758116,38511100
2021-08-30,35.5629997253418,36.108699981469194,35.54450099296617,36.090201249093575,30096500
2021-08-31,35.516761779785156,35.78498463233033,35.387270627192315,35.5352569875967,49876200
2021-09-01,35.313262939453125,35.562990469117096,35.193022974443466,35.544491741556264,43976200
2021-09-02,35.43351364135742,35.56300124524846,35.29477490674698,35.39651617502496,29611500
2021-09-03,35.21152877807617,35.44275762664682,35.12828625145985,35.36876622980577,34847500
2021-09-07,34.998809814453125,35.33178002703172,34.998809814453125,35.33178002703172,39214900
2021-09-08,34.91556167602539,35.08204675568283,34.73057786215348,34.91556167602539,32523900
2021-09-09,35.017303466796875,35.35027363102518,34.84156725330258,34.86931711917016,33421000
2021-09-10,34.758323669433594,35.24852771992894,34.749072539270074,35.2115302558196,39350500
2021-09-13,35.15604019165039,35.21153639749416,34.90631608603589,35.00805383767332,40357300
2021-09-14,34.684329986572266,35.40576292124577,34.57334111853154,35.276275320486164,45670600
2021-09-15,35.017303466796875,35.10054600785395,34.62883709910623,34.66583456808112,36371300
2021-09-16,34.91556167602539,35.32252324392537,34.75832772761158,35.14679056129708,42630200
2021-09-17,34.758323669433594,35.09129026160046,34.66583000916026,34.869312533489214,82987200
2021-09-20,33.952022552490234,34.082070775031895,33.468983766229584,33.98918019994451,95008800
2021-09-21,33.905574798583984,34.295719437829014,33.82197186966747,34.165671224747335,45837600
2021-09-22,34.47221755981445,34.71373517117712,34.25856641111529,34.332878159400664,58347800
2021-09-23,35.317535400390625,35.48474126766011,34.750893688371605,34.80663015864418,71805000
2021-09-24,35.503318786621094,35.62407581911913,35.24321881178724,35.28966764041522,48066100
2021-09-27,35.986351013183594,36.08852920438747,35.75412108640234,35.819145182417294,58794500
2021-09-28,35.391845703125,36.153559714623995,35.33611277867997,35.977066214634554,96152700
2021-09-29,35.41971206665039,35.57762672773693,35.252506223413036,35.50331498826907,49882500
2021-09-30,34.86236572265625,35.63337100711858,34.85307808201568,35.6240798229295,73319300
2021-10-01,35.43829345703125,35.67981105724888,34.82520650188866,34.955254713048,70444000
2021-10-04,35.13174819946289,35.84701690421982,35.0760117331728,35.38255698244633,69772700
2021-10-05,35.819149017333984,35.99564250490663,35.261795007258335,35.39184321321164,56058400
2021-10-06,35.85629653930664,35.88416653800427,35.233922083965616,35.4940184481622,63405900
2021-10-07,36.0699577331543,36.450814711505686,36.02350890806074,36.227872399119285,53295600
2021-10-08,36.24645233154297,36.37650054127659,35.93990708555834,36.10711293908669,38607500
2021-10-11,35.88417053222656,36.599439156930025,35.86559171220922,36.33005158199997,50748300
2021-10-12,35.77269744873047,36.01421856430516,35.67980689261563,35.83772509026794,58527700
2021-10-13,35.568336486816406,35.8005664139277,35.057431355881064,35.763408775138494,72105100
2021-10-14,36.1628532409668,36.172140881126744,35.62407797943324,35.96778090567292,51893500
2021-10-15,36.70161437988281,36.887399021465185,36.39507273328711,36.51583328184774,58411100
2021-10-18,36.71090316772461,36.924554251374836,36.52511853825356,36.62730026163999,56312700
2021-10-19,37.073184967041016,37.073184967041016,36.73877330913978,36.87811268111444,33082600
2021-10-20,37.37043762207031,37.37043762207031,36.90597779051058,37.008159520421295,44670200
2021-10-21,37.212528228759766,37.44475817729373,37.01745237889491,37.36115525407959,35067600
2021-10-22,37.73271942138672,37.797743520693416,37.351862463927056,37.38902010454449,41458200
2021-10-25,37.686283111572266,37.87206781532784,37.59339253146872,37.82562252527607,33121000
2021-10-26,37.71415328979492,37.95567449151911,37.65842035366537,37.779177410978626,41586900
2021-10-27,37.09177017211914,37.78846006484332,37.08247898916258,37.62125420710567,62449500
2021-10-28,37.546939849853516,37.565518672679865,37.21253166962364,37.2403981320891,44566600
2021-10-29,37.3983154296875,37.66770306421179,37.3240036767264,37.59339131125069,42092000
2021-11-01,37.41688919067383,37.74201325358542,37.268262161315015,37.65841032809934,37503800
2021-11-02,37.50978469848633,37.621254088778144,37.3054211966613,37.407602947573814,31436800
2021-11-03,37.64912033081055,37.7884597255234,37.31470861833809,37.38902390713108,42946800
2021-11-04,37.15678787231445,37.602668901556534,36.86882149062694,37.50977834929472,48279700
2021-11-05,37.175384521484375,37.61197812231768,37.05462391078703,37.45405985547514,57866300
2021-11-08,37.37973403930664,37.64911808625113,37.28683993385354,37.40760049916867,32864600
2021-11-09,37.175384521484375,37.30543277444345,36.93386330008968,37.18467216374611,48420400
2021-11-10,37.1103515625,37.34258154281158,37.017457444246396,37.13821802620194,60695100
2021-11-11,37.212528228759766,37.33328525064301,37.00816474011458,37.166079404214734,31438900
2021-11-12,37.29613494873047,37.30542258845628,36.96172322183071,37.26826494245672,39218800
2021-11-15,37.29613494873047,37.49120727490594,37.22181965673134,37.39831315990703,30081100
2021-11-16,37.25897979736328,37.48191860119096,37.156798035797095,37.34258273468576,32599500
2021-11-17,36.83168029785156,37.2032461806044,36.72949852844121,37.2032461806044,53557200
2021-11-18,36.64588928222656,36.94314335472562,36.47868342350233,36.86882806482682,42990100
2021-11-19,36.24645233154297,36.460103468040764,35.96777709017836,36.33005525830715,71858100
2021-11-22,36.75735855102539,37.119636729204494,36.43223801767184,36.72949208918024,81965800
2021-11-23,37.33329391479492,37.361163924699454,36.84096744358118,36.99888568787812,61571200
2021-11-24,37.24967956542969,37.39830657972907,37.11034373276949,37.25897074706889,40410300
2021-11-26,36.01422119140625,36.237159959763424,35.60549775371954,36.07924529413941,76492200
2021-11-29,36.12569046020508,36.56228390020289,35.85630286771503,36.432235695151924,79316500
2021-11-30,35.26179885864258,35.8377317529804,35.20606593203121,35.68910116588814,121263700
2021-12-01,34.87165451049805,36.116407340158524,34.87165451049805,35.88417736106924,101946500
2021-12-02,35.91202926635742,36.10710151926109,35.066712626894684,35.196760795497134,98076400
2021-12-03,35.326820373535156,36.05138025818925,35.04814513030573,35.95848614808079,97178200
2021-12-06,35.86559295654297,36.209292279919225,35.6054965543715,35.88417177720489,69716600
2021-12-07,36.50654602050781,36.60872776152669,36.107110238460045,36.283607261509985,115475500
2021-12-08,36.31147766113281,36.67375584148061,36.21858709206089,36.52512880483669,53033200
2021-12-09,36.237159729003906,36.42294439715035,36.004929779707794,36.13498152789378,45521100
2021-12-10,36.27431869506836,36.49726101368929,36.04208873729769,36.48796983099162,38900900
2021-12-13,35.88417053222656,36.20000338542617,35.76340997388764,36.190712203643706,44343000
2021-12-14,36.09782028198242,36.367207846724966,35.80056626004149,35.82843271723988,51734400
2021-12-15,36.200008392333984,36.31147778430803,35.744836097822166,36.19071720926643,70424900
2021-12-16,36.655174255371094,36.91527420754899,36.43223548898753,36.61801661312457,71156600
2021-12-17,35.847015380859375,36.460102309804626,35.62407306872118,36.41365702831062,97654400
2021-12-20,35.150718688964844,35.33739342566552,34.73070142151944,35.29072563162146,85242300
2021-12-21,35.878746032714844,36.03742080415284,35.505400122052365,35.505400122052365,57667900
2021-12-22,36.0467529296875,36.074756454360404,35.72007481287392,35.77607830169529,49702700
2021-12-23,36.233436584472656,36.560114781701486,36.21476875027025,36.25210441867506,39057300
2021-12-27,36.60678482055664,36.60678482055664,36.15876749751445,36.34543871172148,36120300
2021-12-28,36.625450134277344,36.85879269650751,36.53211097307032,36.541446669453485,34055200
2021-12-29,36.57878112792969,36.802791568720814,36.532113324584714,36.70012026504676,27150500
2021-12-30,36.51344299316406,36.89612465125292,36.401439560693525,36.690785618477754,30089100
2021-12-31,36.4481086730957,36.625451304794304,36.373440902268705,36.43877653693922,28497800
2022-01-03,36.8961296081543,37.03613658794575,36.700122684866585,36.71879051954048,49884400
2022-01-04,37.8668327331543,37.98817186893149,37.30681197814823,37.325479811385115,74210200
2022-01-05,37.42814254760742,38.17484153511577,37.40014258175949,37.97883109260627,76288400
2022-01-06,37.97883605957031,38.00683958960527,37.47481880576763,37.8201648183144,57725200
2022-01-07,38.426849365234375,38.52018852140418,37.93216429937102,38.06283555748399,62185500
2022-01-10,38.29617691040039,38.69752636807688,37.8948274527239,38.66952640236329,73620000
2022-01-11,38.63219451904297,38.65086235151917,38.081505922832434,38.43618761883032,60706300
2022-01-12,38.66019821166992,38.88420866243852,38.47352698997564,38.7348695487679,51560600
2022-01-13,38.51084899902344,38.92153412431474,38.380177753894166,38.71619156166909,51659600
2022-01-14,38.10950469970703,38.146836799479296,37.6521517623826,37.894826433262715,81135500
2022-01-18,37.260135650634766,37.89482765402852,37.026793107049556,37.85749555305362,82526700
2022-01-19,36.63478469848633,37.55882287279897,36.6067847285307,37.54015503932016,85975100
2022-01-20,36.40143585205078,37.21346688564965,36.32676453099479,36.737449675753645,80314000
2022-01-21,35.65473937988281,36.35476697152767,35.50540030275289,36.252095688402505,117914300
2022-01-24,35.75741195678711,35.83207971779149,34.366688857769255,35.03871650943153,169153300
2022-01-25,35.9067497253418,36.16809222008036,34.777369171954895,35.35606121105379,97364900
2022-01-26,36.00008773803711,36.59744408654456,35.57073830761296,36.29876591229084,106682000
2022-01-27,35.67341232299805,36.71878601275084,35.44006975900256,36.345436486148074,91498900
2022-01-28,36.14008712768555,36.14941926094869,35.08537804275333,35.533395210386956,79753600
2022-01-31,36.45744323730469,36.485443205429426,35.673412085087655,35.888086815268814,58740900
2022-02-01,36.96146011352539,37.054799273925525,36.317435929126546,36.504110689401905,64601500
2022-02-02,37.21346664428711,37.278802269525066,36.70944947252638,36.94279200852609,46649400
2022-02-03,36.80278396606445,37.33480464744864,36.74678047730448,37.20413340086648,50677000
2022-02-04,37.42814254760742,37.74548854914107,36.84945403676064,36.86812186750082,77792400
2022-02-07,37.5401611328125,37.78283588637748,37.260147145703854,37.47482548529402,52710400
2022-02-08,38.06283187866211,38.156171025810565,37.70815380107118,37.801489387695234,56921200
2022-02-09,38.30551528930664,38.55752567995634,38.17484402612344,38.26817962539005,67505300
2022-02-10,37.969505310058594,38.63219738984679,37.810830502482055,38.12817655710989,67260800
2022-02-11,37.43748474121094,38.30551943840699,37.21347429397233,37.84816640720224,77962800
2022-02-14,37.01746368408203,37.54948443759371,36.709453355455494,37.418813173296094,71521600
2022-02-15,37.521488189697266,37.71749510557653,37.33481341053952,37.46548468779236,55439600
2022-02-16,37.54948425292969,37.717491180636074,37.2881417256197,37.334809525421505,41168800
2022-02-17,36.616119384765625,37.27881149650362,36.51344807382937,37.157475911329335,59107800
2022-02-18,36.60678482055664,36.91479517241838,36.42011004582443,36.578781290005445,47816500
2022-02-22,36.420101165771484,36.77478279523068,36.11208732848537,36.43876899474558,60719700
2022-02-23,35.7854118347168,36.802785444654795,35.69207624355809,36.690782023159436,64169800
2022-02-24,35.3560676574707,35.468071095562294,34.34802603307109,34.600036439171,143075700
2022-02-25,36.49477005004883,36.588109197806595,35.58006776516921,35.5894034602072,99127100
2022-02-28,35.95342254638672,36.18676510946514,35.58007302125126,35.62674082176195,107370200
2022-03-01,34.62803268432617,35.71074196416669,34.394690136424984,35.60807423393093,129873100
2022-03-02,35.52406692504883,35.72940592379552,34.89870711296177,34.91737494203408,88182500
2022-03-03,35.41205596923828,35.86940882877875,35.113377858710436,35.68273411956787,71952600
2022-03-04,34.74937057495117,34.79603837077295,34.34802112193966,34.78670623581843,105904100
2022-03-07,33.47998809814453,34.46936179255672,33.4613202668698,34.43202613000726,116046200
2022-03-08,33.28398513793945,34.226687585137995,33.125313894168734,33.619999019483544,114915000
2022-03-09,34.5067024230957,34.79604494819929,34.2546920053916,34.39469541932148,88716400
2022-03-10,34.21734619140625,34.44135657200631,33.834664609962815,33.93733588604933,71547300
2022-03-11,33.974674224853516,34.73070175294536,33.956006394952865,34.51602704987456,76788200
2022-03-14,34.40402603149414,34.9640467254906,34.24535124652948,34.48802949164608,70969700
2022-03-15,34.889373779296875,34.94537370406435,34.450688712489196,34.749366846329764,51828700
2022-03-16,35.869422912597656,35.925426415507395,35.225398651499674,35.33740209679382,87007600
2022-03-17,36.317440032958984,36.32677216979106,35.43073749184824,35.66408007842868,58266400
2022-03-18,36.40143585205078,36.494771442846215,35.96275074215821,36.30810026125535,82342500
2022-03-21,36.36582946777344,36.67504490613764,36.178424330408866,36.56260325350117,46828600
2022-03-22,36.956153869628906,37.19040941702009,36.750011418554735,36.796861813141774,61053100
2022-03-23,36.27212905883789,36.806231435049405,36.253388185616565,36.72189929278147,42142600
2022-03-24,36.56260299682617,36.600084738927094,36.26275620893011,36.52512125472524,30421500
2022-03-25,37.0311164855957,37.106076400272684,36.62819666764621,36.684419284495874,48613100
2022-03-28,36.92804718017578,36.95615670419283,36.506386447638775,36.91867853032218,44761000
2022-03-29,37.01237487792969,37.49025460106138,36.79686021263847,37.37781294405201,67968600
2022-03-30,36.7500114440918,37.03111738626536,36.53449676927687,37.01237651352632,47405300
2022-03-31,35.90668869018555,36.85308306833968,35.89732004139702,36.7031560920765,66619600
2022-04-01,35.81298828125,36.2252767469437,35.559991867827996,36.15031683247934,68422500
2022-04-04,35.6536979675293,35.944176168697616,35.40070151640652,35.728661467620384,134312400
2022-04-05,35.42880630493164,35.897317347223726,35.344474174340846,35.51313843552244,56165700
2022-04-06,35.1851806640625,35.33510406357781,35.05399813629358,35.147698920569724,55835100
2022-04-07,35.14769744873047,35.31636171292921,34.65107687884286,35.15706967143909,53346900
2022-04-08,35.50376892089844,35.66306454614433,35.194553468118315,35.288254253941176,44672300
2022-04-11,35.344478607177734,35.756767089299196,35.28825598824734,35.410069875368514,54435500
2022-04-12,34.96030044555664,35.64432623977627,34.81037703277502,35.31636631687791,67215400
2022-04-13,34.96030044555664,34.97904131896136,34.56674925296983,34.63234052265828,57445600
2022-04-14,34.56674575805664,35.128961179986305,34.55737710952957,34.88533342481339,68544200
2022-04-18,34.77289581298828,34.93218787765845,34.34186644151541,34.351235091131706,52748400
2022-04-19,35.25077438354492,35.306997002700605,34.8572267728233,34.86659542212122,41519100
2022-04-20,35.4943962097168,35.747392591829765,35.410064082345805,35.52250572735531,54635800
2022-04-21,34.93218231201172,35.90668614182503,34.86659105177963,35.7380218799552,54998100
2022-04-22,33.89208984375,34.88533462110038,33.854611673900756,34.87596597225203,73170900
2022-04-25,33.94831848144531,34.02328198335144,33.105000531740465,33.610989871780774,91392800
2022-04-26,33.09562301635742,33.920203533231025,33.07688214387667,33.56413410500853,81457500
2022-04-27,33.06751251220703,33.404841057924486,32.945698631929986,33.04877164028319,81603000
2022-04-28,33.489173889160156,33.61098419750859,32.908217570835404,33.40484175098114,62680000
2022-04-29,32.33663558959961,33.44232210712913,32.261675669905074,33.320511790818486,74631700
2022-05-02,32.34600067138672,32.59899704659778,31.70882540962301,32.48655183020041,104408800
2022-05-03,32.767669677734375,33.09562603996982,32.45845061523558,32.57089228593684,73896300
2022-05-04,33.77027893066406,33.826497971657396,32.711442907001285,32.82388456344376,87794900
2022-05-05,32.78641128540039,33.44232402454488,32.38349141737943,33.37673275063043,101093900
2022-05-06,32.552154541015625,32.70207795805237,32.08364341596878,32.65522398598271,99281900
2022-05-09,31.774425506591797,32.308527922500666,31.624502084134157,32.11175410073558,85922800
2022-05-10,31.493318557739258,32.27104517055536,31.099767351981047,32.06490270511652,107581200
2022-05-11,31.202838897705078,32.167974205241336,31.15598850206687,31.530798816084683,110212200
2022-05-12,30.968582153320312,31.2590603142287,30.36888853353416,30.940472631910314,114304100
2022-05-13,31.418352127075195,31.68072076456033,31.137246191764458,31.343392212405085,64036200
2022-05-16,31.155988693237305,31.437094643247477,30.91236448975011,31.29654345547043,55662200
2022-05-17,31.98993682861328,32.08364119180042,31.587017003048537,31.765053505876104,62859300
2022-05-18,31.1091365814209,31.73693971600059,30.98732269916816,31.690089322659045,74279300
2022-05-19,30.90299415588379,31.127881074319408,30.64062906308915,30.687479461880148,71525400
2022-05-20,30.84676742553711,31.277800330610386,30.200223429610944,31.118504706582996,77984600
2022-05-23,31.849382400512695,32.083637922929235,31.27779835390345,31.437090393408006,78189300
2022-05-24,31.783784866333008,31.886857859355167,31.127872318837987,31.661974578629817,77871200
2022-05-25,32.03678512573242,32.23356248831564,31.615128029589453,31.708828812186617,72192600
2022-05-26,32.777034759521484,32.889476417982436,32.35537407222307,32.383487167680215,50803200
2022-05-27,33.329872131347656,33.395463385149775,32.86136113307237,32.91758373966929,43862500
2022-05-31,33.236175537109375,33.48917193689792,32.880106132837824,33.05813904774575,64778900
2022-06-01,32.70207977294922,33.236182199187695,32.39286069751831,33.15185004902075,48642400
2022-06-02,33.15184783935547,33.17995736271873,32.47719068298778,32.730187116625665,45334700
2022-06-03,32.67396545410156,32.98318451799467,32.636487280002996,32.842629748142116,36699400
2022-06-06,32.767669677734375,33.28303120744277,32.75829745340978,32.94570262088273,32829600
2022-06-07,33.02066421508789,33.04877373752954,32.51467136440184,32.542780886843495,32031400
2022-06-08,32.43970489501953,32.861365565229576,32.317894592646645,32.76766478271878,38251800
2022-06-09,31.62449073791504,32.420957963754574,31.605749870024628,32.40222067031923,49715100
2022-06-10,30.48133087158203,31.0529149826711,30.453221349546833,30.940473320074304,74190900
2022-06-13,29.572420120239258,30.078411178686714,29.39438718911168,29.712973092739773,104065100
2022-06-14,29.319429397583008,29.900382238046223,29.094542466895295,29.694237970015443,75592200
2022-06-15,29.64737892150879,30.069039584947323,29.141387912610384,29.628639837644283,87858800
2022-06-16,28.89776611328125,29.057059966059334,28.65414011566606,29.0476895291632,100838500
2022-06-17,28.98209571838379,29.31005383209674,28.700987997817858,28.96335484623381,116937700
2022-06-21,29.560495376586914,29.748899512542955,29.381513423859175,29.645277058091633,58065800
2022-06-22,29.49455451965332,29.76774033759224,29.18368895251024,29.22137049846941,48035800
2022-06-23,29.381515502929688,29.5699178554623,28.901086539325565,29.51339732937803,69348900
2022-06-24,30.464832305908203,30.49309166819482,29.456874324572684,29.5039744595537,65489300
2022-06-27,30.361209869384766,30.700336591048753,30.219909464364743,30.700336591048753,47244800
2022-06-28,30.05976104736328,30.964096466445895,30.0409202769437,30.672073508716238,42459900
2022-06-29,29.890199661254883,30.20106700323749,29.786579010682228,30.08802417008428,64507500
2022-06-30,29.626436233520508,29.890199851296877,29.061225657670608,29.419191337547772,75294300
2022-07-01,30.03150177001953,30.12570383125442,29.334409391689153,29.532233899957905,77308400
2022-07-05,29.927881240844727,29.94672201251892,29.221368473856447,29.560493380217505,51536800
2022-07-06,29.852521896362305,30.09744655382366,29.569915693096895,29.861942282813317,48001700
2022-07-07,30.285850524902344,30.37063220574616,30.078605617615246,30.106864980059857,33120100
2022-07-08,30.219905853271484,30.46482868214539,30.097442642079766,30.370628423388396,29062200
2022-07-11,29.974985122680664,30.20107081754102,29.890203436296808,30.05034642204908,30564300
2022-07-12,29.78658103942871,30.33295087724658,29.730058720624967,29.74889949355955,38211000
2022-07-13,29.522815704345703,29.72063843053531,29.155429614705007,29.466295182113676,51441600
2022-07-14,28.957603454589844,29.051805517487345,28.609058157650463,28.919923707483786,57782300
2022-07-15,29.937299728393555,30.10686127244495,29.296727906127956,29.372089191291277,59650200
2022-07-18,29.824260711669922,30.56845506987272,29.692378894977782,30.3612101616365,38671600
2022-07-19,30.719175338745117,30.813375602548785,30.13512400068614,30.21990747226819,40568000
2022-07-20,30.832216262817383,30.888738577001572,30.559030467858367,30.653234324832013,38507700
2022-07-21,31.030040740966797,31.030040740966797,30.511932075362566,30.7474363409563,40561800
2022-07-22,30.851058959960938,31.237285813887226,30.615554693091006,31.07714463730044,25741200
2022-07-25,31.048877716064453,31.190181695542755,30.822795661110533,31.039459127736986,24699300
2022-07-26,30.615556716918945,31.077146691641584,30.54019362165396,30.898161137142317,26357800
2022-07-27,31.086563110351562,31.237285696843173,30.63439535087673,30.73801780287282,44817200
2022-07-28,31.312646865844727,31.322065454762043,30.61555270014335,31.114820563484123,40974600
2022-07-29,31.75539207458496,31.859014519112602,31.359746661126334,31.388006021084905,38724000
2022-08-01,31.49163055419922,31.6706125016567,31.274967061958087,31.45394900941557,35131300
2022-08-02,31.143083572387695,31.54815117323361,31.105402029632334,31.340906281588808,36806900
2022-08-03,31.61409568786621,31.689455188476238,31.199605857225666,31.378591409005942,27314900
2022-08-04,31.510465621948242,31.670606768022004,31.453943315005546,31.585825104362588,24505800
2022-08-05,31.736549377441406,31.887271943922958,31.312644629749787,31.42568565623359,34366100
2022-08-08,31.717710494995117,32.07567795925784,31.68945113506978,31.97205551485208,24369100
2022-08-09,31.877857208251953,31.96263888673839,31.717712440662073,31.774234757489655,26425400
2022-08-10,32.59379577636719,32.71625902641695,32.36771364620989,32.43365456696499,45366000
2022-08-11,32.980018615722656,33.18726353723435,32.857558974384126,32.895236929059706,46985200
2022-08-12,33.498130798339844,33.50754938859712,32.970599906177334,33.140163278889915,36370300
2022-08-15,33.48870849609375,33.58291236588425,33.093063023504264,33.15900393560251,25366000
2022-08-16,33.73362731933594,33.88434988333384,33.33797834289809,33.33797834289809,41300800
2022-08-17,33.56407165527344,33.7147942537125,33.32856737061802,33.34740814461168,33158000
2022-08-18,33.60174560546875,33.6488493315947,33.3756635315072,33.535804701104155,15966200
2022-08-19,32.932918548583984,33.403927121396144,32.81987749729193,33.403927121396144,33587400
2022-08-22,32.20756912231445,32.46191421607783,32.12278742439332,32.45249562453579,36810100
2022-08-23,32.075687408447266,32.405395609913526,32.075687408447266,32.16989129179936,23244000
2022-08-24,32.245235443115234,32.34885786868073,31.953208934113277,32.019153417798684,20682200
2022-08-25,32.74451446533203,32.772777423343456,32.22640575291894,32.31118743993274,26402600
2022-08-26,31.764808654785156,32.89522597588051,31.736545706301456,32.88580738872529,38230600
2022-08-29,31.538728713989258,31.764814375027495,31.35032459537567,31.529310125137933,34872100
2022-08-30,31.369159698486328,31.745967867627932,31.180755613915526,31.64234544143854,41870700
2022-08-31,31.1336612701416,31.642351314852476,31.086561138633492,31.529310280531067,39768200
2022-09-01,31.22786521911621,31.274965350763765,30.624971316094584,31.001779556294387,40604600
2022-09-02,30.982938766479492,31.849596281018968,30.832216189191282,31.58582907563233,43208800
2022-09-06,30.907581329345703,31.21844509350856,30.59671397167291,31.14308559660936,45877100
2022-09-07,31.519887924194336,31.57641023779799,30.76627504369396,30.81337517494217,35023000
2022-09-08,32.075687408447266,32.09452818511769,31.227874019342696,31.359755862524917,50760900
2022-09-09,32.367706298828125,32.45248797676957,32.20756153226769,32.21698371509999,41327100
2022-09-12,32.631473541259766,32.80103691594959,32.42422861808104,32.49959171505885,41969600
2022-09-13,31.4162654876709,32.10394105941382,31.312646636301235,31.990896432176545,60771600
2022-09-14,31.322071075439453,31.632938468140807,31.039466641581164,31.48221227033869,39233200
2022-09-15,31.42568588256836,31.830753456687937,31.274963315001273,31.359744983852103,47653000
2022-09-16,31.143083572387695,31.19960229301104,30.813375463542812,31.11482061856632,53893300
2022-09-19,31.496301651000977,31.515241533222042,30.776604188666266,30.776604188666266,36491400
2022-09-20,31.03228759765625,31.30691047493778,30.748196585343347,31.240622692478542,42193600
2022-09-21,30.388347625732422,31.344788259893097,30.36940774227009,31.231152571532505,49644600
2022-09-22,29.876977920532227,30.501979547965654,29.820160083367316,30.454631651362643,52299500
2022-09-23,29.40349769592285,29.64971078187171,28.977361121409196,29.583422990694487,56801000
2022-09-26,28.939481735229492,29.46031774148411,28.731148416451763,29.185694824443278,49969700
2022-09-27,28.816375732421875,29.318270040958772,28.522814740050595,29.16675457352799,60630400
2022-09-28,29.384557723999023,29.555011259098542,28.82584379692043,28.901601525700237,46088700
2022-09-29,29.01523780822754,29.185693153014302,28.655389040727403,29.072057460627637,41860000
2022-09-30,28.750083923339844,29.39402547303252,28.67432620021168,29.034174933518802,37984300
2022-10-03,29.526601791381836,29.678117241509494,28.69326500947308,29.034175675363628,47086100
2022-10-04,30.62508773803711,30.65349575422963,29.94326825631879,29.981146213310993,53441800
2022-10-05,30.388347625732422,30.558802964480012,30.047436948237245,30.151604501073372,41766800
2022-10-06,29.96221351623535,30.42623169565223,29.89592572094921,30.21789656051642,34717900
2022-10-07,29.25197410583496,29.79174803405716,29.090988740733046,29.697052247931847,36380700
2022-10-10,29.119403839111328,29.536072237181195,28.94894850325517,29.412964802971008,31011700
2022-10-11,28.750083923339844,29.23304008560935,28.62697649437746,28.930007386890107,50431900
2022-10-12,28.68379783630371,29.062586474327137,28.579630283519755,28.759555563908396,48265700
2022-10-13,29.86751365661621,29.943271384722124,28.020916550500292,28.106144220395286,83086100
2022-10-14,29.365615844726562,30.48304181674289,29.299328062324626,30.13266302227363,60886900
2022-10-17,30.104257583618164,30.303120947859245,29.905392413170322,29.99062008533272,47222200
2022-10-18,30.58721160888672,30.928122293352533,30.23683278870284,30.890242525653335,48150700
2022-10-19,30.085315704345703,30.577741820581448,29.91486037132513,30.322058821050582,35205700
2022-10-20,29.60236167907715,30.350469042960395,29.517134006378114,30.047438120566838,43124400
2022-10-21,30.483041763305664,30.511453393151836,29.469783340386694,29.68758656967027,54487300
2022-10-24,30.890243530273438,31.032290857558387,30.56827271918601,30.662972141513837,40117200
2022-10-25,31.259567260742188,31.316386923253468,30.672445197782327,30.729264860293608,33950300
2022-10-26,31.33531379699707,31.68569253926662,31.269026024470744,31.354253676634976,38012100
2022-10-27,31.591001510620117,31.94138030565145,31.53418186315022,31.628881275600047,41232200
2022-10-28,32.37698745727539,32.41486722306446,31.619410203560466,31.67622985224407,36421300
2022-10-31,32.178123474121094,32.395926704514686,32.13077557402044,32.16865533906625,40083800
2022-11-01,32.26335144042969,32.52850257339899,32.12130412638856,32.44327490745696,38946100
2022-11-02,31.856155395507812,32.765248159163356,31.827747375522804,32.197066084982026,58039800
2022-11-03,31.534177780151367,31.780392608228176,31.325846324562622,31.45842187241348,40828100
2022-11-04,32.11183547973633,32.2822908089052,31.65728913942374,31.988728050355878,41825600
2022-11-07,32.43381118774414,32.452751073022256,32.140248384554006,32.348583510199504,30060300
2022-11-08,32.623199462890625,32.784183034763146,32.28228882549825,32.44327239737078,34839600
2022-11-09,32.07395553588867,32.52850187366378,32.007667754072294,32.40539805738375,42126200
2022-11-10,33.69328689575195,33.74063480334479,32.964117559098135,33.049345237730755,67677700
2022-11-11,33.96790313720703,34.11941859526944,33.74063175632016,33.8637355824616,46076100
2022-11-14,33.48495101928711,33.90161765417373,33.45654299784889,33.87320963273551,38002700
2022-11-15,33.56071090698242,33.97738120344437,33.219803772260114,33.844805604538884,57802100
2022-11-16,33.399715423583984,33.626986766031784,33.28607975236008,33.54175910951064,32852400
2022-11-17,33.21979904174805,33.23873531396875,32.91676450001244,33.01146392318408,35706900
2022-11-18,33.49441909790039,33.71222235751667,33.2197997955056,33.66487445106334,39455400
2022-11-21,33.59858703613281,33.664874828393195,33.40919179578297,33.44707156633569,24630900
2022-11-22,33.93949508666992,33.97737485425426,33.77850788064323,33.77850788064323,29582300
2022-11-23,34.08153533935547,34.16676299253468,33.8826684069955,33.8826684069955,27916900
2022-11-25,34.19517517089844,34.24252307011743,34.053127860828305,34.119415642217525,11266500
2022-11-28,33.608055114746094,34.14782914272716,33.55123546512211,34.005781824873885,34196600
2022-11-29,33.80691909790039,33.88267501972646,33.53229620490237,33.57017597202211,31489600
2022-11-30,34.384578704833984,34.3940468420048,33.27661881031956,33.7595768915536,58607000
2022-12-01,34.18570327758789,34.5550255597101,33.92055215316356,34.5550255597101,58157600
2022-12-02,34.024723052978516,34.05313107270671,33.72169213449941,33.82585969005414,40483300
2022-12-05,33.18191909790039,33.825860722425055,33.001992001027745,33.76904106882102,53402000
2022-12-06,32.88835525512695,33.33343349643327,32.62320410494284,33.14403826955313,45102200
2022-12-07,32.75578308105469,33.12510182498977,32.68002353747115,32.75578308105469,37775900
2022-12-08,32.78418731689453,33.01146230897947,32.670551627058785,32.8504751036665,46600900
2022-12-09,32.69895553588867,32.93569863386044,32.651607638776916,32.661079385647064,40885600
2022-12-12,33.13457107543945,33.17244723196109,32.56638537865187,32.71790084197917,72570900
2022-12-13,33.21979904174805,33.996316249687325,33.0019921746601,33.996316249687325,55659000
2022-12-14,32.803131103515625,33.45654452574446,32.66108737742396,33.134573689223934,54685100
2022-12-15,32.159183502197266,32.42433824436762,31.95085201985089,32.29175906707584,70330100
2022-12-16,31.9129695892334,32.00766538126156,31.61940685408544,31.818270184792325,59619300
2022-12-19,31.827211380004883,32.15120108752823,31.62709741722209,31.827211380004883,37456800
2022-12-20,31.960607528686523,32.17977642852367,31.836728190495524,31.951076391483646,45446400
2022-12-21,32.456138610839844,32.551428223467155,32.246497100980896,32.2655557505195,31318100
2022-12-22,32.17025375366211,32.27507448008407,31.646153756617004,32.24648833108344,25605100
2022-12-23,32.3513069152832,32.39895170548425,31.989199966639145,32.151196615400096,17116200
2022-12-27,32.34177780151367,32.494243320743436,32.20837092657072,32.41801237866091,25601100
2022-12-28,32.2274284362793,32.484714672496295,32.18931114904761,32.39895259375729,24395100
2022-12-29,32.675296783447266,32.73246907802266,32.32271733659797,32.39895190945117,26624200
2022-12-30,32.589542388916016,32.656245838354444,32.32272495609692,32.43707684233312,24735700
2023-01-03,32.70388412475586,33.05645994941321,32.46565652848866,32.8277634926329,37396500
2023-01-04,33.22798156738281,33.466209145424116,32.942109200746124,33.0373987779369,44669300
2023-01-05,32.980228424072266,33.11363529400613,32.75152833628237,33.11363529400613,45585700
2023-01-06,33.71397399902344,33.81879473405195,32.97070134839629,33.199401464373494,41229700
2023-01-09,33.590091705322266,34.018902113679744,33.50432962365077,33.82831930606923,48726600
2023-01-10,33.780677795410156,33.80926394705681,33.41857078927062,33.53291903092229,34663700
2023-01-11,34.09513854980469,34.09513854980469,33.799738603718865,33.86644205187149,32014700
2023-01-12,34.16184616088867,34.361960164797544,33.94267714238441,34.20949460257434,56642400
2023-01-13,34.41912078857422,34.466765579012026,33.5996173068117,33.72349667000161,65920900
2023-01-17,34.190425872802734,34.35241889456443,34.08560514810297,34.33336025052223,65345200
2023-01-18,33.551971435546875,34.20948188162722,33.52338528921795,33.999840448376744,53693000
2023-01-19,33.16128921508789,33.33281341938676,32.93259269939978,33.14223056626962,61169500
2023-01-20,33.68538284301758,33.70444148816287,33.10411052387811,33.25657604997557,42330100
2023-01-23,34.076080322265625,34.21901836153377,33.609156179444994,33.71397692356626,44997300
2023-01-24,34.09513854980469,34.24760409344859,33.637741918873,34.01890759551539,34333500
2023-01-25,34.36195373535156,34.371481240866565,33.79020525769476,33.79973639827482,38458700
2023-01-26,34.543006896972656,34.60018283770147,34.21901716963982,34.44771729748985,29944200
2023-01-27,34.543006896972656,34.74311723692568,34.44771729748985,34.49536209723126,30787400
2023-01-30,34.37147521972656,34.619233940495384,34.31429929145735,34.36194771588057,31595000
2023-01-31,34.838401794433594,34.847929297982816,34.276184573357384,34.438177579144345,30282100
2023-02-01,34.838401794433594,35.143332798909064,34.400060294818836,34.47629486346986,51418700
2023-02-02,34.933692932128906,35.07663093720842,34.65734806100956,35.02898251213894,42107300
2023-02-03,34.86699676513672,35.16240034083092,34.647827777388855,34.65735528334953,43155000
2023-02-06,34.85746765136719,34.86699515688841,34.59065024092726,34.66688482535726,32273600
2023-02-07,35.2576904296875,35.36251117203486,34.63829711676147,34.63829711676147,33000500
2023-02-08,35.04804992675781,35.3529810211835,34.9527603228993,35.00040512482855,34555500
2023-02-09,34.6573600769043,35.2958121165326,34.58112911347948,35.19099136114096,44329600
2023-02-10,34.77170181274414,34.80028796129104,34.37147755776421,34.48582578701647,28108900
2023-02-13,35.17192459106445,35.17192459106445,34.7240555160003,34.75264530136634,32209000
2023-02-14,34.98134231567383,35.333921805151405,34.762173344819224,35.10522169400554,33525300
2023-02-15,35.01946258544922,35.038521232587904,34.65735555994467,34.70500036025876,28510000
2023-02-16,34.6668815612793,34.933695311532176,34.60017812371608,34.685940205592324,34379100
2023-02-17,34.67641067504883,34.72405547050997,34.39053826721713,34.49535899827056,35889800
2023-02-21,33.96173095703125,34.42865871958942,33.80926541651403,34.38101391975252,36425200
2023-02-22,33.923606872558594,34.09513102568918,33.74255521539386,33.96172415882417,31065200
2023-02-23,33.95219802856445,34.22853927750995,33.63773585674644,34.06654625692344,42357600
2023-02-24,33.980777740478516,34.08559844456342,33.599612204726846,33.65678812560878,48732600
2023-02-27,33.97126388549805,34.352425939314024,33.904560435203614,34.295253630527604,31664600
2023-02-28,34.037960052490234,34.209484212278284,33.93313932872368,34.018901408617715,32531400
2023-03-01,33.923606872558594,34.07607238255639,33.79020000569358,33.885493221357514,32790300
2023-03-02,33.76161575317383,33.79973304157848,33.361391495054356,33.72349846476917,38401900
2023-03-03,34.29524612426758,34.30477362862488,33.828318439338425,33.89502187503336,33091600
2023-03-06,34.3238410949707,34.533482595363466,34.21902034477432,34.31430995309891,30111100
2023-03-07,33.43762969970703,34.22854352705861,33.35186760902408,34.199957375185996,53804400
2023-03-08,33.31375503540039,33.58057248591172,33.14223082973796,33.3995171382316,50860300
2023-03-09,31.960607528686523,33.18033136606323,31.798610911811558,33.12315544803728,107108500
2023-03-10,31.37933921813965,32.13213929348848,30.998173610729836,31.588980665721508,166569400
2023-03-13,30.14055824279785,30.79806699512566,29.892803112822335,30.264437625318145,165965900
2023-03-14,30.75042152404785,31.30310771038509,30.369257696815705,31.293580205045217,128115500
2023-03-15,29.930917739868164,30.054797118879772,29.502107301031806,29.88327294334523,132235000
2023-03-16,30.502666473388672,30.817128713816135,29.44493695139691,29.730811219731137,133892600
2023-03-17,29.521167755126953,30.21679200515781,29.44493498550073,30.21679200515781,136760600
2023-03-20,29.849637985229492,30.10820121591172,29.705992354812686,29.75387362276719,75384500
2023-03-21,30.606170654296875,30.682783600606548,30.462525033072577,30.529559534540372,115899200
2023-03-22,29.897518157958984,30.69235923213837,29.878366747410723,30.606171491734912,67874100
2023-03-23,29.696413040161133,30.261420718190415,29.485732923111602,29.95497624737178,82366300
2023-03-24,29.677261352539062,29.70599120813474,29.10267702649801,29.332510391603787,76619100
2023-03-27,30.089046478271484,30.25184533837644,29.916670999742333,30.18481083596026,61393300
2023-03-28,30.0794734954834,30.18481448432869,29.89752137653792,30.050743636738297,42980100
2023-03-29,30.519981384277344,30.529556174959236,30.270994815829784,30.40506380401194,52147200
2023-03-30,30.45294952392578,30.759394014112956,30.280575868110425,30.740240776837947,45061700
2023-03-31,30.788131713867188,30.797706507822767,30.510415198761862,30.625330991764788,49034400
2023-04-03,30.845582962036133,30.970077182640903,30.663632680465025,30.75939521748,51213500
2023-04-04,30.558292388916016,30.970077882984274,30.357188864772922,30.922196613394018,45939300
2023-04-05,30.519981384277344,30.606167286285178,30.318876075451136,30.328452692686,57965300
2023-04-06,30.634899139404297,30.692357020014303,30.43379564399273,30.462523671021188,36762300
2023-04-10,30.701936721801758,30.71151151350131,30.45294830033739,30.519984628106425,27900700
2023-04-11,30.970075607299805,31.104144613543795,30.75939365285557,30.778546889905634,53912600
2023-04-12,30.903039932250977,31.28609369940645,30.826426986956104,31.123296670314293,63645800
2023-04-13,31.180755615234375,31.19990885108876,30.71151046956737,30.922192410859438,58550300
2023-04-14,31.487201690673828,31.745764908253015,31.333979449120207,31.506354927506333,65276200
2023-04-17,31.851104736328125,31.860683182050938,31.333981913603356,31.468050928869285,69670600
2023-04-18,31.946868896484375,32.01390339985454,31.678730883003727,31.91814086735615,49507500
2023-04-19,32.023475646972656,32.10966338061449,31.841525388442633,31.898985095239244,39478900
2023-04-20,31.92771339416504,32.01390112854135,31.803219188264553,31.812797632698693,39291800
2023-04-21,31.812801361083984,31.851104183990973,31.630847426572657,31.83195459909079,41545000
2023-04-24,31.736188888549805,31.908564380108793,31.65957958847174,31.79364860343836,32774200
2023-04-25,31.190332412719727,31.59254308531901,31.180757620729803,31.53508337406013,58534300
2023-04-26,30.893465042114258,31.276522506450327,30.75939602552865,31.104147012809765,54294200
2023-04-27,31.391437530517578,31.44889724471988,31.0083837284888,31.0083837284888,46398800
2023-04-28,31.764915466308594,31.793647148991834,31.171179718714868,31.238214223131585,54598700
2023-05-01,31.678735733032227,32.01390830119811,31.640429252925554,31.851107587298245,31950600
2023-05-02,30.960498809814453,31.563809298832048,30.673203925779937,31.55423450748046,76096700
2023-05-03,30.606170654296875,31.152025110881098,30.57744262598392,30.998802871368095,65642400
2023-05-04,30.213539123535156,30.500832199062867,29.935824493066903,30.33803333756313,76076600
2023-05-05,30.960498809814453,31.008380072784803,30.663629134428348,30.7115103973987,55019400
2023-05-08,31.008380889892578,31.23821241944908,30.970074417264396,31.132871446274727,34323600
2023-05-09,30.893465042114258,31.017959265989486,30.711514755763318,30.778549264056124,29736200
2023-05-10,30.721088409423828,31.161601867520282,30.45294676497308,31.094567369684135,39706100
2023-05-11,30.673208236694336,30.721093159500793,30.395493584639777,30.529562601041746,36693200
2023-05-12,30.54871368408203,30.874313235969346,30.34761017366857,30.874313235969346,36253000
2023-05-15,30.797697067260742,30.855156772702408,30.548710490005966,30.606168368894597,33208500
2023-05-16,30.51041030883789,30.826429602224103,30.49125707088924,30.74024185800848,31241400
2023-05-17,31.123294830322266,31.20948256213048,30.68278138023855,30.749815876855372,46818800
2023-05-18,31.353132247924805,31.391435067948294,30.950921586274244,31.065837352557402,42232500
2023-05-19,31.21906280517578,31.525507315542395,31.075418995813962,31.429744775967848,40132900
2023-05-22,31.27652359008789,31.391439372127508,31.08499485128396,31.32440486151216,35286200
2023-05-23,30.912614822387695,31.305247035509616,30.89346158600293,31.14245000589857,42217200
2023-05-24,30.51041030883789,30.711513827638807,30.44337580257092,30.682785797269137,46610700
2023-05-25,30.500831604003906,30.60617075241105,30.31887950904149,30.433797102321222,41658900
2023-05-26,30.749820709228516,30.82643000892724,30.519987330472357,30.56786859942239,44183000
2023-05-30,30.74024200439453,30.8647362251003,30.539138484635952,30.79770171851411,57900500
2023-05-31,30.414644241333008,30.58701972010502,30.156081023174988,30.558289864791952,67667900
2023-06-01,30.74024200439453,30.807276510980724,30.37633961440378,30.5870215797356,48643400
2023-06-02,31.41058921813965,31.52550498776531,31.037110227026414,31.037110227026414,65752900
2023-06-05,31.24779510498047,31.44889863391192,31.10414763968269,31.44889863391192,53591100
2023-06-06,31.640424728393555,31.68830599512645,31.199911229480577,31.219060813688543,46236100
2023-06-07,31.764915466308594,31.83195362383182,31.477624211221727,31.66915293231514,48467100
2023-06-08,31.736188888549805,31.78407015773693,31.487204096912755,31.65957958847174,36261200
2023-06-09,31.745763778686523,31.87983277863725,31.659576042560165,31.678729278711163,34021700
2023-06-12,31.736188888549805,31.86068311092167,31.49677888950751,31.774495365142176,33655200
2023-06-13,31.92771339416504,32.06178239139347,31.669150191036117,31.707456662560297,46054400
2023-06-14,31.80322265625,32.16712686919929,31.697881674624686,32.004326174022005,57195400
2023-06-15,32.224578857421875,32.30118813735206,31.669146052228783,31.697874075564386,52241800
2023-06-16,32.157554626464844,32.396964638919975,32.119248147726374,32.368232953312685,49861100
2023-06-20,31.91706657409668,32.00364104170988,31.724678460567553,31.94592350680173,50683100
2023-06-21,31.878589630126953,32.03249939387084,31.743919045538323,31.840111271816426,35967600
2023-06-22,31.62848472595215,31.830490584222886,31.522671085096654,31.820872830280514,38690000
2023-06-23,31.49381446838379,31.599624440798408,31.28218718455872,31.388000826471252,35529600
2023-06-26,31.426477432250977,31.686200841132987,31.33990663212178,31.44571661100129,25728300
2023-06-27,31.676576614379883,31.74391189149903,31.464949360864058,31.484188535683444,34348100
2023-06-28,31.59962272644043,31.647722502516896,31.455334406704175,31.638101079502515,36663200
2023-06-29,32.14793014526367,32.14793014526367,31.72467922095344,31.763157578481138,47471000
2023-06-30,32.4268913269043,32.56156190291312,32.301842174609234,32.35955603889988,44762300
2023-07-03,32.609657287597656,32.705849494783315,32.378790853055584,32.42688695664842,19128000
2023-07-05,32.54232406616211,32.628894856404166,32.32107537055112,32.41727125331627,39831600
2023-07-06,32.26335906982422,32.30183742001958,31.984396535154016,32.27297682262434,45808400
2023-07-07,32.311458587646484,32.580799728484365,32.12869190914904,32.12869190914904,33488700
2023-07-10,32.455753326416016,32.638520020371466,32.2922221417206,32.32107907510879,27254400
2023-07-11,32.84052276611328,32.87900111996584,32.50384634364786,32.57118162814094,33744600
2023-07-12,33.052154541015625,33.28301735655453,32.96558006781397,33.10986841015121,46546000
2023-07-13,33.167579650878906,33.21567575585876,33.042526842333196,33.10024437000759,40453700
2023-07-14,32.94634246826172,33.417693215963624,32.89824635184278,33.408071790980756,47552700
2023-07-17,33.26377868652344,33.35997090561022,32.907859403006874,32.907859403006874,38568900
2023-07-18,33.63893508911133,33.66779202231963,33.2926372126192,33.340733324465745,47160800
2023-07-19,33.78322219848633,33.91789277456803,33.629312444464674,33.63893386818364,45599800
2023-07-20,34.0333251953125,34.04294294878548,33.715884288238755,33.72550571120943,45591500
2023-07-21,33.91789245605469,34.11028056414959,33.83131799088688,34.09104138639031,30615700
2023-07-24,34.24495315551758,34.35076680467562,33.92751587754161,33.93713363223863,32299800
2023-07-25,34.023704528808594,34.2257140512095,33.994847598250374,34.148757343723865,36218600
2023-07-26,34.2257194519043,34.33152943714681,33.937135422793425,33.98523520731081,35638700
2023-07-27,33.792842864990234,34.31228597973763,33.74474675596706,34.22571518519465,44072800
2023-07-28,33.86018371582031,34.07180736419833,33.67741333420022,34.06218960861236,32422700
2023-07-31,33.985225677490234,34.0910356330625,33.84093370339581,33.927508153953,28627000
2023-08-01,33.985225677490234,34.014082604510186,33.802455354370984,33.91788673194813,26480300
2023-08-02,33.69664764404297,33.82170046557539,33.50426320414445,33.69664764404297,48923800
2023-08-03,33.71589279174805,33.79284951693198,33.398455474110904,33.49464771109219,31861600
2023-08-04,33.581214904785156,34.014087216261466,33.55235797385268,33.68702854420135,36195700
2023-08-07,34.05257034301758,34.11028421297121,33.78322549507336,33.7928469197312,33119300
2023-08-08,33.7447509765625,33.773607911686085,33.35035329254894,33.61007671715627,37254800
2023-08-09,33.4946403503418,33.82169902150214,33.4561619962058,33.72550680565996,38304200
2023-08-10,33.52349853515625,33.91789250605816,33.43692406986081,33.66779053381464,38097500
2023-08-11,33.59083557128906,33.64855310765659,33.340733586026076,33.41769030118278,27518700
2023-08-14,33.52349853515625,33.590833822664045,33.36958878235301,33.494641603223755,23773800
2023-08-15,32.907859802246094,33.28301459853305,32.869381446345386,33.24453991213033,57472100
2023-08-16,32.859764099121094,33.109866076577504,32.82128574274379,32.85014634477578,33566500
2023-08-17,32.69622802734375,33.01366521059134,32.60003216158912,32.96556911246256,38205400
2023-08-18,32.686614990234375,32.78281088066354,32.43651301411458,32.46536994649433,40860000
2023-08-21,32.648136138916016,32.80204589177044,32.3884127429433,32.734710604240256,32308300
2023-08-22,32.34031677246094,32.696236058936435,32.2922206625177,32.65775770318266,43133000
2023-08-23,32.65775680541992,32.66737455934499,32.3499373068476,32.398033415468674,30240500
2023-08-24,32.54232406616211,33.00405329494167,32.54232406616211,32.60965934934885,35784900
2023-08-25,32.69622802734375,32.821277148579156,32.42688327272786,32.67698885419282,40347200
2023-08-28,32.879005432128906,32.99443683932791,32.77319177990554,32.80204871433072,34905300
2023-08-29,33.17719650268555,33.186814254557426,32.802038128734736,32.85013789658539,43394300
2023-08-30,33.19643783569336,33.38882593238788,33.12910255227494,33.225298435371066,33799900
2023-08-31,33.07139205932617,33.30225486326843,33.03291370216976,33.29263710872838,27999700
2023-09-01,33.369590759277344,33.47540440862918,33.24454160049624,33.27339853413831,41075700
2023-09-05,33.03291702270508,33.46578941048265,33.02329926719823,33.33111881639596,38612300
2023-09-06,33.013675689697266,33.08101098235034,32.773191453222495,32.94634039704419,35672800
2023-09-07,32.92709732055664,33.07138931316249,32.830905105151274,32.87900121285396,47632600
2023-09-08,32.99443435668945,33.06176964494714,32.83090684792021,32.95595600068563,39720800
2023-09-11,33.14834976196289,33.321498723998566,33.06177528094505,33.14834976196289,28965100
2023-09-12,33.369590759277344,33.610074991623094,33.10024959328952,33.138727951144396,48615200
2023-09-13,33.369590759277344,33.561978879053584,33.24454160049624,33.5235005211987,31994900
2023-09-14,33.67741012573242,33.72550990757532,33.436925894510544,33.600457079880464,65685500
2023-09-15,33.504268646240234,33.706274542644266,33.43692967794032,33.45616885895478,51800200
2023-09-18,33.59605407714844,33.64436518011039,33.35449487643776,33.460781514494606,32458700
2023-09-19,33.55740737915039,33.692679956552865,33.34483407986005,33.62504366785163,36112900
2023-09-20,33.32551193237305,33.779640763912404,33.315847499375764,33.673354116349614,31618000
2023-09-21,32.774749755859375,33.20955704334293,32.774749755859375,33.20955704334293,48103300
2023-09-22,32.52353286743164,32.8520535503714,32.52353286743164,32.82306762378591,41688300
2023-09-25,32.60083770751953,32.620159203751676,32.34961402568233,32.455900684467174,40141700
2023-09-26,32.166019439697266,32.50420079784774,32.10804391291418,32.35926750974055,46165400
2023-09-27,32.11771011352539,32.252982664239845,31.837500580816553,32.252982664239845,49360900
2023-09-28,32.349605560302734,32.46555293686206,32.1370322983601,32.14669672984875,63638100
2023-09-29,32.050071716308594,32.55251527626761,31.972774691799916,32.504204175212095,52860500
2023-10-02,31.779529571533203,32.02108878528569,31.605606642759323,31.943791753553462,49350600
2023-10-03,31.27708625793457,31.711893583946868,31.151478119454115,31.624932118744407,52921800
2023-10-04,31.508983612060547,31.52830879096622,31.122487405749013,31.28674958349676,40136000
2023-10-05,31.653915405273438,31.711890939207017,31.354384361368652,31.422020641340755,41407800
2023-10-06,31.924468994140625,32.10805268358446,31.41236091575288,31.51864756760508,54057800
2023-10-09,31.94379425048828,32.011430540753786,31.605609113259394,31.63459872758845,61396600
2023-10-10,32.17568588256836,32.37859473339197,32.03075256879478,32.040413315352616,44743400
2023-10-11,32.22399139404297,32.39791428910428,31.98243222711341,32.27230617614918,35746400
2023-10-12,32.02108383178711,32.320618537428096,31.798849831821418,32.320618537428096,41991200
2023-10-13,32.08872604370117,32.523533378826095,31.914803109651206,32.22399861776199,53213800
2023-10-16,32.42690658569336,32.581504317917734,32.26264442188583,32.3302806993652,45589300
2023-10-17,32.581512451171875,32.79408208235577,32.2723169095393,32.28197765763337,41925200
2023-10-18,32.02108383178711,32.446230341200184,31.953447557271488,32.41724073362169,46942100
2023-10-19,31.595945358276367,32.13703562889646,31.576620179196933,31.963116388983597,66656200
2023-10-20,31.112823486328125,31.644252951385003,31.083833877975508,31.58627742058038,59921300
2023-10-23,30.919580459594727,31.267426329509362,30.890592689451637,31.04519228726417,55913700
2023-10-24,31.132152557373047,31.2770858736624,30.967890375830482,31.06451627259113,35825000
2023-10-25,31.016197204589844,31.228770462251514,30.929235752446484,31.016197204589844,59240100
2023-10-26,30.948564529418945,31.257760020586527,30.89059083556265,30.938903782901647,56046100
2023-10-27,30.388151168823242,30.948566652801745,30.301189700597117,30.90991813522937,73057300
2023-10-30,30.92923927307129,31.006539988620208,30.523421574142425,30.60072044674085,48978100
2023-10-31,31.267425537109375,31.27708628396163,30.92924042286234,30.98721596167926,41050100
2023-11-01,31.470333099365234,31.595944918683422,31.25775981834999,31.32539610123648,51764100
2023-11-02,32.21434020996094,32.23366539135881,31.702235803572435,31.760207661864587,47417000
2023-11-03,32.63947296142578,32.79407067848196,32.513864850374105,32.52352559510872,58801300
2023-11-06,32.54286193847656,32.7747567506919,32.36893898636427,32.726445638638836,40599700
2023-11-07,32.494544982910156,32.57184201111437,32.38825834396606,32.446233879544906,27442000
2023-11-08,32.53318786621094,32.56217747357555,32.33027904416109,32.48487676847057,30165800
2023-11-09,32.397918701171875,32.68779268968375,32.3399468521902,32.63947790099785,34336600
2023-11-10,32.76508331298828,32.794069231813786,32.35926570583055,32.55251007920081,35146100
2023-11-13,32.7167854309082,32.80374690840052,32.600838022885654,32.64914913573658,28327300
2023-11-14,33.33517074584961,33.51875441723572,33.0453004330659,33.07428635857397,54296300
2023-11-15,33.51875305175781,33.6153789426834,33.38348049036285,33.39314492240583,35000200
2023-11-16,33.65403366088867,33.69268033636697,33.50909664866571,33.615383299509034,33222500
2023-11-17,33.82794952392578,33.83761395625246,33.692676958559936,33.77963841999526,31336100
2023-11-20,33.96323013305664,34.04052717208336,33.71200646294157,33.779642754302984,37285400
2023-11-21,33.94390106201172,34.0308625246398,33.885925524959326,33.914911450535016,27285700
2023-11-22,34.07917022705078,34.14680650390915,33.963222850422234,34.021194695786185,32719200
2023-11-24,34.185462951660156,34.243434807357616,34.069511868462634,34.079176301679745,13168500
2023-11-27,34.06950759887695,34.127483133210234,33.99221057233343,34.05984685277183,35017000
2023-11-28,34.059844970703125,34.17579234706185,33.972883516958916,34.0308590480886,39329300
2023-11-29,34.30140686035156,34.50431570645855,34.156469864046045,34.156469864046045,36651300
2023-11-30,34.687904357910156,34.687904357910156,34.27242221791477,34.37870886106258,37334500
2023-12-01,34.94878005981445,34.987430412861926,34.57194833235289,34.629923861924105,51267600
2023-12-04,34.910133361816406,35.045405911462495,34.70722085144674,34.74587120446006,41366600
2023-12-05,34.736209869384766,34.813506888198475,34.581612145856866,34.80384614305944,39510900
2023-12-06,34.562294006347656,35.05507319857573,34.51398289901569,34.92946505669284,35616100
2023-12-07,34.72654724121094,34.74587241839277,34.56228876401635,34.64925021838427,26050900
2023-12-08,34.910133361816406,34.968105205435855,34.649249007827294,34.68789936084061,33213100
2023-12-11,35.122703552246094,35.19033982826434,34.919794724191334,34.919794724191334,31165700
2023-12-12,35.37393569946289,35.38359644726736,35.06474016709901,35.20967349957499,37245700
2023-12-13,35.94401168823242,35.9826620469896,35.3159562590821,35.38359254395662,56989000
2023-12-14,36.301517486572266,36.436790053320046,36.10826938297501,36.23388120319837,66865700
2023-12-15,36.08894729614258,36.17590876591719,35.93434953719896,36.001985826367964,69246200
2023-12-18,36.2093505859375,36.33558056739776,36.170508882034916,36.26760943764262,43434000
2023-12-19,36.481239318847656,36.490951598019535,36.09282964325474,36.189933914227566,32509000
2023-12-20,35.830657958984375,36.471531341307134,35.830657958984375,36.38413934807452,52985700
2023-12-21,36.18022155761719,36.189933836768276,35.8500744453146,35.98602042438558,27522200
2023-12-22,36.257904052734375,36.40355860310545,36.12196178126755,36.28703348114895,30331400
2023-12-26,36.40355682373047,36.47152795614151,36.2287728534881,36.28703170746962,17837600
2023-12-27,36.52007293701172,36.52007293701172,36.267605592560194,36.32586814223709,32640800
2023-12-28,36.62689208984375,36.704571798690544,36.45210811475221,36.46181668930218,25308000
2023-12-29,36.51036834716797,36.67544375393459,36.40355920649445,36.61718119199063,30218300
2024-01-02,36.665733337402344,36.68515419237019,36.34529849080615,36.41326963111896,31351900
2024-01-03,36.35500717163086,36.5589242973099,36.29674831070772,36.50066173223741,46909000
2024-01-04,36.50065612792969,36.79196150026644,36.43268499785607,36.4812352758874,36904200
2024-01-05,36.65602111816406,36.85022594438811,36.48123714497732,36.500657998014624,44852300
2024-01-08,36.88906478881836,36.90848193620042,36.47152574127912,36.665726848289175,39098300
2024-01-09,36.65602111816406,36.70457139868283,36.53949970408922,36.69486282423866,36338100
2024-01-10,36.71428680419922,36.743416234161614,36.48124025205221,36.59776167605107,37095500
2024-01-11,36.578338623046875,36.714284597716194,36.287033228482166,36.665730611831194,49043500
2024-01-12,36.51036834716797,36.88906944357992,36.36471749853181,36.7531234657107,41333900
2024-01-16,36.257904052734375,36.32587518846779,36.053990645534135,36.199641491756125,44042100
2024-01-17,36.1899299621582,36.33558079648806,35.92775401538591,35.94717486745965,38715900
2024-01-18,36.248191833496094,36.28702983276097,35.87920305936441,36.141379001183076,42064900
2024-01-19,36.83080291748047,36.879353195133646,36.267609325087115,36.384134436433236,59417700
2024-01-22,37.005592346191406,37.1900849101831,36.91820035184812,36.98617149143186,51828800
2024-01-23,37.06385040283203,37.09298353641443,36.908487272273035,36.986170689627144,46255500
2024-01-24,37.20949935913086,37.41341274277733,37.18036993408098,37.21921163691326,43975500
2024-01-25,37.39399719238281,37.43283890072134,37.16095435065001,37.35515918819347,50693800
2024-01-26,37.529945373535156,37.597916515041014,37.296898813979794,37.335740524597256,38620200
2024-01-29,37.62704086303711,37.65617028999052,37.31631462837104,37.41341518764835,44175600
2024-01-30,38.102840423583984,38.14167842269576,37.64645967064512,37.66588052227536,43229300
2024-01-31,37.636749267578125,38.30675571767635,37.617332119129344,38.02515891123359,65780900
2024-02-01,37.69501495361328,37.724144382852735,37.14153357316859,37.56878125332702,63445600
2024-02-02,37.850372314453125,38.0251562715498,37.549354676309164,37.56877552755864,61778400
2024-02-05,37.62704086303711,37.75327455341673,37.4619691714359,37.63674943730528,37351300
2024-02-06,37.7047233581543,37.76298221064636,37.529939392380484,37.57848967084014,41055700
2024-02-07,37.9863166809082,38.034866959656746,37.646461025519564,37.9086369757403,39018700
2024-02-08,37.840667724609375,37.9571891402245,37.59791261465761,37.81153459259383,47331500
2024-02-09,37.947479248046875,37.96689639651768,37.69501186813971,37.7921124270893,50680400
2024-02-12,38.12226104736328,38.287336449198875,37.86008878681981,37.94748077505064,39952700
2024-02-13,37.60762023925781,37.928058754291364,37.30660257702771,37.83095449027411,62948300
2024-02-14,37.96690368652344,37.996036823121266,37.6853105298415,37.83096139623224,58722500
2024-02-15,38.61748504638672,38.69516475885502,38.07371224251188,38.08342452166366,58107900
2024-02-16,38.48154067993164,38.65632465367205,38.40385726753636,38.57864124127677,37900000
2024-02-20,38.37472915649414,38.51067142870072,38.18052432299228,38.20965375156537,39952200
2024-02-21,38.49125289916992,38.49125289916992,38.19023890800742,38.32618118842266,40242400
2024-02-22,38.937923431396484,39.07386942287779,38.63690942491883,38.70488056858472,55188200
2024-02-23,39.13212203979492,39.29719743673912,39.05444233264095,39.083571759805075,42190500
2024-02-26,38.937923431396484,39.35546257342955,38.86995228773059,39.09328657465417,38370000
2024-02-27,39.04473114013672,39.05444341889418,38.78255517592071,38.97676000543061,42599500
2024-02-28,39.19038391113281,39.32632617438043,38.957337385459134,38.96704966377617,40040800
2024-02-29,39.17095947265625,39.37487284885999,39.00588409371857,39.28748087275145,37629700
2024-03-01,39.12241744995117,39.248647449951115,38.99618374580192,39.161259159558526,40794900
2024-03-04,39.219520568847656,39.32633342513541,39.044736568403984,39.05444884851171,53413200
2024-03-05,39.229225158691406,39.45255940344398,39.08357061882508,39.08357061882508,50770200
2024-03-06,39.433143615722656,39.54966504009169,39.11270506852121,39.2874890571494,58459500
2024-03-07,39.374881744384766,39.65647858703566,39.229230887397634,39.57879516665637,35505100
2024-03-08,39.442848205566406,39.64676530779425,39.39429792566413,39.43313963124552,47266600
2024-03-11,39.51082229614258,39.549664004631765,39.229229169968995,39.297200307750465,36233100
2024-03-12,39.675899505615234,39.79242093222126,39.46227380337972,39.598216085111645,53199300
2024-03-13,39.96719741821289,39.97690599187785,39.72444233095354,39.753571756097095,43471400
2024-03-14,39.646766662597656,40.0545934726917,39.43314097874894,39.97691005887433,65563400
2024-03-15,39.6079216003418,39.79241413630537,39.345745657141734,39.423425360229494,67568000
2024-03-18,39.835025787353516,39.88375886662211,39.55237244035742,39.7473047574318,39140600
2024-03-19,40.02995681762695,40.04945079051621,39.84476965232177,39.86426362521103,36748300
2024-03-20,40.50754928588867,40.53678838576189,39.91299613449927,39.98122317960018,52255300
2024-03-21,40.83894348144531,40.93640963619807,40.55628642732865,40.60501950470503,49209200
2024-03-22,40.37108612060547,40.975388037162325,40.34184702461209,40.887667031087595,32033000
2024-03-25,40.215145111083984,40.41008112734989,40.215145111083984,40.34185407937111,31784000
2024-03-26,40.35160446166992,40.47830971668655,40.22489548855789,40.36134958971143,30135500
2024-03-27,40.829193115234375,40.83894196120403,40.439324792640825,40.5465360716397,36670300
2024-03-28,41.053367614746094,41.15083748248791,40.809698522534475,40.87792557090611,41490200
2024-04-01,40.829193115234375,41.13134413267302,40.751220937953796,41.09235618498507,37537700
2024-04-02,40.61476516723633,40.760968119384266,40.54653811439277,40.70248619490599,36359800
2024-04-03,40.59526824951172,40.89741551450012,40.488053264608126,40.62450734790546,39715900
2024-04-04,40.13717269897461,41.01438290795564,40.08843962471905,40.93640701467056,52657500
2024-04-05,40.51729202270508,40.62450700670819,40.15666284586314,40.29311692801442,47540300
2024-04-08,40.6927375793457,40.7609646263425,40.507550411510856,40.5270443846664,35165700
2024-04-09,40.45881652832031,40.81944948048238,40.1371752433678,40.71223447946639,51953600
2024-04-10,39.854515075683594,40.22489312713958,39.727806110010064,40.06894506096261,59492800
2024-04-11,39.571861267089844,39.89350627120741,39.32819216145975,39.83502434734181,56870800
2024-04-12,39.04553985595703,39.47439615467864,38.89933690147925,39.308702943159695,81234800
2024-04-15,38.85060119628906,39.708317453844124,38.73364107147098,39.55236938138824,71800600
2024-04-16,38.587432861328125,38.967556003687704,38.52895094785172,38.87983499252051,66751300
2024-04-17,38.68490219116211,38.93832011904282,38.52895412711826,38.762878082231595,41561900
2024-04-18,38.82136154174805,39.16249678348236,38.7336405198599,38.86034577073534,48893400
2024-04-19,39.3574333190918,39.435405496188466,38.95781615147112,39.0357883285678,55513600
2024-04-22,39.835025787353516,40.05920092646554,39.40616948445602,39.571862697588365,50701200
2024-04-23,40.08843994140625,40.185906090687325,39.9129978982241,40.02021289329044,36488600
2024-04-24,40.07868957519531,40.13717149340255,39.874008438612684,39.98122342961172,33957500
2024-04-25,39.844764709472656,39.99096391086293,39.503625803372636,39.88374893231991,50365700
2024-04-26,39.78628921508789,40.01046433451869,39.68882306510765,39.776544087327984,35796900
2024-04-29,39.72780990600586,39.95198875826979,39.581610671424144,39.7765467022953,36596100
2024-04-30,39.33793640136719,39.727804693864684,39.33793640136719,39.640083677386116,34481600
2024-05-01,39.33793640136719,39.81552571034326,39.25996051201066,39.308697301906015,54717600
2024-05-02,39.435401916503906,39.669325862750505,39.15274489923363,39.610843946665106,37085100
2024-05-03,39.523128509521484,39.757052488782,39.32819247982031,39.66933146132125,45012600
2024-05-06,40.02995681762695,40.02995681762695,39.73755466047846,39.82527567943252,42335600
2024-05-07,40.166412353515625,40.24438824787544,40.059197357818526,40.12742440633572,42601200
2024-05-08,40.31261444091797,40.38084148798732,40.02021227946431,40.127423554790994,28390900
2024-05-09,40.61476516723633,40.61476516723633,40.20540285017495,40.21514797854023,31594800
2024-05-10,40.770721435546875,40.84869362530383,40.71223950465721,40.7609725880173,34306800
2024-05-13,40.605018615722656,40.955902714103296,40.605018615722656,40.88767566365099,29570100
2024-05-14,40.809696197509766,40.83893901521392,40.60501506405604,40.760963125462936,30638300
2024-05-15,41.11185073852539,41.150838686763095,40.89742074131341,40.907169587420526,36138300
2024-05-16,41.11185073852539,41.30678676161852,41.09235676440654,41.150838686763095,36032700
2024-05-17,41.41400146484375,41.41400146484375,41.1313444192795,41.18007749518135,29813200
2024-05-20,40.84868621826172,41.38475747420941,40.829192244833315,41.326279272019455,35719600
2024-05-21,41.11185073852539,41.150838686763095,40.907169587420526,40.92666356153938,33413400
2024-05-22,40.877925872802734,41.19957086158325,40.79020485023489,41.02412881644757,38661100
2024-05-23,40.31261444091797,40.87792479064901,40.15666637360301,40.83894056239168,51768500
2024-05-24,40.55628204345703,40.56602717064073,40.390585136573534,40.390585136573534,23477300
2024-05-28,40.107933044433594,40.468562250661286,39.9617301055897,40.468562250661286,31004900
2024-05-29,39.78628921508789,39.912998184538445,39.669329091492536,39.78628921508789,40620200
2024-05-30,40.00071716308594,40.08843818082453,39.727805264513044,39.825275127608755,32769300
2024-05-31,40.58551788330078,40.62450582509424,39.96172568698448,40.07868579427009,38664000
2024-06-03,40.332115173339844,40.62451738379709,39.98123103355282,40.57578430173685,37855000
2024-06-04,40.14692306518555,40.44907411394878,39.96173587161205,40.117683960435976,27586400
2024-06-05,40.26388168334961,40.312614757625546,39.971475801503516,40.2736268109667,23817300
2024-06-06,40.244388580322266,40.449069727564655,40.08844050840968,40.33210960315405,39040200
2024-06-07,40.429569244384766,40.65374432928447,40.17615506261393,40.25412722696853,42273300
2024-06-10,40.273624420166016,40.32235749154896,40.01046137298407,40.25413044799383,31615200
2024-06-11,39.815528869628906,40.09818591383205,39.62059656696018,40.078691939946104,54584900
2024-06-12,39.77654266357422,40.273625959633435,39.71806074482219,40.22489288638766,46399800
2024-06-13,39.7473030090332,39.78629095797133,39.47439480265723,39.776545829784524,39497900
2024-06-14,39.62059783935547,39.69857001930793,39.347685914283204,39.47439488956334,29083000
2024-06-17,39.97147750854492,39.98122635467359,39.45490020658737,39.52312725710647,36076900
2024-06-18,40.224891662597656,40.224891662597656,39.88375272406558,39.92274066871411,38900300
2024-06-20,40.43932342529297,40.546534700666776,40.09818447170107,40.13717241807075,42869100
2024-06-21,40.28337097167969,40.38083710889614,40.04944703702746,40.34184916677164,42530600
2024-06-24,40.697296142578125,40.95171375857209,40.35481017242912,40.452662240238226,45252000
2024-06-25,40.39394760131836,40.746221007834954,40.27652437675183,40.61901033707796,32845400
2024-06-26,40.139530181884766,40.22759853392917,39.94382231813976,40.208027374272966,37978500
2024-06-27,40.090606689453125,40.13953272528527,39.84597277747514,40.02210949272467,25466100
2024-06-28,40.227596282958984,40.48201387861942,40.061243301598196,40.178670252964686,44045100
2024-07-01,40.31566619873047,40.65815215483326,40.149313210897,40.393947103203836,36131100
2024-07-02,40.785369873046875,40.785369873046875,40.217817353051515,40.23738851575662,27033100
2024-07-03,40.65815353393555,40.86364511456738,40.63858237394912,40.824506527411614,21113200
2024-07-05,40.64836883544922,40.74622090019332,40.41351865411958,40.74622090019332,21421100
2024-07-08,40.54072570800781,40.951708822650716,40.49179968000033,40.707074949796606,27779300
2024-07-09,40.853858947753906,41.1180639924798,40.53094042659441,40.579870190030846,33140000
2024-07-10,41.01042175292969,41.02020546527498,40.63857722592638,40.65814838343357,28445400
2024-07-11,41.333343505859375,41.40184069611753,40.922356631493535,41.049567298894495,45836600
2024-07-12,41.4703369140625,41.64647360854432,41.17677700086507,41.284412773877904,39041200
2024-07-15,42.0770263671875,42.11616868293996,41.58775861873183,41.617113489137836,46561200
2024-07-16,42.556514739990234,42.57608216704387,42.02810462193255,42.10638552859828,52243100
2024-07-17,42.87942886352539,42.957713501762534,42.43908710548394,42.507584297532944,54773300
2024-07-18,42.36079788208008,43.163196602366476,42.262942103498645,42.73263864224071,58731300
2024-07-19,41.93024826049805,42.42930349846831,41.88132222788569,42.341235146639264,47220000
2024-07-22,42.165096282958984,42.2433771845652,41.832394052294724,42.02810190553549,29071100
2024-07-23,42.243377685546875,42.45865669994648,42.174880496022794,42.2727362902121,23800400
2024-07-24,41.666046142578125,42.20423995667595,41.666046142578125,42.1161716065278,47786900
2024-07-25,41.82261657714844,42.439091367499955,41.734548216695735,41.74433193104942,44862000
2024-07-26,42.47822952270508,42.605440193725734,42.028104050252935,42.047675209857424,32636300
2024-07-29,42.41951370239258,42.60543784196393,42.20423842426016,42.57607923776925,35195700
2024-07-30,42.908782958984375,43.05556478661096,42.66414906815136,42.683720227356034,31418700
2024-07-31,42.8011474609375,43.16320457653623,42.77178885553109,43.006639034697564,38694800
2024-08-01,42.1944580078125,43.01642813867717,42.00853757008526,42.9577183861409,47060900
2024-08-02,41.15721130371094,41.86175444231208,40.90278994111324,41.71497633264478,78599800
2024-08-05,39.96339416503906,40.345022452855254,39.78725745792127,40.25695409929636,107913600
2024-08-06,40.60922622680664,41.088710299393945,40.03189009017309,40.13952960031414,57668900
2024-08-07,40.65815353393555,41.45076871570888,40.59944378679336,41.059352981614545,43912600
2024-08-08,41.313777923583984,41.36270396139886,40.86364867036189,40.922362155430186,41260500
2024-08-09,41.48991012573242,41.59754590407148,41.13763671933693,41.303985976347576,23838800
2024-08-12,41.27463150024414,41.675830942981335,41.18656314779856,41.5681914307904,20509300
2024-08-13,41.61711120605469,41.64646980766678,41.215911823643204,41.51925915485832,24922000
2024-08-14,42.12595748901367,42.20424212998416,41.68561571559752,41.71497432237002,30673000
2024-08-15,42.517372131347656,42.75221858256616,42.38037774600069,42.52715584480799,33329000
2024-08-16,42.83050537109375,42.83050537109375,42.468448229817696,42.468448229817696,25338900
2024-08-19,43.06534957885742,43.07513702511346,42.840286841589865,42.840286841589865,24458600
2024-08-20,42.92835235595703,43.05556301915688,42.84028400955972,43.01642070235434,19620400
2024-08-21,42.859859466552734,43.04578362360348,42.63479672159087,42.99685385628455,19914100
2024-08-22,43.104488372802734,43.104488372802734,42.86964194130387,42.90878052467586,24738700
2024-08-23,43.47633361816406,43.58397312302558,43.14363139078154,43.23169973723035,32762500
2024-08-26,43.61333465576172,43.848184859768615,43.51548258156897,43.623122102871406,23716300
2024-08-27,43.838401794433594,43.85797295779181,43.623126463128685,43.70140738374381,21583500
2024-08-28,43.94603729248047,44.19067121277546,43.68183221062378,43.72097453374715,24726200
2024-08-29,44.33744812011719,44.484226216256744,43.78946685587205,44.09281422706762,33726600
2024-08-30,44.758216857910156,44.79735544223345,44.25916164641577,44.46465321217614,28967700
2024-09-03,44.42552185058594,44.89521853418045,44.22002651859918,44.52337392652826,39893900
2024-09-04,44.47444534301758,44.78757644749155,44.24938259497799,44.50380021755664,32006100
2024-09-05,43.98517608642578,44.67993546844294,43.789468219329045,44.66036430845156,39523500
2024-09-06,43.33933639526367,44.22980351405764,43.24148060962796,43.98516964919318,51331300
2024-09-09,43.98517608642578,44.22980998709242,43.691616152189226,43.75032589934629,41010900
2024-09-10,43.5350456237793,44.17109145304572,43.03599043314385,44.13194913754163,59115000
2024-09-11,43.329551696777344,43.39804888465583,42.448871967132476,43.3686940135127,59397500
2024-09-12,43.427406311035156,43.56440068307738,43.05556177776578,43.40783515319817,37732700
2024-09-13,43.55461502075195,43.73075171567868,43.456762960377915,43.55461502075195,32912300
2024-09-16,44.122169494628906,44.13195320799899,43.7405412153067,43.7405412153067,37063700
2024-09-17,44.35702133178711,44.50379943471772,44.17109717546433,44.22002320977454,27893300
2024-09-18,44.22002029418945,44.70928807066659,44.12216823202078,44.37658583334946,41783900
2024-09-19,44.709285736083984,44.826712683934986,44.36679980356032,44.670147152950356,46457700
2024-09-20,44.67993927001953,44.67993927001953,44.366808149148945,44.61144207063018,48699200
2024-09-23,44.62591552734375,44.85179449858855,44.54735072038482,44.67502274634226,31615300
2024-09-24,44.25273132324219,44.488429518090456,44.09559794455825,44.488429518090456,40341400
2024-09-25,43.98756790161133,44.331295995631635,43.850076664003204,44.272373320288295,32546900
2024-09-26,44.21344757080078,44.301835331514866,43.96792642952336,44.11523686647663,31445200
2024-09-27,44.34111404418945,44.625915685071355,44.242903352200145,44.311648963415244,23226100
2024-09-30,44.50807189941406,44.52771404015019,44.036671760813,44.23308942181893,23593400
2024-10-01,44.27237319946289,44.49825219582482,43.97774483812928,44.39022229618319,32703000
2024-10-02,44.321475982666016,44.419682937333974,44.02685137230696,44.252730365127405,37709400
2024-10-03,44.08576965332031,44.242903012943465,43.869709878955426,44.15451526400827,23545700
2024-10-04,44.832157135009766,44.87143766621287,44.34111490459939,44.517890407255514,40432000
2024-10-07,44.28219223022461,44.851799317529405,44.095597515588686,44.83216092344581,26599300
2024-10-08,44.537532806396484,44.645562706222215,44.3705802312878,44.449145047116815,28763000
2024-10-09,44.95001220703125,45.03839997012934,44.44914696735693,44.53753473045502,28334300
2024-10-10,44.81251907348633,45.038398070464055,44.62592061128563,44.99911378933178,34127400
2024-10-11,45.6767463684082,45.76513411924095,45.06785505509089,45.09731638991684,52850300
2024-10-14,45.961551666259766,46.01065513965495,45.627642802275645,45.75531483018704,35850800
2024-10-15,46.05976104736328,46.54098031782513,46.00083463315468,46.275817073418594,42356800
2024-10-16,46.62936782836914,46.64900996633859,46.14814856035926,46.23653630804441,44973700
2024-10-17,46.757041931152344,46.95345957322625,46.72758059606548,46.825787543924974,45823400
2024-10-18,46.76686477661133,46.86507547848911,46.50170150107412,46.757045579601154,34279600
2024-10-21,46.39366912841797,46.79632358624391,46.305281381755954,46.688293701839804,26207400
2024-10-22,46.30528259277344,46.383847399441755,45.94190865457368,46.15796842903247,30018700
2024-10-23,46.26599884033203,46.37402872878512,46.04011986736414,46.25617589791547,20697200
2024-10-24,46.30528259277344,46.36420526118597,46.020477207596805,46.27581751221236,19617500
2024-10-25,45.79460144042969,46.5704453508504,45.686571545643815,46.49188053868662,25526500
2024-10-28,46.36421203613281,46.40349631838477,46.020483932316544,46.030303129701856,31415900
2024-10-29,46.07939910888672,46.37402743146372,46.0401185793839,46.246355408104,27930900
2024-10-30,46.285640716552734,46.5802652993478,46.099042275243825,46.138326551977784,28704300
2024-10-31,45.64728546142578,46.36420667096434,45.64728546142578,46.226715445348034,53417100
2024-11-01,45.80441665649414,46.157967646393914,45.68656757531246,45.79459746071014,40139900
2024-11-04,45.450870513916016,45.814244484708254,45.20534938322916,45.77496020467313,41705600
2024-11-05,45.873165130615234,45.89280726976453,45.401765030097,45.490152783091354,35221800
2024-11-06,48.662288665771484,48.78996070615268,47.827518297456145,48.16142719405333,153473400
2024-11-07,47.876617431640625,48.55425436044685,47.78822968037417,48.55425436044685,70611400
2024-11-08,48.30873489379883,48.58372109954136,47.974826016104714,48.22034713951641,60376500
2024-11-11,48.996192932128906,49.241714046237675,48.78013315287963,48.789956095402715,63654700
2024-11-12,48.848876953125,49.045290824978814,48.70156280288017,48.97654522055909,58512400
2024-11-13,48.87834548950195,49.231896505120844,48.799776932095526,48.94709110405507,31880700
2024-11-14,48.750675201416016,49.09440703283691,48.66228744434837,48.986377135714775,38252800
2024-11-15,48.9765510559082,49.11404228112916,48.72121074426284,48.750672079280214,40741500
2024-11-18,49.12386703491211,49.21225478957801,48.80960029529001,49.01583714072544,27141600
2024-11-19,48.799774169921875,48.986372610022755,48.534610923216526,48.73102855925991,27014700
2024-11-20,48.6524658203125,49.02565522366464,48.4167638977725,48.99619388823026,33932500
2024-11-21,49.27117919921875,49.49706193849522,48.77031773602027,48.89798977422975,50881800
2024-11-22,49.82114028930664,49.87024375917515,49.23189115817528,49.24171035360714,42050800
2024-11-25,50.14523696899414,50.331831679214595,49.9488193156091,50.09612974588153,47492500
2024-11-26,50.243438720703125,50.34164566405051,49.85060345460409,50.16487391529617,28418400
2024-11-27,50.34164810180664,50.69519910914526,50.29254462775515,50.31218676664673,31803700
2024-11-29,50.42021942138672,50.6460984114901,50.331831664706684,50.51842637487336,15178400
2024-12-02,49.91935729980469,50.567532924709994,49.79168526488778,50.498783562558515,55483600
2024-12-03,49.54616165161133,50.21397938270905,49.54616165161133,50.21397938270905,46924300
2024-12-04,49.35956573486328,49.53634124605173,49.19261316671591,49.497060712952695,41017400
2024-12-05,49.50687789916992,49.76221821254218,49.398848008235724,49.438132286094515,33599300
2024-12-06,49.4970588684082,49.664011430333964,49.35956389544264,49.4970588684082,23439400
2024-12-09,48.81942367553711,49.585452197072776,48.79978153433308,49.53634497088502,41998300
2024-12-10,48.80960464477539,49.084587129860004,48.50515707460644,48.85870812477545,38861800
2024-12-11,48.90780258178711,49.02565166131637,48.69174656037591,49.006013270023736,35035900
2024-12-12,48.69175338745117,49.074765759389486,48.69175338745117,49.03548147858678,23107300
2024-12-13,48.6524658203125,48.90780613557212,48.54443592857979,48.888163996497546,39160400
2024-12-16,48.56407928466797,48.74085479441422,48.475691529794844,48.68192837571379,35242800
2024-12-17,48.2203483581543,48.38730467439824,48.05339578826548,48.377481731254704,46103300
2024-12-18,46.77668380737305,48.41676305481905,46.73739952990783,48.30873316496717,72399500
2024-12-19,46.94363784790039,47.66055907565861,46.93381865140179,47.3070080600288,63641000
2024-12-20,47.64092254638672,48.014115745315074,46.74722570557401,46.84543641390014,56066100
2024-12-23,47.75532531738281,47.79477713081197,47.212876050893904,47.400270283516406,43033300
2024-12-24,48.317501068115234,48.337223211197845,47.7651870035083,47.853951696707064,18350500
2024-12-26,48.43585205078125,48.45557795591563,48.070932211624495,48.10051918816021,20805600
2024-12-27,48.08079147338867,48.495024178624874,47.82436224095649,48.17941723301684,33852400
2024-12-30,47.61724853515625,47.83422975034117,47.20301577416547,47.58766155575179,34819800
2024-12-31,47.66656494140625,47.90326830010173,47.49889661352591,47.735603734553436,25170500
2025-01-02,47.54821014404297,48.1005242590368,47.28191604015302,47.91313378400259,35879100
2025-01-03,47.92299270629883,47.95257968462621,47.4199952630737,47.82436693698627,25198100
2025-01-06,47.77505111694336,48.34709112338712,47.68628641809285,48.13010991234542,54289900
2025-01-07,47.66656494140625,48.09065877259665,47.45944479963264,47.98217192788825,57682700
2025-01-08,47.82436752319336,47.834228595312716,47.36081812461214,47.67642510507919,36422000
2025-01-10,46.67042541503906,47.479168754947295,46.50276085638263,47.439716942675695,53128700
2025-01-13,47.00575637817383,47.02548228350536,46.39426836222316,46.43372017288623,36002800
2025-01-14,47.5876579284668,47.62710973955365,47.08466050527064,47.19314734226182,39353300
2025-01-15,48.80077362060547,48.928990127360144,48.33722423933753,48.60351832459793,61176900
2025-01-16,49.126243591308594,49.1656916391735,48.78104589558586,48.78104589558586,33830400
2025-01-17,49.54047775268555,49.62924244704453,49.04734139787602,49.22487078659399,43693100
2025-01-21,49.954715728759766,50.01388968519961,49.698282709747374,49.708147544041964,33267500
2025-01-22,49.71800994873047,49.964578140057704,49.52075464320228,49.95471706783071,37226400
2025-01-23,50.004032135009766,50.09279683825313,49.78705091322995,49.79691574821931,32048800
2025-01-24,50.1519660949707,50.20128274062762,49.7870462435669,49.83635912689198,39088700
2025-01-27,50.704280853271484,50.73386783119871,49.925124494311554,50.06320207441445,61707400
2025-01-28,50.615516662597656,50.84235894107933,50.40840029037508,50.64510364082034,39885300
2025-01-29,50.57606506347656,51.02975338468609,50.46757445975976,50.47743929409689,43612200
2025-01-30,51.05933380126953,51.32562785917085,50.724000961208404,51.03960789746224,64250500
2025-01-31,50.763458251953125,51.25659461340646,50.733867511880256,51.118517034172626,40424200
2025-02-03,50.556339263916016,50.69442060860391,49.718008935422326,50.05334181928619,77416200
2025-02-04,50.437984466552734,50.68455263759559,50.29990689274181,50.61551385069012,41742700
2025-02-05,50.97057342529297,50.98043449686473,50.437985264455534,50.65496646235192,34758600
2025-02-06,51.39467239379883,51.414398299813996,51.049474682031274,51.2664558858662,34355900
2025-02-07,51.1086540222168,51.542612681328215,51.06920220893431,51.45384798260861,40601400
2025-02-10,50.704280853271484,51.266456007880066,50.48729964892014,51.197417217828615,37921500
2025-02-11,50.832496643066406,50.931122409651145,50.319634379695714,50.62538027583935,45162900
2025-02-12,50.654972076416016,50.67469798407751,50.221009632527405,50.57606844577002,45473100
2025-02-13,50.99029541015625,51.05933419284552,50.57605895168915,50.793040132901986,36372200
2025-02-14,51.08892822265625,51.30590943383274,51.03961533711578,51.059341243798364,29574300
2025-02-18,51.45384979248047,51.483440534649176,51.039617025439796,51.167833541951865,33496800
2025-02-19,51.47357177734375,51.532749494839486,51.18755554861062,51.325633127102165,31748500
2025-02-20,50.68455505371094,51.43412443631868,50.339361102728354,51.39467262411156,47078900
2025-02-21,50.053340911865234,50.79304545736078,49.95471514406525,50.70428076140804,51789900
2025-02-24,50.270320892333984,50.70427952735679,49.984300905410606,50.290046797880265,56673900
2025-02-25,50.260459899902344,50.704283402786494,49.619384851142634,50.56620581574077,50132800
2025-02-26,50.1519660949707,50.61551547535651,50.05334032832054,50.2703215297491,31250500
2025-02-27,50.428131103515625,51.08893209700043,50.29005350859834,50.32950156262307,44378600
2025-02-28,51.46371078491211,51.54261064602952,50.46757323169035,50.68455443384397,63537100
2025-03-03,51.029754638671875,51.91739787189734,50.66483100586933,51.60179088732846,76100100
2025-03-04,49.23473358154297,50.5760651155463,48.95857841713003,50.51689115879035,99342400
2025-03-05,49.520751953125,49.75745905936678,48.87967694789802,49.25445786947743,75561700
2025-03-06,48.7021484375,49.274184664213124,48.38654146503789,48.93885178568065,55477700
2025-03-07,48.44572067260742,48.65284082763291,47.587664358355404,48.52462430544233,87351400
2025-03-10,47.360816955566406,47.94271801687624,46.808502872216295,47.62711104419957,78221400
2025-03-11,46.956443786621094,47.419993158951726,46.63097199013403,47.291776654669086,72972200
2025-03-12,47.025482177734375,47.52847959439611,46.5717976431247,47.459440807056886,60700100
2025-03-13,46.7690544128418,47.41999807327582,46.630976822688694,47.14383913063747,49986300
2025-03-14,47.85395050048828,47.9328503578417,46.96630359068942,47.21287175870781,49535700
2025-03-17,48.41613006591797,48.652837184365076,47.65669958724568,47.66656442177749,43570500
2025-03-18,48.35694885253906,48.61338185919369,48.17941946711101,48.45557837907228,32714200
2025-03-19,48.88954162597656,49.14597465684886,48.18928885195132,48.38654416131491,44290700
2025-03-20,48.958580017089844,49.29391291154931,48.524621349926086,48.613386050292775,46326000
2025-03-21,48.781044006347656,48.958573383025154,48.35694646898826,48.71200522234325,53382800
2025-03-24,49.641231536865234,49.76001308383676,49.15620090806913,49.28488311995337,43158200
2025-03-25,49.918392181396484,49.997578624587,49.5719444124427,49.81940818340897,24873700
2025-03-26,49.76991653442383,50.39352634623639,49.58184541225716,50.06687610499977,39729200
2025-03-27,49.670928955078125,49.93819028377195,49.284886072297326,49.6808258445864,32299800
2025-03-28,48.71076965332031,49.78971188747178,48.52269853947652,49.52245055137948,45365400
2025-03-31,49.304683685302734,49.55214745927354,48.08716237048606,48.22574147975011,38042300
2025-04-01,49.24528884887695,49.463058168688626,48.700869325345124,49.11660663480666,37959100
2025-04-02,49.65113067626953,49.81940800343739,48.77016025897168,48.84934670187614,41792100
2025-04-03,47.2061882019043,48.15645196448718,47.11710109216207,47.711016415776065,101160600
2025-04-04,43.7515983581543,45.93917733206258,43.642713687561965,45.60262643023071,128135300
2025-04-07,43.6427116394043,45.18688695934061,41.781782988608875,42.405392760736675,179993200
2025-04-08,43.47443389892578,45.751103635029594,42.80133590918787,45.33536253219417,98804200
2025-04-09,46.7508544921875,47.12700047597995,42.63305755297802,42.80133487835784,177242900
2025-04-10,45.444244384765625,46.127242997737376,44.088144047706955,46.05795344755172,93318200
2025-04-11,46.196537017822266,46.49349657706243,44.90972610643959,45.13739233279211,63647400
2025-04-14,46.67166519165039,47.13689447827109,46.39450322141131,46.86963317268191,52008900
2025-04-15,46.79045104980469,47.41406082034636,46.75085593954862,46.93892704926863,41840100
2025-04-16,46.05795669555664,46.85974068767182,45.71150892019687,46.69146335678454,47934300
2025-04-17,46.17674255371094,46.73105900061491,45.958973220428604,46.028262776291605,61866600
2025-04-21,45.186885833740234,46.077753138590985,44.68205762926043,45.93917403179181,43082300
2025-04-22,46.68156433105469,46.80034588060009,45.73130438269671,45.86988348649925,38154800
2025-04-23,47.23588562011719,48.2356375893555,47.07750895837654,47.55263894359848,50290900
2025-04-24,47.7605094909668,47.84959660271524,46.87953903923086,47.067610152478636,26817900
2025-04-25,47.53284454345703,47.740713217787565,47.21609119895401,47.52294387744259,28113000
2025-04-28,47.68131637573242,48.07725990969966,47.34476928065687,47.73081214947637,33922800
2025-04-29,48.17625045776367,48.265337576223395,47.473454176580276,47.69122352748135,42475300
2025-04-30,48.26533126831055,48.43360859274095,47.01811554887401,47.6615228509944,33759900
2025-05-01,48.25543212890625,48.5721854325957,47.948575713958306,48.087158588320015,34420200
2025-05-02,49.255184173583984,49.43335837940782,48.82954998855732,48.98792664084548,35032100
2025-05-05,48.938438415527344,49.32448510500722,48.601887505517745,48.83945440858245,24139900
2025-05-06,48.661277770996094,49.0572213312083,48.473206656693996,48.50290110211074,28949100
2025-05-07,48.948333740234375,49.21559506101755,48.76025886116617,48.81965152445046,30070100
2025-05-08,49.35417556762695,49.85900000388897,49.225493348188586,49.33437801263663,31294200
2025-05-09,49.35417556762695,49.532349786542376,49.21559645869218,49.45315956658107,22075000
2025-05-12,50.35392761230469,50.68058160604873,50.03717428406668,50.59149449648195,44274100
2025-05-13,50.561798095703125,50.79936119469146,50.39352077258879,50.48260787870876,33986100
2025-05-14,50.4232177734375,50.6508839948475,50.27474177303841,50.59149510508689,38764200
2025-05-15,50.759769439697266,50.83895966192342,50.314337655666826,50.35392899078228,34742500
2025-05-16,51.066627502441406,51.14581395117519,50.64098948450381,50.74987415551079,53401000
2025-05-19,51.096317291259766,51.244797061098495,50.72017508606381,50.799361527579705,26348400
2025-05-20,50.81916046142578,50.99733467966977,50.59149424389124,50.85875557125723,26903000
2025-05-21,49.77981185913086,50.65088159295886,49.74021675050302,50.50240559960057,40022000
2025-05-22,49.72041702270508,50.00747588371227,49.46305637986923,49.67092502708248,33662800
2025-05-23,49.5422477722168,49.77981466135964,49.06711776992872,49.08691532535709,33645600
2025-05-27,50.4133186340332,50.44301307758834,49.75011377865496,49.92828799198062,38636400
2025-05-28,50.0767707824707,50.50240878709084,49.997580560216896,50.37372656392722,31730200
2025-05-29,50.334129333496094,50.34402999885977,49.849102458605145,50.24504222521036,34098400
2025-05-30,50.443016052246094,50.53210316416244,49.948088491821395,50.1658578267275,37953200
2025-06-02,50.46281051635742,50.4826080706813,49.77981188417198,50.096565201359205,30142300
2025-06-03,50.561798095703125,50.61129009332591,49.898593244366154,50.304433666468825,33705400
2025-06-04,50.27473831176758,50.6904756154598,50.26483764682406,50.631086729787945,24600500
2025-06-05,50.13616180419922,50.36382802171276,49.93819003105776,50.28463780205718,42014400
2025-06-06,50.759769439697266,50.91814610815195,50.53210321479351,50.650884772135115,34982800
2025-06-09,50.482608795166016,50.838957226115014,50.17575236273828,50.81915967150702,28322100
2025-06-10,50.54199981689453,50.56179737085931,50.36382560720887,50.47271026601648,27728600
2025-06-11,50.482608795166016,50.81915967150702,50.29453769038624,50.59149345751126,39368400
2025-06-12,50.482608795166016,50.49250568447129,49.987681257958506,50.185653028041,25500900
2025-06-13,49.45315933227539,49.948086876696074,49.30468333454768,49.83920221276392,54921900
2025-06-16,50.01737594604492,50.36382748937994,49.7996103962888,49.80950728564239,35632400
2025-06-17,49.73031997680664,49.96788307713042,49.581840207106225,49.760014420347765,31130700
2025-06-18,49.71052169799805,50.25494121896989,49.64123214674694,49.71052169799805,45728200
2025-06-20,49.84910583496094,50.066875175742005,49.710526718463065,49.859002724997474,44456100
2025-06-23,50.476837158203125,50.496702562683424,49.50345507229936,49.86102477506778,43022700
2025-06-24,51.23170471191406,51.420420361267986,50.9337274491239,50.973458256021026,41225000
2025-06-25,51.06285095214844,51.25156660251898,50.95359312706191,51.24163579521034,33123900
2025-06-26,51.440284729003906,51.48001553510108,51.062849648957155,51.09264585906093,37866000
2025-06-27,51.589271545410156,51.87731421724543,51.350894277568685,51.400555892624126,38954100
2025-06-30,52.01636505126953,52.08589206585263,51.7879186049339,51.82764941010657,42472900
2025-07-01,52.304412841796875,52.41367067228205,51.85745071205685,51.88725071333185,33844800
2025-07-02,52.264678955078125,52.4037329897115,51.986570885811375,52.39380218249695,40791100
2025-07-03,52.83082962036133,52.910291233726454,52.34414049978387,52.39380211366794,25904800
2025-07-07,52.32427215576172,52.890422857886016,52.06602571577706,52.77123423347513,34049000
2025-07-08,51.857444763183594,52.244810634875094,51.82764855426519,52.20508361929657,53715000
2025-07-09,52.046165466308594,52.14548869109733,51.787919019556846,52.12562328835195,36634900
2025-07-10,52.35407257080078,52.40373418588367,51.92697586099888,51.92697586099888,27992600
2025-07-11,51.80778503417969,52.05609688802237,51.72832721119789,52.006435275041476,30289900
2025-07-14,52.195152282714844,52.22495228243199,51.66873235128421,51.7978555795564,27636500
2025-07-15,51.301231384277344,52.09582857218111,51.301231384277344,51.986570748418416,47704600
2025-07-16,51.65879821777344,51.708463621434106,50.98339343746065,51.57934039200536,46726500
2025-07-17,52.15542221069336,52.24481463322793,51.46015202313373,51.51974444553121,48213900
2025-07-18,52.185218811035156,52.29447663023034,52.07596099183997,52.22494961600397,29791300
2025-07-21,52.036231994628906,52.5825173206449,52.016366591454364,52.21501683426152,36871400
2025-07-22,52.32427215576172,52.39379916907958,52.11569111580815,52.14548732467635,32289100
2025-07-23,52.74143600463867,52.74143600463867,52.20508528233121,52.443462539148264,32111300
2025-07-24,52.711639404296875,53.079139882714756,52.652043196064994,52.761301016687696,32371900
2025-07-25,53.079139709472656,53.12880511063953,52.63218141047589,52.74143544180385,28964700
2025-07-28,52.711639404296875,53.079139882714756,52.602381583674166,53.01954746342103,29119300
2025-07-29,52.44346618652344,52.94008992652638,52.324277549825496,52.89042831031378,37883200
2025-07-30,52.344139099121094,52.67190877313587,52.08589265153305,52.42359692142176,37260100
2025-07-31,52.01636505126953,52.63218116463144,51.917041827275995,52.12562287102529,46179400
2025-08-01,51.052921295166016,51.410487200408205,50.705282408517824,51.37076018134022,63060800
2025-08-04,51.559471130371094,51.559471130371094,51.14230905119177,51.25156307983061,40053100
2025-08-05,51.35089111328125,51.73825699135758,51.013186847200174,51.698526186186136,33551000
2025-08-06,51.599205017089844,51.678662841658955,51.31116235153296,51.46015098239018,34198700
2025-08-07,51.02311706542969,51.89717582442798,50.8741322311626,51.82764881064906,43119400
2025-08-08,51.4998779296875,51.61907034978538,51.15224284341436,51.32109308847895,39484400
2025-08-11,51.48001480102539,51.67866125080226,51.370756980285215,51.60913423559272,29351200
2025-08-12,52.10575866699219,52.19515108621785,51.688596569897896,51.69852737695043,37510000
2025-08-13,52.40373229980469,52.55272092862942,52.13555883022133,52.304409073213684,41154900
2025-08-14,52.65204620361328,52.691777011370675,52.175287877339684,52.35407272330958,35841500
2025-08-15,52.10575866699219,52.80103261775421,52.06602786090562,52.77123640765839,46108500
2025-08-18,52.14549255371094,52.205088766361584,51.93691149284132,52.036234724987295,25405100
2025-08-19,52.24481201171875,52.51298926586603,52.09582717426237,52.09582717426237,24870800
2025-08-20,52.51299285888672,52.652046898935566,52.155423162224864,52.284546394672404,39138800
2025-08-21,52.344139099121094,52.44346232423147,51.99650023335845,52.36400450193081,29037000
2025-08-22,53.20826721191406,53.31752504096768,52.59245483508455,52.61232023936143,47249800
2025-08-25,52.90035629272461,53.2181989551748,52.88049467845107,53.108941131979144,24756500
2025-08-26,53.307586669921875,53.32745207279219,52.741435949401584,52.741435949401584,27907000
2025-08-27,53.416847229003906,53.5757666711733,53.14866995991711,53.178469960219,39530100
2025-08-28,53.48637390136719,53.54597011264621,53.33738905657716,53.526104708886535,28837300
2025-08-29,53.625431060791016,53.774415903728254,53.43671162189023,53.53603863945335,36062400
2025-09-02,53.228126525878906,53.33738434243135,52.76129905113229,53.33738434243135,38733100
2025-09-03,53.13874053955078,53.23806377264745,52.77124003036694,53.13874053955078,36420100
2025-09-04,53.6949577331543,53.71482313653912,53.20826482257201,53.32745345394263,32730000
2025-09-05,52.711639404296875,53.88367164362346,52.512989165795425,53.74461761335389,58377100
2025-09-08,52.751373291015625,52.810965713790175,52.48319602171504,52.73150788711132,49490900
2025-09-09,52.979820251464844,53.22813211919969,52.60238515160512,52.62225055569652,38884500
2025-09-10,52.80103302001953,53.039414069416814,52.572586566688685,52.810963827147724,32915900
2025-09-11,53.665157318115234,53.70488812457726,52.82089851995762,52.830829327104006,36635400
2025-09-12,53.436710357666016,53.70488761533437,53.34731793844323,53.595629793068944,25705900
2025-09-15,53.31752014160156,53.72475141951087,53.25792393424724,53.52610118393456,31922000
2025-09-16,53.198333740234375,53.307587774878435,52.91029107605157,53.247995353970445,28482500
2025-09-17,53.714820861816406,53.96313271020364,53.28772417947532,53.307585793080754,47976100
2025-09-18,53.76448440551758,54.13198489343267,53.62543037165448,53.744619002260244,36609100
2025-09-19,53.88367462158203,54.04259406337847,53.555901141599044,53.89360542903378,46731400
2025-09-22,53.81192398071289,53.87171637586612,53.4531772126157,53.51296960776893,32393000
2025-09-23,53.572757720947266,54.30021855051386,53.443213234727295,53.762098403195175,28698900
2025-09-24,53.423282623291016,53.77206208958115,53.31366513348239,53.642517602908285,23893400
2025-09-25,53.28377151489258,53.52293349441777,53.054573033926296,53.28377151489258,24757500
2025-09-26,53.67241287231445,53.911574853130254,53.45317788872402,53.52293378324622,30686100
2025-09-29,53.941471099853516,53.96140189780575,53.55283004331244,53.85178440977396,20713800
2025-09-30,53.682376861572266,54.0510909376009,53.23394339168013,53.871717549644046,32442200
2025-10-01,53.20404815673828,53.57275842485931,53.184117358270775,53.423283138469706,33210100
2025-10-02,53.164188385009766,53.29373667879057,52.87520130083739,53.124330588117495,32443400
2025-10-03,53.532901763916016,53.782031047923205,53.19408578560979,53.23394358197844,32111600
2025-10-06,53.512969970703125,53.881680239787634,53.11436160313368,53.74216845156167,32001300
2025-10-07,53.582725524902344,53.86174909958424,53.33359624710462,53.692343015359114,31250500
2025-10-08,53.323631286621094,53.76210126768477,53.15422519496378,53.742170468417214,26848700
2025-10-09,53.13429260253906,53.622587664587186,53.00474431237754,53.443214278643886,33922400
2025-10-10,51.97833251953125,53.49303898913642,51.97833251953125,53.273804007582314,73596200
2025-10-13,52.476593017578125,52.636035609675524,52.157707833383334,52.36697552274656,39651900
2025-10-14,53.05457305908203,53.4631449255915,52.06801943919223,52.26732362316515,62588700
2025-10-15,53.05457305908203,53.57275861543603,52.67589548967461,53.24390994308018,39526600
2025-10-16,51.5797233581543,52.93498722066628,51.360492181391045,52.90509292415562,85420100
2025-10-17,51.99826431274414,52.17763770082701,51.54983084253695,51.71924073190908,52288900
2025-10-20,52.60614013671875,52.71575762910218,52.10788157236585,52.17763746726236,39479600
2025-10-21,52.546348571777344,52.94495695013017,52.47659267577728,52.47659267577728,31213600
2025-10-22,52.24739456176758,52.636035642660325,51.93847287626786,52.59617404425818,53727500
2025-10-23,52.35700988769531,52.49652167491206,52.10788061011939,52.40683498292828,29483700
2025-10-24,52.925025939941406,53.09443202914826,52.626071558075,52.6659293546223,31947800
2025-10-27,53.14426040649414,53.24391059900264,53.014712115104146,53.184118202650836,27154100
2025-10-28,52.805442810058594,53.21401466906744,52.755613913921785,53.144258776169174,33648000
2025-10-29,51.90857696533203,52.39687202705842,51.68934198234331,52.267323736982256,61846300
2025-10-30,52.04808807373047,52.63603331927037,51.83882039347333,51.83882039347333,48568700
2025-10-31,52.187599182128906,52.317147468827756,51.75909652731895,51.82885241983118,40425800
2025-11-03,51.96836853027344,52.157705411657005,51.47010997792723,52.14774191323095,38693200
2025-11-04,52.2374267578125,52.357011551865945,51.65944879219906,51.76906628604244,44675200
2025-11-05,52.41679763793945,52.63603261512998,51.99826228302413,52.30718395075523,38036300
2025-11-06,52.22746276855469,52.51645364935315,51.98829698410498,52.327112961252205,42625700
2025-11-07,52.59617233276367,52.61610313131619,51.90857688905192,52.09791377318414,46218700
2025-11-10,52.78551483154297,52.96488822326615,52.46662964657093,52.74565323306865,42010600
2025-11-11,53.02467346191406,53.15422174804666,52.69582479885258,52.88516167749943,29995800
2025-11-12,53.483070373535156,53.70230534969614,53.03464072434917,53.03464072434917,46052700
2025-11-13,52.795475006103516,53.57275712035363,52.695824817603615,53.3834202416394,50455300
2025-11-14,52.2673225402832,52.62606930371965,52.087949158564975,52.62606930371965,46154600
2025-11-17,51.27080535888672,52.30718405125547,51.07150117936795,52.28725325316249,70048500
2025-11-18,51.19108200073242,51.56975956045063,50.971850825241695,51.10139531030998,66043600
2025-11-19,51.38042449951172,51.47011119310793,51.01171042505442,51.20105111231929,46003900
2025-11-20,50.93199157714844,52.207532298482434,50.90209727943318,51.848785520254445,70096400
2025-11-21,51.49003601074219,51.78899417768144,50.96188317159525,51.28076833501351,68942900
2025-11-24,51.70927429199219,51.78899748864911,51.15122712103872,51.559799000377325,43789100
2025-11-25,52.35700988769531,52.476590876536655,51.72920304380887,51.92850722615184,50989800
2025-11-26,52.76558303833008,52.96488722553601,52.4167997603669,52.4865556556773,35268500
2025-11-28,53.14426040649414,53.363491590295084,52.84530222614628,52.915058121184465,16136100
2025-12-01,52.70579147338867,53.214017348853645,52.6559663761538,52.88516486456322,29296300
2025-12-02,52.65596389770508,52.95491826845418,52.456659716735324,52.80544298378516,29771500
2025-12-03,53.36349105834961,53.41331615410719,52.69582641209356,52.7556150064382,32018000
2025-12-04,53.47311019897461,53.72223948685679,53.283773308692204,53.4033543024805,33678700
2025-12-05,53.493038177490234,53.74216745223585,53.2638397008936,53.35352639185846,28532300
2025-12-08,53.29373550415039,53.522933987227,53.09443131843689,53.51297048857635,31164200
2025-12-09,53.09443283081055,53.76210130175735,53.064538532595904,53.313667821481324,46335400
2025-12-10,53.702308654785156,53.89164934636292,53.02467668804751,53.094432584498925,45437500
2025-12-11,54.67889404296875,54.78851153586394,53.742169306120076,53.772063603669245,51786500
2025-12-12,54.75861740112305,55.01771018394559,54.51945161578507,54.96788508741177,64428900
2025-12-15,54.79847717285156,55.11736234173511,54.62906728858845,54.98781405393521,35356800
2025-12-16,54.4496955871582,54.96788495294686,54.29025299779332,54.848303961275995,37342300
2025-12-17,54.43973159790039,54.87819776435013,54.38990650193742,54.60913768445671,41112400
2025-12-18,54.35004425048828,54.828372008516084,54.170670866051466,54.57924273028841,35021600
2025-12-19,54.64899826049805,54.828371643741484,54.369974687190954,54.369974687190954,46595300
2025-12-22,55.31999969482422,55.439998626708984,54.7400016784668,54.75,37987800
2025-12-23,55.43000030517578,55.560001373291016,55.310001373291016,55.310001373291016,24732900
2025-12-24,55.72999954223633,55.88999938964844,55.40999984741211,55.5099983215332,15685800
2025-12-26,55.619998931884766,55.79999923706055,55.439998626708984,55.709999084472656,20410100
2025-12-29,55.31999969482422,55.68000030517578,55.2599983215332,55.59000015258789,34223800
2025-12-30,55.18000030517578,55.400001525878906,55.13999938964844,55.400001525878906,16160900
2025-12-31,54.77000045776367,55.2599983215332,54.75,55.220001220703125,22996200
2026-01-02,54.93000030517578,55.0,54.34000015258789,54.83000183105469,36087100
2026-01-05,56.130001068115234,56.5099983215332,54.81999969482422,54.81999969482422,58044100
2026-01-06,56.400001525878906,56.52000045776367,55.9900016784668,56.040000915527344,38950800
2026-01-07,55.61000061035156,56.34000015258789,55.540000915527344,56.22999954223633,44720900
2026-01-08,55.900001525878906,56.25,55.40999984741211,55.45000076293945,35358300
2026-01-09,55.72999954223633,56.15999984741211,55.720001220703125,55.97999954223633,29544900
2026-01-12,55.290000915527344,55.36000061035156,54.84000015258789,55.029998779296875,42021600
2026-01-13,54.22999954223633,55.22999954223633,54.150001525878906,55.150001525878906,77045100
2026-01-14,54.150001525878906,54.18000030517578,53.689998626708984,54.04999923706055,59754600
2026-01-15,54.369998931884766,54.70000076293945,54.209999084472656,54.220001220703125,48490800
2026-01-16,54.439998626708984,54.7599983215332,54.290000915527344,54.369998931884766,44363200
2026-01-20,53.20000076293945,54.11000061035156,53.099998474121094,53.61000061035156,57030800
2026-01-21,53.459999084472656,53.83000183105469,53.2400016784668,53.369998931884766,49360300
2026-01-22,53.810001373291016,54.04999923706055,53.63999938964844,53.650001525878906,46919300
2026-01-23,53.06999969482422,53.5099983215332,52.880001068115234,53.4900016784668,47057500
2026-01-26,53.40999984741211,53.54999923706055,53.09000015258789,53.099998474121094,31072700
2026-01-27,53.0,53.43000030517578,52.84000015258789,53.31999969482422,38633700
2026-01-28,52.9900016784668,53.209999084472656,52.7599983215332,52.93000030517578,45450800
2026-01-29,53.54999923706055,53.630001068115234,52.9900016784668,53.31999969482422,51975400
2026-01-30,53.439998626708984,53.65999984741211,53.02000045776367,53.380001068115234,42761300
