Price,Close,High,Low,Open,Volume
Ticker,XLRE,XLRE,XLRE,XLRE,XLRE
Date,,,,,
2020-01-02,31.223100662231445,31.737764896458195,31.100559778076047,31.688751035871345,4380100
2020-01-03,31.451839447021484,31.52127782515078,31.01886707004583,31.035206061901672,3499000
2020-01-06,31.46000099182129,31.582541847666675,31.329292199879806,31.394648154022256,3097200
2020-01-07,31.116899490356445,31.370149202509925,30.949427152558766,31.370149202509925,3550600
2020-01-08,31.272109985351562,31.32112695517037,31.035202422086538,31.149572235320072,5089000
2020-01-09,31.263948440551758,31.33747235214029,31.16591759721516,31.247609447271603,2885000
2020-01-10,31.566211700439453,31.575199237371535,31.259862591364776,31.329300974832407,6513200
2020-01-13,31.950172424316406,31.950172424316406,31.574384906173567,31.582552845113845,2988100
2020-01-14,31.794954299926758,31.91749520138149,31.619317119569992,31.91749520138149,3720200
2020-01-15,32.0155143737793,32.11354830571906,31.8684665922131,31.876637644713135,4468700
2020-01-16,32.30145263671875,32.30145263671875,32.007356976748895,32.08904883058742,4244500
2020-01-17,32.3422966003418,32.45666643531086,32.2442657584175,32.28511168285726,3014700
2020-01-21,32.66907501220703,32.69358194719053,32.29328434983987,32.35046927569786,2329500
2020-01-22,32.40764236450195,32.84878573114353,32.350457459531036,32.75892284723392,5815200
2020-01-23,32.71809005737305,32.74260010958166,32.342302497852735,32.42399436162851,2637800
2020-01-24,32.66907501220703,32.84471531772649,32.54653410460006,32.78344486392301,2397900
2020-01-27,32.53019714355469,32.652738058825186,32.440334221202306,32.47301221412043,6741600
2020-01-28,32.61188507080078,32.74994848348451,32.48934728667472,32.571039142758764,2904300
2020-01-29,32.4403190612793,32.791599530127364,32.40764108363216,32.718075638593035,5409600
2020-01-30,32.51384735107422,32.54080684209718,32.27693665559994,32.33412468239019,3847400
2020-01-31,32.04819869995117,32.473003140148364,31.97058926754336,32.432157218586795,7586200
2020-02-03,32.080875396728516,32.381505979550234,32.05228294114808,32.17890622781231,6254800
2020-02-04,32.49750900268555,32.61596435276517,32.13397501494021,32.19524545344263,5309500
2020-02-05,32.47300338745117,32.611880145086936,32.39131154370591,32.530188301341674,3049300
2020-02-06,32.61188507080078,32.685408987814235,32.513854220231025,32.5792101981739,2676700
2020-02-07,32.628211975097656,32.66497547815416,32.53426668704633,32.628211975097656,3216600
2020-02-10,33.00400161743164,33.02033748909452,32.70173501383201,32.734412989844394,3489300
2020-02-11,33.404300689697266,33.63304032178317,33.118376149589885,33.118376149589885,10001700
2020-02-12,33.6167106628418,33.698402513306014,33.322615015019664,33.445152790715994,2539700
2020-02-13,33.82094192504883,33.89854824468981,33.52684629009888,33.56769221354322,2825500
2020-02-14,34.21306228637695,34.2212302230687,33.85361074506716,33.902627714248574,2235200
2020-02-18,34.180389404296875,34.25391331086192,33.97615667676555,34.25391331086192,3260100
2020-02-19,33.698402404785156,34.18855973868067,33.698402404785156,34.18855973868067,2606100
2020-02-20,34.074188232421875,34.09869827935683,33.624876845640614,33.78826365438221,3901800
2020-02-21,34.2539176940918,34.31110261581058,34.03334594617167,34.074191873635876,2986900
2020-02-24,33.79643630981445,34.15997037392637,33.64203701612178,33.85362123340433,4703100
2020-02-25,32.94681930541992,34.00065762567602,32.82427844392003,33.88628781699269,9190200
2020-02-26,32.66089630126953,33.24500200678347,32.58818887933558,32.9876699007359,8641900
2020-02-27,30.81462860107422,32.25242533653118,30.80645754849774,32.12171654239873,15861500
2020-02-28,30.054893493652344,30.357157103704836,29.158720049486114,30.16109228432145,44499000
2020-03-02,31.549863815307617,31.55803486773281,30.12840609497785,30.201929985087556,19686200
2020-03-03,31.525373458862305,32.313712149660475,31.22310980348719,31.615236384706403,37983700
2020-03-04,32.75075912475586,32.79160504551313,31.892982323477213,31.941996181848335,13712900
2020-03-05,31.999177932739258,32.47299929247442,31.639729502706288,32.2115816858425,13348200
2020-03-06,31.451839447021484,31.582548265524174,30.4225078908558,31.30479163666295,16942300
2020-03-09,29.229778289794922,30.193756726880164,29.20527136699649,29.777123457590935,12791800
2020-03-10,30.651256561279297,30.70027355126687,28.91936342753622,29.981373279840607,18902400
2020-03-11,29.009218215942383,29.95685804400827,28.715125675931116,29.907844178845274,16089100
2020-03-12,26.5175724029541,28.249467902416463,22.874061867669255,27.171116404475928,9058600
2020-03-13,28.8458309173584,28.88667683868811,26.57476091856676,27.914527082783156,9694900
2020-03-16,24.23017120361328,26.680963987996325,24.042277464105215,25.97840289119145,5840100
2020-03-17,25.700647354125977,26.37870154942135,24.050447992687157,24.597791800353285,7267800
2020-03-18,23.895231246948242,25.21866012468268,23.176332667678558,24.181157402563258,12255800
2020-03-19,23.51944923400879,24.132147614160388,22.874072858992946,23.543956171984416,13526100
2020-03-20,22.187847137451172,24.18115933071792,22.032629802053943,23.65015446119008,16549800
2020-03-23,20.954910278320312,22.156567422468928,20.477540019100417,22.123644577768697,28171300
2020-03-24,22.782089233398438,22.85616407027239,21.58043198954706,21.917883326484937,15346800
2020-03-25,23.794443130493164,25.04548306966559,22.61747802784067,22.94669865134716,18863500
2020-03-26,25.621618270874023,25.72861595259103,23.835594656949784,24.00020575043084,17228600
2020-03-27,25.687463760375977,26.29652389673754,24.81502868616415,24.831490110357237,11840800
2020-03-30,26.35413360595703,26.485821841289617,25.25947416860017,25.827379094779097,10377700
2020-03-31,25.514623641967773,26.205987763015372,24.913795784581687,26.164835772177135,9015800
2020-04-01,23.967281341552734,24.378807451628624,23.440526853159277,24.36234603046218,11255400
2020-04-02,24.321189880371094,24.666871838714574,23.670979512205598,23.687440931614184,11021700
2020-04-03,24.115432739257812,24.526958905933526,23.679216007284108,24.148355586118786,7984100
2020-04-06,25.860301971435547,25.967298074086546,25.029019003686297,25.029019003686297,9514500
2020-04-07,25.868534088134766,27.152496808805505,25.852072665340803,26.897349465042144,19488600
2020-04-08,27.810937881469727,27.959087546170945,25.926147366978384,26.20598527367009,27207800
2020-04-09,29.243043899536133,29.58872745899375,28.271842044448302,28.312997166539567,49899800
2020-04-13,27.90147590637207,29.12782214900498,27.73274866765593,29.078441017435804,9877300
2020-04-14,28.831523895263672,28.96321215060632,28.4693819779953,28.4693819779953,6720300
2020-04-15,27.720394134521484,28.296531214905222,27.481708279267657,28.074306777913158,5378900
2020-04-16,27.539331436157227,28.00024189179801,27.378836475826944,27.76155595192891,4372800
2020-04-17,28.428226470947266,28.559914710002978,27.950854642060765,28.271844528528106,6540400
2020-04-20,27.374719619750977,28.033164007664155,27.374719619750977,27.926166323673932,5773900
2020-04-21,26.971426010131836,27.168956816809505,26.642203812741638,26.73274007400872,7839500
2020-04-22,27.44056510925293,27.68748018302647,27.177188611935083,27.382951696695617,5386000
2020-04-23,27.127798080444336,27.671012373255238,27.070184681183694,27.489943035448125,6367800
2020-04-24,27.226566314697266,27.35084485197943,26.926150901950134,27.26771829378317,5142700
2020-04-27,28.016695022583008,28.115460398236024,27.448787048265107,27.448787048265107,4024200
2020-04-28,28.04138946533203,28.823289718474523,28.01669890292278,28.5105289892785,5955000
2020-04-29,28.115467071533203,28.699833464082296,28.099005648401416,28.60929720670517,6095100
2020-04-30,27.91792869567871,28.024926359178764,27.465250620448394,27.74508848981358,6837500
2020-05-01,27.061960220336914,27.41587295681441,26.897349134117906,27.234800448003973,5724300
2020-05-04,27.04549789428711,27.070188457501803,26.41174727431642,26.823273406269188,6816600
2020-05-05,27.218339920043945,27.579659209670318,27.181304072767396,27.275953331159975,4899400
2020-05-06,26.71627426147461,27.424099671801827,26.71627426147461,27.300640583137294,4609500
2020-05-07,26.95496368408203,27.292415012249133,26.798584872388407,26.97965424916643,4927700
2020-05-08,27.448795318603516,27.53110243952579,27.19365109298355,27.26772593196578,4428800
2020-05-11,27.119571685791016,27.53109780199514,26.97965117364016,27.15249452861417,4566400
2020-05-12,25.967296600341797,27.251259178369498,25.95083674922414,27.22656861676926,16049400
2020-05-13,25.555770874023438,26.123677346957688,25.428198784271615,25.819148903826697,5131500
2020-05-14,25.588693618774414,25.588693618774414,24.716258706039095,25.226550202793753,8269300
2020-05-15,25.49816131591797,25.50639202776409,25.012560305931114,25.407626625306154,7482800
2020-05-18,26.740968704223633,26.954960905519147,26.26359689716383,26.26359689716383,6286400
2020-05-19,26.22244644165039,26.699815136842897,26.22244644165039,26.601049741233297,5799300
2020-05-20,26.469358444213867,26.543433267291782,26.26359539563021,26.502281285514044,4041700
2020-05-21,26.337669372558594,26.55989383465294,26.140137040646096,26.378821353014246,4289000
2020-05-22,26.913808822631836,26.93027024416265,26.23890466849664,26.3623621902826,4743200
2020-05-26,27.769784927368164,27.95908657240549,27.444678904468653,27.76155264645184,5756600
2020-05-27,28.36237907409668,28.36237907409668,27.654553654399088,28.337688511914934,5779800
2020-05-28,28.68337059020996,28.732754857107583,28.345919282314384,28.691602871207202,5281400
2020-05-29,28.51875877380371,28.658676134803503,28.238920912109286,28.494065073860632,7830900
2020-06-01,29.086660385131836,29.304768682123647,28.4117579364538,28.49406188787522,5275600
2020-06-02,29.275968551635742,29.39119536534843,28.938517251607788,29.267739410525635,4613100
2020-06-03,29.97555923461914,30.144286440520673,29.48996145691994,29.539342578885314,3685700
2020-06-04,29.4158878326416,29.843872225686763,29.185431075199904,29.827413944157772,3692400
2020-06-05,30.494081497192383,30.69984453447397,30.214243640901632,30.34593185917406,5313700
2020-06-08,31.16075897216797,31.16075897216797,30.765694265320406,30.815075391366854,4384200
2020-06-09,30.798606872558594,30.94675649595035,30.428235953773676,30.708073782436497,3636100
2020-06-10,30.222475051879883,30.806841307435295,30.041402579574665,30.66692081346453,3956600
2020-06-11,28.354150772094727,29.399427511211638,28.321227928415016,29.078437634572428,17916000
2020-06-12,29.251283645629883,29.374739624328313,28.526996639755055,29.234822220530933,7645100
2020-06-15,29.62164878845215,29.728643309280816,28.419990241845053,28.46114536183514,5146600
2020-06-16,30.1154842376709,30.617546650608954,29.621654106086645,30.535239535547976,6559300
2020-06-17,29.761573791503906,30.30478823409309,29.753344649209737,30.30478823409309,3553800
2020-06-18,29.391197204589844,29.588731140240863,29.251279819095892,29.547579152724726,2261000
2020-06-19,29.09489631652832,29.83564461102496,28.872674967874552,29.810954047773482,5057400
2020-06-22,29.011960983276367,29.1156343729381,28.6221480257128,29.003668504202167,2525400
2020-06-23,28.90414047241211,29.36030592906394,28.8626717483149,29.28566096014463,2444900
2020-06-24,28.165985107421875,28.680207386502403,27.585413505664935,28.572386177809946,6262800
2020-06-25,28.464557647705078,28.4811457650727,27.9287737957844,28.01668797035891,3520100
2020-06-26,27.975223541259766,28.522618842745942,27.90887422549254,28.381624569327858,4398900
2020-06-29,28.456274032592773,28.45627403259277,27.892290521901565,28.207455358453046,4052700
2020-06-30,28.870967864990234,29.011962162005492,28.439686166811555,28.51433113695519,3640600
2020-07-01,29.658878326416016,29.750111404474744,28.924872208702354,28.9870768677297,5182500
2020-07-02,29.559356689453125,30.12334018871957,29.451535477100798,30.098459587353958,2586000
2020-07-06,29.592533111572266,30.15651661422584,29.53696306007047,30.065283523522933,3206300
2020-07-07,29.111480712890625,29.468117354909037,29.10318823547956,29.34371121058223,2668600
2020-07-08,29.094898223876953,29.293949337213583,28.837787108301708,29.202716258659127,11063900
2020-07-09,28.995376586914062,29.111490292037058,28.530921766422093,29.036845315334965,6024700
2020-07-10,29.028547286987305,29.1778372118578,28.87925736211681,28.99537104504707,5978400
2020-07-13,28.5723819732666,29.186126564116364,28.49773701882701,29.12806972887004,10021700
2020-07-14,28.854381561279297,28.945614659857373,28.53092105821965,28.605566033068886,6206300
2020-07-15,28.987083435058594,29.335424542355486,28.82535318326202,29.23589896367939,7492500
2020-07-16,28.64702796936035,29.00366463533295,28.576530833120742,28.870962840821772,3339300
2020-07-17,29.04513168334961,29.18612594772433,28.622142562505104,28.77143246823138,8696300
2020-07-20,28.77143669128418,29.22760211677022,28.671911127478417,29.070016546562087,2792300
2020-07-21,28.779733657836914,29.10319412798159,28.696793047632653,29.03684163981818,5930700
2020-07-22,29.12807273864746,29.136368381031392,28.555796804717996,28.73826297083778,21831500
2020-07-23,28.97878074645996,29.23589185638527,28.663615963292553,29.078309464801563,9896100
2020-07-24,28.8626651763916,29.111480628181333,28.80460834310267,28.929017650927598,3388800
2020-07-27,29.20271873474121,29.21930685623583,28.580678416066096,28.879258275247857,3487800
2020-07-28,29.791580200195312,29.93921225385994,29.128071217848273,29.194423698013175,3591000
2020-07-29,30.355567932128906,30.355567932128906,29.882817517405158,29.89940563979943,3072600
2020-07-30,30.10674476623535,30.123332884410406,29.708639421614162,29.965750507537447,3104000
2020-07-31,30.073575973510742,30.123340340353273,29.64229744965209,30.065283494300733,4594400
2020-08-03,29.592533111572266,30.007226677413964,29.51374032162688,29.96575795360196,4743600
2020-08-04,30.032108306884766,30.12748922239187,29.559357878752532,29.60082660398395,4030600
2020-08-05,29.80817222595215,30.214573310561242,29.72523477873926,30.148220821702285,2729100
2020-08-06,29.866222381591797,29.915986737088556,29.6464353482363,29.750108715959467,2887800
2020-08-07,30.272628784179688,30.29336472697339,29.73352591015003,29.741821552811775,4065400
2020-08-10,30.222862243652344,30.413620880948688,30.09845608742974,30.33897908553139,2986400
2020-08-11,29.64229393005371,30.479973440678528,29.540278413876777,30.479973440678528,5520100
2020-08-12,30.01551628112793,30.090161242382838,29.72523207839247,29.857933880194466,4035200
2020-08-13,29.66718292236328,30.156521536482536,29.6340066723542,29.93258659471325,4096600
2020-08-14,29.741825103759766,29.965760024453104,29.6190767869124,29.650592006751992,2416800
2020-08-17,30.007225036621094,30.007225036621094,29.638976967802353,29.733525779478235,2824900
2020-08-18,29.97404670715332,30.077720085727513,29.783288070240054,30.065279786516278,2603600
2020-08-19,29.36029815673828,30.048687653330262,29.318826279758756,30.032099535310454,4328900
2020-08-20,29.675460815429688,29.81231040655027,29.169534325003134,29.244179268899835,3032800
2020-08-21,29.774995803833008,29.84964076349177,29.39430745873145,29.750112041373118,2155700
2020-08-24,29.816463470458984,29.833051590226642,29.38518184808094,29.816463470458984,3438400
2020-08-25,29.907703399658203,29.940876482933742,29.64312868188676,29.907703399658203,3226600
2020-08-26,29.700355529785156,29.866230431764226,29.498814423296853,29.82476170626946,2231400
2020-08-27,30.09846305847168,30.18969615914816,29.741826299751533,29.775002547972285,3098400
2020-08-28,30.330686569213867,30.330686569213867,29.849643687296847,30.14822039131736,1583700
2020-08-31,30.065282821655273,30.28921772164537,29.957461611172462,30.28921772164537,3522700
2020-09-01,30.01551628112793,30.056988164827725,29.75011267752393,29.974047561288653,4280200
2020-09-02,30.687318801879883,30.72049504099217,29.824755568122193,30.05698607804791,4663200
2020-09-03,30.1731014251709,30.853198545405043,29.949166544528854,30.6458517852395,8943100
2020-09-04,30.065282821655273,30.463388255906313,29.542768055011702,30.27262959973565,9308100
2020-09-08,29.68376350402832,29.940871466608193,29.45982861916613,29.866226504987463,6823000
2020-09-09,30.007225036621094,30.413622937162085,29.82475886519252,29.882815708126948,4081600
2020-09-10,29.584232330322266,30.06527830180406,29.567647374766587,29.97404522694646,6048400
2020-09-11,29.484712600708008,29.741823756642486,29.26907333343395,29.667178786458983,5445000
2020-09-14,30.206274032592773,30.284237881234038,29.683762483079562,29.683762483079562,3205600
2020-09-15,30.604381561279297,30.88637326779441,30.264333017881096,30.289213615442325,2947800
2020-09-16,30.80343246459961,31.114452587487506,30.654142552504595,30.753671269808137,3545400
2020-09-17,30.123340606689453,30.737088481063854,29.919312712166718,30.538034175794607,3656800
2020-09-18,29.526180267333984,30.139928129498177,29.468123421923142,30.139928129498177,6254300
2020-09-21,28.736019134521484,29.236648575280807,28.58166101618326,29.19493025094356,6227100
2020-09-22,29.0781192779541,29.311747661965203,28.76939980750563,28.81111813871683,4578000
2020-09-23,28.24374008178711,29.086465018379112,28.197848962323945,29.0280587177723,4330800
2020-09-24,28.37724494934082,28.744373960640644,28.151965288831573,28.260432330438203,4926400
2020-09-25,28.92792510986328,28.96130104149911,28.21870406857411,28.26876796602785,2765000
2020-09-28,29.42855453491211,29.553709504187115,29.253335668184683,29.303396382733073,2802800
2020-09-29,29.278371810913086,29.4702786813791,29.10315290956212,29.345120504468603,2217600
2020-09-30,29.42855453491211,29.703898013640345,29.136519907462368,29.420208960551356,4386100
2020-10-01,29.912492752075195,29.920838326419226,29.345114647033917,29.537024662098368,5842200
2020-10-02,30.396442413330078,30.48822465845697,29.445250387296607,29.461938357583758,4494600
2020-10-05,30.56332015991211,30.605038495851854,29.941705177661383,30.47988030512761,2185900
2020-10-06,30.304658889770508,30.730194156879033,30.196188678932387,30.64675430896327,4225600
2020-10-07,30.388092041015625,30.584171682314103,30.27962502562426,30.504907814590318,2158300
2020-10-08,30.897052764892578,31.047241236673525,30.538269547071792,30.579991042602344,2208700
2020-10-09,30.813627243041992,31.0806283595521,30.695980731485275,31.072285967181823,2617400
2020-10-12,30.972156524658203,31.038908391710567,30.671779488730984,30.872031906983867,2747100
2020-10-13,30.446502685546875,30.872034736847056,30.271280609924915,30.872034736847056,4258700
2020-10-14,30.096059799194336,30.496561463983742,30.05434147257333,30.48821907182126,7041600
2020-10-15,30.23790740966797,30.488220564553885,29.895812021979516,29.912496807121382,3691200
2020-10-16,30.129438400268555,30.321345266033408,30.029313770935715,30.26293896701387,2730500
2020-10-19,29.653844833374023,30.313005327571883,29.62046889325911,30.19618953716967,3782500
2020-10-20,29.854082107543945,30.06684966161744,29.77064547370125,29.820709363749003,5962200
2020-10-21,29.74562644958496,29.92918775053407,29.670532177363356,29.762311236385525,3566700
2020-10-22,29.537023544311523,29.77899108176313,29.482786861839898,29.737272760333813,3013900
2020-10-23,29.728931427001953,29.812368072829372,29.4911334851994,29.653837172595672,2194100
2020-10-26,29.37015724182129,29.503657826347087,29.09481049585276,29.503657826347087,3322600
2020-10-27,28.994680404663086,29.570400970449658,28.994680404663086,29.42021244321761,2760300
2020-10-28,28.352210998535156,28.84449496088623,28.227056001065744,28.52742990473518,5331500
2020-10-29,28.677616119384766,28.91958688424412,28.151959443468293,28.418960569208103,4989600
2020-10-30,28.494054794311523,28.677616078681805,28.126925859762,28.50239718695834,5662400
2020-11-02,29.194931030273438,29.194931030273438,28.61086492524856,28.811114160574444,5349800
2020-11-03,29.653844833374023,29.8374061381964,29.336779768091983,29.428562011955588,4895700
2020-11-04,29.737279891967773,30.28797014245219,29.578748959355703,29.778998223402038,5642500
2020-11-05,29.845754623413086,30.13778617061761,29.71308795399585,29.970909636684247,4718500
2020-11-06,29.728931427001953,30.083541946124498,29.6204612411031,29.870774361489367,4562400
2020-11-09,30.51325225830078,32.63257654921046,30.43815799026368,31.16406712601927,11855500
2020-11-10,30.68014144897461,30.863705998501118,30.421482600360516,30.554983222860006,9593400
2020-11-11,30.91375160217285,31.097316061796057,30.596686585433954,30.838657339863754,6219300
2020-11-12,30.596689224243164,31.009709294016265,30.41312793169308,30.82197203059996,5034500
2020-11-13,31.297565460205078,31.37265972288413,30.76356322911155,30.76356322911155,3078700
2020-11-16,31.497821807861328,31.931699470342032,31.122350447742956,31.864947591696648,4066500
2020-11-17,31.514507293701172,31.63131988921922,31.072287272695828,31.305912463731932,4501200
2020-11-18,30.980504989624023,31.8273994887053,30.96381702130413,31.539537605270077,4579100
2020-11-19,31.030563354492188,31.08896964772281,30.60503133482561,30.938784310061397,4583900
2020-11-20,30.821971893310547,31.08063063639872,30.713504870029197,31.07228824341731,2799000
2020-11-23,30.721845626831055,31.055598620595365,30.66761211807874,30.997192324122278,4084700
2020-11-24,30.705154418945312,31.180750315988252,30.670110644759163,31.072283309928707,3201500
2020-11-25,30.78025245666504,30.847004329736354,30.513251330188762,30.763564488397208,3553300
2020-11-27,30.721845626831055,30.922098059670528,30.596687458443327,30.922098059670528,1791100
2020-11-30,30.454845428466797,30.705158589928082,30.308829682856427,30.705158589928082,4225200
2020-12-01,30.838666915893555,30.94546930449302,30.69682392243367,30.763572630266165,4491900
2020-12-02,30.51325225830078,30.94712989774797,30.488221896589945,30.75522303118751,3019100
2020-12-03,30.738534927368164,30.888723462782544,30.538282485847468,30.57165842325168,2953400
2020-12-04,31.147380828857422,31.164065613918694,30.88037652431049,30.91375246024191,3325500
2020-12-07,30.838666915893555,31.172420003772043,30.734369473794697,31.10566811303421,3027800
2020-12-08,30.696821212768555,30.90541607855322,30.680133241557176,30.721851578133098,2184100
2020-12-09,30.41313362121582,30.755229091257643,30.22122671684165,30.730198724614777,3443200
2020-12-10,30.246252059936523,30.53828356528438,30.154469820283,30.296315967812454,2687300
2020-12-11,30.262941360473633,30.27128375403425,29.912500355735865,30.12109520670447,2340600
2020-12-14,30.045991897583008,30.700979405339822,30.02930711547923,30.52159094304131,3412600
2020-12-15,30.5716609954834,30.571660995483395,29.98759477338595,30.204535201861642,2593200
2020-12-16,30.58000373840332,30.792768176006355,30.403947738984705,30.630064461178364,2919300
2020-12-17,30.938779830932617,30.980498151071302,30.655090797924256,30.746869829067837,2124200
2020-12-18,30.4047794342041,30.98050316720782,30.183669437055148,30.963815199869593,4150700
2020-12-21,30.130945205688477,30.207012233740656,29.835127552536452,30.029520352195256,5463900
2020-12-22,30.34223747253418,30.34223747253418,30.02951572531673,30.15629516058164,1673100
2020-12-23,30.05487632751465,30.61100741983139,30.05487632751465,30.443661902899347,1965300
2020-12-24,30.350685119628906,30.350685119628906,30.15629236792366,30.173196506002547,1600000
2020-12-28,30.59579086303711,30.62114545856666,30.30842695854157,30.452107298721977,2955500
2020-12-29,30.359140396118164,30.8578012641366,30.359140396118164,30.731025044621177,2212200
2020-12-30,30.528182983398438,30.75638408040718,30.371825301027453,30.435211807861286,2365000
2020-12-31,30.90006446838379,30.942323209918452,30.299978731704424,30.536633487742108,4083800
2021-01-04,29.902742385864258,31.026840375015766,29.894288703162776,30.96767749264649,4967000
2021-01-05,29.86892318725586,30.15628703551434,29.8435685966882,29.91963559252527,4432400
2021-01-06,29.725250244140625,29.915419413570262,29.556215281272394,29.877384290030236,7383400
2021-01-07,29.818218231201172,29.919643067078045,29.59424402754249,29.792863634299405,3433700
2021-01-08,30.139394760131836,30.23236592764242,29.852030798797013,29.894289541083086,3419900
2021-01-11,29.63228416442871,30.114040931943734,29.543539836111254,29.978811018678734,4050000
2021-01-12,29.657636642456055,29.69144492438586,29.28575521363388,29.57311916176677,4372500
2021-01-13,30.063325881958008,30.114038304057782,29.64073203686539,29.64073203686539,3024400
2021-01-14,30.249267578125,30.443660355939503,30.004162379262546,30.147842736029094,3792500
2021-01-15,30.714122772216797,30.769903538404314,30.114040247255613,30.181653590283094,4213000
2021-01-19,30.511276245117188,30.883160915635834,30.447889743674576,30.866256773872678,3317800
2021-01-20,31.145160675048828,31.26686853634026,30.435202987050864,30.58733700763148,4404200
2021-01-21,31.043746948242188,31.076710509916833,30.739478829858047,31.01839234642202,2669600
2021-01-22,31.11981201171875,31.195879036508945,30.866256337129876,30.891610937348165,2355200
2021-01-25,31.398712158203125,31.58465118762463,30.959214337884553,31.11134832276921,5784200
2021-01-26,31.719892501831055,31.80441320405408,31.37336568305446,31.440982244832878,3398900
2021-01-27,31.31420135498047,31.85512092764456,31.111358127298917,31.525498264560813,8415100
2021-01-28,31.398712158203125,31.771438164276766,31.102894643534533,31.373354344633043,11831200
2021-01-29,31.069093704223633,31.517045309450985,30.891605088032367,31.16206485293374,5590700
2021-02-01,31.77060890197754,31.78328620286486,30.86625823181253,31.263497521671457,3729300
2021-02-02,31.905838012695312,32.066422526772435,31.70299153121355,31.931192613829744,3017400
2021-02-03,31.7790470123291,31.888922284215894,31.348002828979798,31.863567692293664,3472200
2021-02-04,31.956546783447266,32.15093955955646,31.71989204476796,31.821316885974124,3040200
2021-02-05,32.06642532348633,32.12558821405026,31.931195398749384,32.049521179877246,2019400
2021-02-08,32.134029388427734,32.14247984487472,31.855115963659983,32.08331697734238,2590000
2021-02-09,32.27771759033203,32.37914243724287,32.10022894444095,32.20165056721653,1682200
2021-02-10,32.49747085571289,32.71299464283432,32.31237323549596,32.438307968916504,3329000
2021-02-11,32.438297271728516,32.63269001054534,32.26925912628166,32.53971886934284,2301000
2021-02-12,32.429847717285156,32.505914731207646,32.13487806655227,32.36223438498453,1826300
2021-02-16,32.08332061767578,32.514368100473924,31.922736133886477,32.480559822580965,3341300
2021-02-17,32.108680725097656,32.1636167624854,31.88047966926886,32.06641876265394,3277200
2021-02-18,32.091773986816406,32.14248317902737,31.96499455801937,31.981898696801295,2932100
2021-02-19,32.193199157714844,32.42140022032023,32.104454837390826,32.24391157967221,2448500
2021-02-22,32.3791389465332,32.4974646977042,32.01570801128805,32.1424842200563,4293100
2021-02-23,32.49747085571289,32.700314117833216,32.37491824045308,32.573537885041894,5986100
2021-02-24,32.64960861206055,32.76370755690842,32.37914874917918,32.49747453617279,3779900
2021-02-25,32.11713409423828,32.87780434928228,31.897386700634105,32.65805373154274,6790200
2021-02-26,31.559309005737305,32.21855438333064,31.5398706944697,32.21855438333064,8008400
2021-03-01,31.593111038208008,32.1340305460674,31.588884197765,31.914279980915403,4505600
2021-03-02,31.398712158203125,31.626909911396154,31.145153367306058,31.61000900119471,7482600
2021-03-03,31.00993537902832,31.39872416919853,30.963449797857262,31.39872416919853,7743400
2021-03-04,30.7817325592041,31.373364556989703,30.485918172378803,31.111358449840154,11162900
2021-03-05,31.1367130279541,31.271942922437077,30.333784118902365,31.018387273298373,9431800
2021-03-08,31.288848876953125,31.677634443123566,30.993031249021985,31.212781855386282,5381500
2021-03-09,31.643823623657227,31.859347371500697,31.449430856162405,31.449430856162405,4163400
2021-03-10,31.956546783447266,32.15093955955646,31.593115829462867,31.67763330633293,4908400
2021-03-11,32.429847717285156,32.666502440674506,31.96922201707413,32.04951264767269,4092700
2021-03-12,32.987674713134766,32.987674713134766,32.379141764980524,32.39604590578136,3621600
2021-03-15,33.35956573486328,33.45253691495975,32.828785929559416,33.01303884259012,4585700
2021-03-16,33.35956573486328,33.520150266943496,33.20743166273011,33.41027494281713,3814700
2021-03-17,33.3088493347168,33.342657618749016,33.01303490977343,33.30039887577645,4914800
2021-03-18,33.09754943847656,33.19052059919055,32.843993779160776,33.1229040371676,4147000
2021-03-19,32.658050537109375,33.22347999609911,32.60734134115678,33.10599896341087,5718700
2021-03-22,33.018287658691406,33.12072197152611,32.574401294636885,32.676835607471595,4371700
2021-03-23,33.12071228027344,33.35119185895835,32.94998630461863,33.086566433877046,4453800
2021-03-24,32.97560119628906,33.317049931433964,32.868897855994874,33.10364325084558,10398000
2021-03-25,33.25729751586914,33.2957124130451,32.62561554218298,32.975602380665215,5725300
2021-03-26,34.068241119384766,34.08531404396998,33.325586809728605,33.410948176327274,4550900
2021-03-29,33.991416931152344,34.145070006688655,33.581676481831394,33.94873624490951,5335600
2021-03-30,33.84630584716797,33.99142084838244,33.7609412085171,33.94020206519192,4534600
2021-03-31,33.709720611572266,34.056291549017864,33.5219216911141,33.80361681547383,5083900
2021-04-01,34.24750518798828,34.24750518798828,33.69264973986955,33.87191058050817,6082700
2021-04-05,34.4267692565918,34.4609118526417,34.09385208040158,34.4609118526417,5235600
2021-04-06,34.51213455200195,34.51213455200195,34.21336645057515,34.34994661927427,4270100
2021-04-07,34.554805755615234,34.63504817015182,34.24323385772993,34.52919799861841,3063200
2021-04-08,34.38408279418945,34.7426077052357,34.354205989629556,34.59748947142514,4042700
2021-04-09,34.435306549072266,34.47798723942643,34.28165345873491,34.44384138461192,1887000
2021-04-12,34.640167236328125,34.64443302455656,34.22188879073225,34.51212195028348,2946900
2021-04-13,34.84504699707031,34.87919285184485,34.55481374414262,34.64017838107897,7557800
2021-04-14,34.63164138793945,35.00723603339161,34.58896069628117,34.82797517462999,3027900
2021-04-15,35.28893280029297,35.297467635692065,34.74261215756994,34.82797353687245,3786400
2021-04-16,35.34015655517578,35.468198642149225,35.246257070931584,35.442590876020205,3173700
2021-04-19,35.45111846923828,35.4639223496867,35.139546523901195,35.34868416932326,3291600
2021-04-20,35.84379196166992,35.95476110481934,35.34015200259941,35.382832692759024,5042100
2021-04-21,36.005977630615234,36.07426607932597,35.79257093686162,35.903543329385265,4182600
2021-04-22,35.85231399536133,36.16815489735849,35.79256039920853,35.963286355213704,4074600
2021-04-23,36.057193756103516,36.15962804979579,35.83524898738818,35.94622137174584,3551700
2021-04-26,36.1340217590332,36.338890354744144,36.04012229586251,36.20231020549431,2893600
2021-04-27,36.1340217590332,36.253528982585856,36.04012229586251,36.253528982585856,3715200
2021-04-28,36.005977630615234,36.26206501185402,35.980369869389676,36.19377656314328,2246200
2021-04-29,36.27059555053711,36.347422074543964,36.02304305581202,36.202303859718995,4261900
2021-04-30,36.509620666503906,36.543766521930266,36.10841500606417,36.14256086149053,4592300
2021-05-03,36.31328201293945,36.5949771416136,36.262063236667984,36.5949771416136,5074000
2021-05-04,36.09133529663086,36.466933123088346,35.8693937907193,36.23645352676054,4892400
2021-05-05,35.562095642089844,36.048662702520595,35.408442543392965,36.0401278665166,5972400
2021-05-06,35.73281478881836,35.77549547327647,35.4340434849566,35.579161719707166,4116400
2021-05-07,36.16816329956055,36.18523622475994,35.69866925372356,35.69866925372356,3863600
2021-05-10,36.33034896850586,36.65301841391014,36.249253400150344,36.347421891124235,3873100
2021-05-11,35.90354537963867,36.03841596903422,35.57489722894731,35.946226069561106,5546200
2021-05-12,35.0328483581543,35.85232939129368,35.01577542958954,35.758429912351595,5443800
2021-05-13,35.47672653198242,35.67988879918749,35.09259386888183,35.10112870302744,10719300
2021-05-14,35.80965042114258,35.94623059990447,35.52795197076149,35.65599731299441,3828600
2021-05-17,35.82671356201172,35.916343974554756,35.69866825476314,35.7754947878468,3583400
2021-05-18,35.894996643066406,36.10755012806045,35.57488667908604,35.80963528853575,4545500
2021-05-19,35.75841522216797,35.75841522216797,35.280386444050016,35.62183510608758,7500900
2021-05-20,36.20231628417969,36.33889645636253,35.63465362066145,35.698676288693946,5260700
2021-05-21,36.14256286621094,36.33889666131056,36.08280924406445,36.28767787533007,4565100
2021-05-24,36.53522491455078,36.70168187332807,36.28767237102076,36.34742924043119,9873000
2021-05-25,36.637664794921875,36.77339180997599,36.373042541344525,36.62059512257923,4333800
2021-05-26,36.7230224609375,36.96203690426019,36.61205007382587,36.70594953551051,4738200
2021-05-27,36.68034362792969,36.85960446947457,36.624002645542596,36.84253154318538,4288000
2021-05-28,36.927886962890625,37.05593226124562,36.83399076793446,36.90057289029509,3534100
2021-06-01,37.559574127197266,37.559574127197266,36.944961872182006,37.115687860389286,5512300
2021-06-02,38.08028793334961,38.088822767638455,37.54250219598338,37.65347457970315,4599000
2021-06-03,38.00346374511719,38.03760959703507,37.76018024877568,37.93688161330668,3447300
2021-06-04,38.037601470947266,38.18271642610542,37.84980258184662,38.13149765917062,3061300
2021-06-07,38.3961296081543,38.54124784434846,38.088823466874906,38.088823466874906,5659700
2021-06-08,38.60099792480469,38.72733365227711,38.41746806589619,38.47295262553746,5577200
2021-06-09,38.643672943115234,38.81268932680075,38.60952710080392,38.73757238130797,2401800
2021-06-10,39.036354064941406,39.104645773538735,38.56259091961309,38.66075943663978,3818400
2021-06-11,38.788795471191406,39.07902867492116,38.64368049749022,39.07902867492116,4478100
2021-06-14,39.0107421875,39.02781511284847,38.73758189457962,38.79733550513548,2746000
2021-06-15,38.652217864990234,39.01074279019195,38.61807527009337,39.01074279019195,2948300
2021-06-16,38.3022346496582,38.844289505996755,38.268092051535454,38.737586153084365,6093100
2021-06-17,38.44735336303711,38.472961126017616,38.131509090080414,38.21687372722869,4558600
2021-06-18,37.841278076171875,38.45161811966381,37.841278076171875,38.233945627521265,9034600
2021-06-21,38.5930290222168,38.68753607744402,37.862752594839876,38.00880984675419,4818200
2021-06-22,38.42120361328125,38.61880779490038,38.41261027468132,38.61021445630045,2428600
2021-06-23,38.30091857910156,38.527734185917815,38.25194442060872,38.40401568836404,5049300
2021-06-24,38.12049865722656,38.43838663432351,37.95726127681883,38.43838663432351,3267900
2021-06-25,38.395416259765625,38.40400959598977,38.060348249768936,38.19781213277777,3278500
2021-06-28,38.412601470947266,38.472741717769686,38.1033069002047,38.472741717769686,3260700
2021-06-29,38.38683319091797,38.64286025221978,38.318099598198884,38.369649792738194,2851400
2021-06-30,38.08613967895508,38.59303528028197,38.04317953605051,38.36965761321247,6087600
2021-07-01,38.240779876708984,38.532891121001505,37.94437524047868,38.077542493315505,6332000
2021-07-02,38.42120361328125,38.555229543374836,38.23218949286365,38.36965341387688,3992900
2021-07-06,38.764862060546875,38.79922886040106,38.154866111428014,38.40402049427321,5002400
2021-07-07,38.962459564208984,39.10851679985121,38.54147780905934,38.739081958247645,4634400
2021-07-08,38.9281005859375,39.03119770244672,38.635989357996166,38.721903075520814,5252900
2021-07-09,39.44358444213867,39.46935789864684,38.96245916379993,39.1171064576446,4090400
2021-07-12,39.78725051879883,39.83020737718113,39.39203890044627,39.4264056981114,3406600
2021-07-13,39.271759033203125,39.72711091627461,39.142888455932464,39.649787258952905,4764500
2021-07-14,39.615421295166016,39.73140514489248,39.18584614041887,39.30612665936433,3942900
2021-07-15,39.67556381225586,39.73570407515069,39.53380321654724,39.581056748450116,4138400
2021-07-16,39.71851348876953,39.98914462283334,39.675556634101966,39.80443047550259,4107200
2021-07-19,39.09992980957031,39.4521813113719,38.773455046123836,39.35767752873112,8124900
2021-07-20,39.80443572998047,39.93330631099503,39.23739337488229,39.29753691223378,4986200
2021-07-21,39.684146881103516,39.92471116769192,39.619713237497464,39.87316097540913,4280500
2021-07-22,39.400630950927734,39.54668492013409,39.19443344907382,39.54668492013409,4127600
2021-07-23,39.761474609375,39.795841407755375,39.417816457766065,39.52950363640487,4995800
2021-07-26,39.761474609375,39.77779933021542,39.417816457766065,39.6669675525281,3699600
2021-07-27,40.0793571472168,40.11372066354236,39.602528535847625,39.74428582451043,3937400
2021-07-28,39.83879852294922,40.122319695311205,39.70992794429238,40.10513629601063,6457100
2021-07-29,39.71851348876953,40.15668192761333,39.675556634101966,39.94189437687756,7659100
2021-07-30,39.84739303588867,40.319925059689275,39.75288597564887,39.804436175070144,4998700
2021-08-02,39.86457443237305,40.285556235596694,39.813024235542336,40.05358526595585,6819300
2021-08-03,40.02781295776367,40.09224988630623,39.76834788686916,39.976262759449966,6669700
2021-08-04,39.8989372253418,40.208231845889884,39.709926395205436,40.036401136985596,4374600
2021-08-05,40.21682357788086,40.234006975824904,39.87316217379609,40.113723190216604,5469000
2021-08-06,40.14809799194336,40.38865905633359,40.06390161940678,40.25119512276793,3452600
2021-08-09,39.967674255371094,40.14809504039988,39.87316719348026,40.14809504039988,3556200
2021-08-10,39.53810119628906,40.03640671641684,39.512327733451016,40.01922659279057,6752900
2021-08-11,39.75288009643555,39.83879380536648,39.56386600391,39.727106639235856,4074400
2021-08-12,39.89034652709961,39.89893658757834,39.61541870820659,39.83879633203287,3733000
2021-08-13,40.15668487548828,40.17386499669814,39.851683646943385,40.01922096402218,4763300
2021-08-16,40.19964599609375,40.362883384082565,40.036405330706415,40.096545593512744,4879200
2021-08-17,40.2769660949707,40.28985282480327,39.92471461082148,40.06217852469927,4916800
2021-08-18,39.855979919433594,40.199641333378985,39.80443300152048,40.1824579349419,5431500
2021-08-19,40.1910514831543,40.251191744203865,39.624012395116665,39.7357028559509,5385100
2021-08-20,40.380062103271484,40.58368029479592,39.890346718678984,40.17386459941237,4420700
2021-08-23,40.22542190551758,40.51753317580663,40.13950817553791,40.50034977433096,4653700
2021-08-24,39.92471694946289,40.3285153765954,39.82161654996664,40.3285153765954,4291800
2021-08-25,39.881752014160156,40.08365284214182,39.74428810876383,39.9247121474824,4543600
2021-08-26,39.907527923583984,40.03210509736421,39.75717729226232,39.924711321077595,2861300
2021-08-27,40.2339973449707,40.34568448877525,39.98484305051947,40.070756742276394,2530500
2021-08-30,40.72372055053711,40.73660727907736,40.18245501006118,40.2683687185948,6169800
2021-08-31,40.96428680419922,41.01583700236212,40.48316145354043,40.58626184986623,4855300
2021-09-01,41.668785095214844,41.71174195014269,41.01583237907688,41.024422439103276,9196200
2021-09-02,41.866390228271484,41.866390228271484,41.359491462520936,41.737519660476075,6576100
2021-09-03,41.866390228271484,41.930827150868204,41.37237819156068,41.737519660476075,5537900
2021-09-07,41.40245056152344,41.75470204308508,41.010680212418634,41.71174518482599,7162300
2021-09-08,41.651607513427734,41.78048137360342,41.16189208859758,41.2478058104491,6704200
2021-09-09,40.766685485839844,41.462595184144426,40.75809214684431,41.419638321362434,4573200
2021-09-10,40.25120162963867,40.826834197711264,40.23402150288955,40.80965079356291,6203600
2021-09-13,40.474571228027344,40.813935990407465,40.30359919060392,40.6635853431247,5495200
2021-09-14,40.3886604309082,40.71513851326241,40.18246616224151,40.66359158479514,5234500
2021-09-15,40.543304443359375,40.758092034073634,40.23401306574562,40.474574118578055,4885700
2021-09-16,40.62062072753906,40.791592746112116,40.25118587643412,40.54329707783342,4685700
2021-09-17,40.25120162963867,40.66359677440074,40.18504732623708,40.397258926200074,8711800
2021-09-20,39.97557830810547,40.27364667158429,39.50039919954717,39.80278500615024,13017800
2021-09-21,39.984222412109375,40.45940488680427,39.966942749778774,40.13973607732614,6982600
2021-09-22,40.321163177490234,40.54579546745721,40.044695201960295,40.26068601382795,6432400
2021-09-23,40.12245559692383,40.53715759712683,40.06197842787913,40.41620325903744,4571500
2021-09-24,39.664554595947266,40.19157273128308,39.5522384451974,40.04469725787812,5211600
2021-09-27,39.00794982910156,39.86327177142098,38.96906976130946,39.630001251945075,6701100
2021-09-28,38.77467346191406,38.94746677943964,38.4722843323047,38.76603198337066,12068800
2021-09-29,39.025230407714844,39.206665250721514,38.87835819206482,38.92155570868193,5975800
2021-09-30,38.40317153930664,39.2196166408146,38.40317153930664,39.206657717895204,6342800
2021-10-01,38.817867279052734,39.094335242521524,38.359967832512204,38.65371545566755,8294700
2021-10-04,38.8610725402832,39.01658621275759,38.57596633791934,38.740118194082854,10456400
2021-10-05,38.558692932128906,38.930197510466016,38.38589956847642,38.930197510466016,5480300
2021-10-06,38.9301872253418,38.96474325233537,37.97118744140384,38.41180727133723,8996300
2021-10-07,38.973384857177734,39.50040299569865,38.921545872881794,39.13753669714391,7269800
2021-10-08,38.55004119873047,39.025220350579424,38.48956403190015,38.9733846623011,5464400
2021-10-11,38.60188293457031,38.771219013766625,38.30813526227199,38.53276428426076,4151900
2021-10-12,39.120262145996094,39.293055487129486,38.584605754665546,38.662362593387634,5663300
2021-10-13,39.34489822387695,39.38809573933304,38.751355067469454,39.05115050471272,9279200
2021-10-14,39.897830963134766,39.94534921485245,39.491767101459594,39.58680360489497,4392500
2021-10-15,39.91511154174805,40.26069493989956,39.67319953770712,40.15702025003,5210100
2021-10-18,39.984222412109375,40.14837755637074,39.681836560720434,39.768231576614816,4251300
2021-10-19,40.1656608581543,40.34709238542736,40.096542202569,40.19157870611934,3509700
2021-10-20,40.77907180786133,40.78770999144544,40.182934972037415,40.24341544016106,5596400
2021-10-21,40.908668518066406,40.943227847453116,40.627883030136786,40.761796311811466,5528800
2021-10-22,41.2024040222168,41.29311976316769,40.96049537968108,41.02961401798161,5378000
2021-10-25,41.32337188720703,41.42272583470567,40.91298728598021,41.23697356790507,4933100
2021-10-26,41.5134391784668,41.65945117606093,41.32336947859882,41.37520517139977,9546200
2021-10-27,41.21105194091797,41.7467082884346,41.21105194091797,41.72079044290014,7158300
2021-10-28,41.815818786621094,41.815818786621094,41.18685304456732,41.20240243055361,6690300
2021-10-29,41.31472396850586,41.78126493274947,41.133292469886136,41.660310600336324,7925200
2021-11-01,41.40976333618164,41.49184090849369,40.731552243060406,41.41840151948673,6766900
2021-11-02,41.79854965209961,41.9436948685599,41.40112398867325,41.61711483576548,6617300
2021-11-03,42.04045104980469,42.12684605534365,41.60846943059347,41.85037808270913,4814500
2021-11-04,41.56527328491211,42.0750117440544,41.39247997243436,41.97133707487107,4620600
2021-11-05,41.660316467285156,42.204611039796376,41.58947083524943,41.971343820582334,5731400
2021-11-08,41.65167236328125,41.8331038760203,41.271529675291056,41.78126818424265,5791700
2021-11-09,41.807186126708984,41.88494296031372,41.64303427610283,41.738070772259576,4410400
2021-11-10,41.59983444213867,41.95405926525688,41.59551370280254,41.677591271396736,5063100
2021-11-11,41.61711120605469,41.6516705295574,41.30608718180577,41.6516705295574,4191900
2021-11-12,41.63439178466797,41.772625785964465,41.47887812123958,41.75534941959114,3902800
2021-11-15,41.8676643371582,41.8676643371582,41.478880159482664,41.65167349353387,3591500
2021-11-16,41.60847473144531,41.97134105160557,41.52639715869601,41.893584218411135,4936700
2021-11-17,41.884944915771484,41.9367839058477,41.00370185902862,41.52208187251437,15340000
2021-11-18,41.876312255859375,41.971348768989266,41.68623922959959,41.92814795701442,5484700
2021-11-19,41.65167236328125,41.9799793594938,41.54799768396731,41.91950218858078,5099600
2021-11-22,41.4443359375,41.833116930187366,41.34065793007436,41.66032684266394,5416900
2021-11-23,41.884944915771484,42.001581819503265,41.37952712162388,41.57391756683179,9784700
2021-11-24,42.44651794433594,42.5026743724853,41.76398614486615,41.876302296923335,5086700
2021-11-26,41.29743957519531,41.97997128218422,41.236962415918626,41.87629662281818,6829200
2021-11-29,41.815818786621094,42.1268427596843,41.30521359965966,41.61710435706251,7173400
2021-11-30,40.94322204589844,41.72942855136774,40.92594238365357,41.62575387365711,11022100
2021-12-01,40.40756607055664,41.84174509247034,40.38164822483053,41.38384557392976,12299600
2021-12-02,41.5134391784668,41.76398934620038,40.58899863825128,40.68403513606462,10097200
2021-12-03,41.30609130859375,41.76399085559753,40.951866446697494,41.56527966924195,11826500
2021-12-06,41.9022216796875,42.24780833143165,41.591194352269476,41.608474014432545,8711100
2021-12-07,42.64522933959961,42.710027246744026,42.126849378202735,42.23052734793719,7763600
2021-12-08,42.82666778564453,42.93898395651858,42.498360753113715,42.645236252835005,6931400
2021-12-09,42.2823600769043,42.7402628384447,42.243483312794446,42.73162136035925,3572400
2021-12-10,42.498355865478516,42.53291519035117,42.23225631462801,42.455158357267,3683700
2021-12-13,43.06858444213867,43.262978230950495,42.31693702770794,42.37741421646905,5105600
2021-12-14,42.59339141845703,43.06857058978574,42.27372590985532,42.973537392126836,8920600
2021-12-15,43.22408676147461,43.28456393429458,42.68843038974392,42.73162789950695,8196000
2021-12-16,43.388248443603516,43.67335468756174,43.11609782918972,43.319129780971686,7161500
2021-12-17,43.241355895996094,43.75541503555997,43.180878737901274,43.34503055333607,8626500
2021-12-20,42.958168029785156,43.13244118421514,42.49634699593206,42.740327417743664,9760200
2021-12-21,43.2021598815918,43.47228016385612,43.023528950689,43.25443951094124,6024000
2021-12-22,43.629127502441406,43.65526731819612,43.28493885773735,43.332864069277456,4530000
2021-12-23,43.4984130859375,43.733681352684,43.24572049482522,43.71625370433418,5264600
2021-12-27,44.387210845947266,44.387210845947266,43.533275873766726,43.620414130510426,5183100
2021-12-28,44.57891082763672,44.59633847864958,44.23907994284734,44.38720999047982,5592700
2021-12-29,44.84904098510742,44.979743400823544,44.45692708998897,44.666052284728785,4404700
2021-12-30,45.049442291259766,45.19757232198525,44.82288617793539,44.892596774030324,3665900
2021-12-31,45.14529800415039,45.45898575148812,45.01459228310458,45.06687523631982,3979100
2022-01-03,44.72704315185547,45.293426838579585,44.04737807420826,45.293426838579585,8441200
2022-01-04,44.55276870727539,45.04072961444277,44.50920124399036,44.84903211119175,7440700
2022-01-05,43.10630798339844,44.40463636879123,43.08016484563617,44.40463636879123,14980800
2022-01-06,43.15858840942383,43.28493638499487,42.592204715191194,43.14116075858804,9807100
2022-01-07,42.93203353881836,43.21871056996311,42.73162054978931,43.019168464836426,6141100
2022-01-10,42.67934036254883,42.67934036254883,42.04324605428444,42.566062292205025,6870600
2022-01-11,42.609622955322266,42.68368796202806,41.977883216992254,42.592195308335526,7442400
2022-01-12,42.722904205322266,43.00173995176492,42.557346519617035,42.557346519617035,4686800
2022-01-13,42.57477569580078,42.958174029910225,42.50158155903401,42.871039102516754,5481200
2022-01-14,42.078102111816406,42.3830777020801,41.59013784340986,42.3307980717404,5737300
2022-01-18,41.790550231933594,41.929968117421886,41.372296575468724,41.816693370702055,8948300
2022-01-19,41.250301361083984,42.261081739840385,41.250301361083984,42.00838581415524,7152500
2022-01-20,40.88432693481445,41.87855386154491,40.84075947457897,41.32872367157522,7586800
2022-01-21,40.85818862915039,41.35922275028267,40.757983799314495,41.08474474909847,10920600
2022-01-24,40.94533157348633,41.02810876328399,39.51891003962006,40.49222260560018,19972200
2022-01-25,40.83205032348633,41.128313728514854,40.073965822730884,40.45736415465659,10908900
2022-01-26,40.15238571166992,41.53784889965317,39.8604767470975,41.04117253913506,12858500
2022-01-27,39.42915344238281,40.705699648117665,39.27230792520156,40.45736146657805,8783800
2022-01-28,40.79719924926758,40.79719924926758,39.03704628694053,39.516295082488575,6455400
2022-01-31,41.250301361083984,41.311296470872236,40.448646123320394,40.57935182942904,4557200
2022-02-01,40.97146224975586,41.31129306887212,40.701338697235386,41.250297964106835,8057400
2022-02-02,41.67727279663086,41.76876546645684,41.16316875381031,41.19802072994566,6716600
2022-02-03,41.250301361083984,41.57270455910534,41.19801841384369,41.43328669044874,4484000
2022-02-04,40.68391036987305,41.215441980219126,40.37893485114195,40.954033917880494,5447900
2022-02-07,40.692630767822266,40.96275102445388,40.57064054560357,40.683915281101356,5403300
2022-02-08,40.326656341552734,40.70570023419557,40.23952141919044,40.57935226998129,4876000
2022-02-09,41.302581787109375,41.32436385414173,40.78847780457334,40.80590545258961,4927400
2022-02-10,40.126243591308594,41.14138173018018,39.89533305413699,40.631635451067304,8187100
2022-02-11,39.57728576660156,40.37022888496085,39.3333053141737,40.27437847179723,9040100
2022-02-14,39.15031814575195,39.81255219596706,38.97604497759507,39.61213921598112,6979200
2022-02-15,39.34202194213867,39.6818528175856,39.20260406185315,39.51629179950722,5395100
2022-02-16,39.44658279418945,39.54243320593603,39.028329171646114,39.403015331754915,5675200
2022-02-17,39.10675048828125,39.49014879711327,39.01525782335489,39.34201876551369,5008400
2022-02-18,38.93247985839844,39.37687330614442,38.81136051446145,38.98476280918566,6226000
2022-02-22,38.82791519165039,39.098035446222724,38.59264691174324,38.86276716631557,6832300
2022-02-23,38.3225212097168,39.38558449172925,38.27023826463971,39.167743873217454,5917600
2022-02-24,38.984764099121094,39.102396587304085,37.46859171596826,37.6080095986962,11608800
2022-02-25,39.96068572998047,39.991183285244716,38.958617501610846,39.14160283319632,6193400
2022-02-28,39.27231216430664,39.67313816304256,38.85405851467118,39.44658534931755,8591800
2022-03-01,39.19388961791992,39.68185387390089,38.976048966425935,39.464013222406905,9027900
2022-03-02,39.89097595214844,40.06960686806814,39.31762190140429,39.33330445929988,5481500
2022-03-03,40.326656341552734,40.47914744166307,39.79512467278378,40.11753119828955,5774900
2022-03-04,40.66648483276367,40.70134012927988,39.93454354982751,40.021678467134,6193600
2022-03-07,39.92582702636719,40.71005455768615,39.92582702636719,40.58806434703297,7882200
2022-03-08,39.56857681274414,40.35280450770098,39.533721509860584,39.93455084505221,10469300
2022-03-09,40.23080825805664,40.61420991617492,40.12624568038093,40.24823590833333,6229300
2022-03-10,40.3702278137207,40.431222925209134,39.62085550230931,39.838696135906375,5638500
2022-03-11,39.96940612792969,40.849484316573616,39.95633621926412,40.570648518425116,4363500
2022-03-14,39.72541809082031,40.291805067981684,39.568572568652066,40.27437741840918,4846100
2022-03-15,40.03911590576172,40.352807003143305,39.681857339073765,40.18724596620034,4988500
2022-03-16,40.48350143432617,40.665615879892336,39.64699422212114,40.352799052160236,6868200
2022-03-17,41.0586051940918,41.076032845145164,40.31794830623897,40.36151577188009,4499700
2022-03-18,41.15445327758789,41.33743861728787,40.89304517459015,41.206736227781185,4727800
2022-03-21,40.943260192871094,41.38143719547279,40.741699172837336,41.14482121290485,3979300
2022-03-22,40.96954345703125,41.24997642822564,40.90819895352152,41.0922324640507,2853300
2022-03-23,40.50508499145508,41.013368598702364,40.456009378935,40.855624603309145,3976800
2022-03-24,40.82056427001953,40.82056427001953,40.39114940909233,40.56642084912434,3758900
2022-03-25,41.302555084228516,41.328844628176924,40.838085301985366,40.978301774750896,4003200
2022-03-28,41.828369140625,41.85465868653391,41.32884771020778,41.32884771020778,3705400
2022-03-29,43.055267333984375,43.11661183853213,42.1438584906681,42.1438584906681,5108100
2022-03-30,42.81864547729492,42.932572402750516,42.582029559667596,42.88875204009692,3881400
2022-03-31,42.34541702270508,43.13413681109728,42.319127477433526,43.028971943961935,5624200
2022-04-01,43.18671798706055,43.21301087662631,42.327891588797954,42.54698005803917,6746700
2022-04-04,43.055267333984375,43.31817283104971,42.67405219027354,43.169190932130334,5056000
2022-04-05,43.09031677246094,43.651186039038706,42.88875579012306,42.88875579012306,5239100
2022-04-06,43.73004913330078,43.78262821356037,42.72224108335564,42.90627455031205,6810900
2022-04-07,43.370750427246094,43.563545987297026,43.06402459571494,43.484674012677516,6015900
2022-04-08,43.52849197387695,43.66871179225161,43.1604249797169,43.37075136425441,5033700
2022-04-11,42.932579040527344,43.63366149206276,42.80988668636193,43.43210049618538,5041300
2022-04-12,42.80112075805664,43.16918775828245,42.61708725794374,42.844937780508594,6728900
2022-04-13,42.97639465332031,43.03335645146915,42.60832428898054,42.862467713997916,8415000
2022-04-14,42.73101043701172,43.274352207872134,42.708227725091376,43.072791232110816,5098900
2022-04-18,42.62584686279297,42.91504521171343,42.3979963533907,42.65213640614053,5247900
2022-04-19,43.51972579956055,43.633652719725845,42.85369844025972,42.86246050656898,5908900
2022-04-20,44.343502044677734,44.46619438786704,43.56354767818063,43.642419655861495,6241800
2022-04-21,44.05431365966797,44.66776209594661,44.02802411082139,44.518780185424276,6083100
2022-04-22,43.26559829711914,43.99297375965117,43.2305466759929,43.99297375965117,8511100
2022-04-25,43.064029693603516,43.33570060345856,42.362947249005586,43.21301159353202,8143800
2022-04-26,42.38923645019531,43.27435574548754,42.38047438228266,42.98515735899856,8830300
2022-04-27,42.135093688964844,42.81864860558976,42.09127332310977,42.4768711472773,13001300
2022-04-28,42.906288146972656,43.03335986957455,41.87219022920034,42.44182162803297,9532500
2022-04-29,40.83808898925781,42.65214123202588,40.74169287173524,42.60832420714749,11520500
2022-05-02,39.77770233154297,41.092233159911345,38.96094120553257,40.9520166719397,17231300
2022-05-03,40.25969314575195,40.54012609972395,39.62872067082722,39.97926019177996,13431300
2022-05-04,40.73292922973633,40.79427373583485,39.571759633400255,40.250935249094425,14707100
2022-05-05,39.690067291259766,40.820564577814544,39.40086891157263,40.50507665198301,13591600
2022-05-06,39.286949157714844,39.50603764507299,38.84877218299855,39.34829366673313,16154900
2022-05-09,37.45536422729492,38.92763558855584,37.33267188275066,38.92763558855584,18005000
2022-05-10,36.622825622558594,38.182734296270425,36.3862096985083,37.91106341835541,27771000
2022-05-11,36.57025146484375,37.39402300887558,36.50890695321506,36.72799544989615,25360800
2022-05-12,36.841915130615234,36.841915130615234,36.254756337058055,36.5527167674398,20802700
2022-05-13,37.762088775634766,37.788378322233925,36.912024443331305,37.25380192121937,8949200
2022-05-16,37.45536422729492,37.80590375406197,37.4159265665067,37.648159796958204,7445500
2022-05-17,37.858482360839844,37.946116397917734,37.323906042801724,37.90229937937879,7254800
2022-05-18,36.75428009033203,37.8409603596496,36.63159108346265,37.79714333477121,9546400
2022-05-19,36.68416976928711,37.11358124943564,36.44755384750095,36.50013627779488,8204600
2022-05-20,37.11358642578125,37.18369634261828,36.53519298397511,37.07853481038757,9859500
2022-05-23,37.5955810546875,37.683215101434484,36.90326071910268,37.40278214021462,8100200
2022-05-24,38.03376388549805,38.09510839635973,36.929556003937556,37.35897092299444,9706200
2022-05-25,38.244083404541016,38.37553782586903,37.73579988432394,37.86725096262715,7668000
2022-05-26,38.20026397705078,38.661226952195,38.12139199781707,38.480696938098504,7131100
2022-05-27,39.27818298339844,39.29571046320973,38.410594462401555,38.410594462401555,4540800
2022-05-31,38.75237274169922,39.041567806848086,38.53328425418265,38.866296348229824,15462000
2022-06-01,38.33171844482422,38.92763598063271,37.91106565962767,38.901346435192146,9317800
2022-06-02,38.91011047363281,38.92763460795885,37.59995912163374,38.14768025249555,8401500
2022-06-03,38.41934585571289,38.831233159270184,38.331711824031096,38.559562312218176,6905100
2022-06-06,38.30542755126953,38.75236990518298,38.20026602100598,38.691025400610506,7605400
2022-06-07,38.75237274169922,38.7786622904332,37.858491311468605,38.12139682788349,4812800
2022-06-08,37.82342529296875,38.594617479606,37.73579126079308,38.533272988478224,5418800
2022-06-09,36.955841064453125,37.981176829927065,36.94707899669083,37.69197844840053,5533800
2022-06-10,36.07948303222656,36.57024234590847,36.06195889872393,36.46508082977103,8566800
2022-06-13,34.34431076049805,35.28200923767115,34.195332190771985,35.14179273668335,13192800
2022-06-14,34.09893035888672,34.52834524388544,33.85355233490164,34.45823532673265,9800800
2022-06-15,34.87888717651367,35.36964660093904,34.32678324191326,34.44071019353479,9429200
2022-06-16,34.04634094238281,34.449466197331176,33.87983493781173,34.11645084516484,8398000
2022-06-17,34.24790954589844,34.73866555495785,33.95345259743821,34.20408917963992,14302000
2022-06-21,34.88572692871094,35.17724934441999,34.57653260728352,34.61186967886299,6031800
2022-06-22,35.45111083984375,35.94140181445742,34.5235345043335,34.558868210215856,5776400
2022-06-23,36.14899826049805,36.26826004461666,35.583618547439336,35.61895562198774,7414500
2022-06-24,36.935237884521484,36.952906424130106,36.308016523168135,36.40519180605088,6781800
2022-06-27,36.80272674560547,37.25326272584672,36.63488066863902,36.86456495132624,4743000
2022-06-28,36.2991828918457,37.262096368214614,36.23734468996296,36.98823906707014,3487300
2022-06-29,36.06949234008789,36.1489956972911,35.57478344127526,35.99881819600237,4473000
2022-06-30,36.09600067138672,36.53770405039061,35.627796168019984,35.91048606098813,4305200
2022-07-01,36.740882873535156,36.846890728431816,35.972320028158734,36.02532227064259,4894100
2022-07-05,36.590694427490234,36.590694427490234,35.70287335008963,36.37867876151598,4563400
2022-07-06,36.56418991088867,37.067731283153435,36.467014668885305,36.74087186271952,5866400
2022-07-07,36.590694427490234,36.96172689783756,36.46701806068388,36.74087527998956,3019300
2022-07-08,36.42285919189453,36.66579739140585,36.23734458677457,36.44936031550331,3067500
2022-07-11,36.42285919189453,36.5288670562589,36.06949852070354,36.31685132753016,3716600
2022-07-12,36.19316864013672,36.595116881442365,35.93697992330136,36.21966975914429,3978300
2022-07-13,35.998817443847656,36.29917581007813,35.54828157946625,35.769133220226045,5314500
2022-07-14,35.64545822143555,35.80447169356998,35.327434647095735,35.37160430714884,4305800
2022-07-15,36.21968078613281,36.43611452042085,35.89282119578949,36.0871684108946,3126600
2022-07-18,35.866310119628906,36.48469547409059,35.733801138627236,36.47586288999544,4191200
2022-07-19,36.85572814941406,36.91756634805973,36.14016751803394,36.21084167073133,3414900
2022-07-20,36.670204162597656,37.1914141584106,36.5553637382139,36.75854683896423,3630300
2022-07-21,37.050079345703125,37.058915300712655,36.42286133720428,36.73205573387838,5243600
2022-07-22,37.33275604248047,37.55360766059008,37.050066240894424,37.25324932516388,3791600
2022-07-25,37.35926818847656,37.58895243563737,37.160499669464784,37.332763697317624,3131300
2022-07-26,37.429935455322266,37.672873610225466,37.288590538813665,37.39460175364159,3006400
2022-07-27,37.63312911987305,37.71263586833469,37.19142571062604,37.48295157829526,5156000
2022-07-28,39.02007293701172,39.07307855302241,37.88048083717973,38.03065836098295,5375700
2022-07-29,39.17024612426758,39.34692810627976,38.86105518319264,39.02890121264353,3523300
2022-08-01,38.816890716552734,39.081915432954,38.666713189192656,38.99357273751049,4102700
2022-08-02,38.30451202392578,38.93172992257282,38.27801090339752,38.852223191059196,3477300
2022-08-03,38.463531494140625,38.83456071919855,38.45469553929865,38.54303823807152,3208100
2022-08-04,38.498863220214844,38.65345870915847,38.260343021589435,38.54303287849461,3236400
2022-08-05,38.62254333496094,38.65787704303391,38.07482873571431,38.21617367779393,3320200
2022-08-08,38.905235290527344,39.32043418440721,38.70205213609051,38.98474203530083,4055100
2022-08-09,39.214420318603516,39.214420318603516,38.816886655520946,39.04657426971483,2368400
2022-08-10,39.74446105957031,39.815131829237835,39.417598218831586,39.65611838507534,3617200
2022-08-11,39.5589485168457,40.02715633062756,39.43085414882522,39.947649597715845,2815500
2022-08-12,40.23033905029297,40.255957249653726,39.744466074018966,39.80630426900317,2392600
2022-08-15,40.40702819824219,40.51745404737717,40.097833798706546,40.19500908513405,3296500
2022-08-16,40.24801254272461,40.473278836503596,40.13316872221637,40.21267546411757,3279000
2022-08-17,40.1331672668457,40.372570405343474,39.850477388099286,39.87697851112889,3331300
2022-08-18,39.85930633544922,40.265675947755476,39.62962209364905,40.20383438311391,1654800
2022-08-19,39.47061538696289,39.82397944860851,39.342520998864586,39.770973828382836,3202300
2022-08-22,38.6490364074707,39.19674752269373,38.6136993368296,39.170246404677165,3430400
2022-08-23,38.06599044799805,38.61370159525542,37.924645527095215,38.55186340298098,2800000
2022-08-24,38.36634826660156,38.57394935332174,38.06598989282255,38.136660667278896,3277100
2022-08-25,38.95823287963867,38.967068833517196,38.38402056490795,38.54303403543129,1713900
2022-08-26,37.96882247924805,38.98474161028601,37.95115393949885,38.98474161028601,2725600
2022-08-29,37.64196014404297,38.02182529582663,37.54478486755006,37.75680395898269,2492900
2022-08-30,37.10307693481445,37.77446446324722,36.98823313405523,37.7126262712835,3539400
2022-08-31,36.97056579589844,37.509444374699015,36.8822264816385,37.30626125595809,4646700
2022-09-01,37.10307693481445,37.11190951798268,36.431689406381686,36.68787475740482,5343200
2022-09-02,36.46703338623047,37.49620316670129,36.38311202773086,37.41227843827201,3911300
2022-09-06,36.846893310546875,37.03240791209855,36.44935961441531,36.5642034310598,6399500
2022-09-07,37.55360794067383,37.615449494539746,36.83363287344092,36.85571938338791,4618500
2022-09-08,37.65961837768555,37.765626209430366,37.226747729007876,37.33275556075269,4505200
2022-09-09,38.02182388305664,38.158750838520255,37.56245201029568,37.80097221557131,2909100
2022-09-12,38.339847564697266,38.406100363368445,38.0836588434063,38.163165571740436,2802400
2022-09-13,36.88222122192383,37.736474468136095,36.749708899502465,37.59778169712817,4139500
2022-09-14,36.43169403076172,36.829224352437144,36.175505277291094,36.74971761411623,4143900
2022-09-15,35.63662338256836,36.46879360942289,35.59245372530999,36.38751766574718,6227200
2022-09-16,35.64545822143555,35.67196271341065,35.21700881199844,35.3627683531808,6045400
2022-09-19,35.577701568603516,35.577701568603516,35.00717519987247,35.319180745083074,4129400
2022-09-20,34.64168167114258,35.265696164669016,34.47230431683081,35.24786679049907,6259200
2022-09-21,34.13356399536133,35.136443561217106,34.11573461722893,34.918036229549855,9215800
2022-09-22,33.81264114379883,34.035503263965914,33.67446771748918,34.017673886279816,6380200
2022-09-23,33.393653869628906,33.65217470336298,32.996959631929094,33.464971368840594,7329900
2022-09-26,32.49329376220703,33.22428115345928,32.14117124803219,33.19753879055672,10027200
2022-09-27,32.06540298461914,33.03262377141005,32.00478378051918,32.79639046778524,10794400
2022-09-28,32.671592712402344,32.805307962702095,32.020832238638654,32.30609892061254,7304200
2022-09-29,31.762298583984375,32.38631297003491,31.575091887745838,32.38631297003491,7684000
2022-09-30,32.1010627746582,32.332841316333074,31.842545263629926,31.904946393940875,7700800
2022-10-03,32.69832992553711,32.89444967577486,32.083231709708734,32.60918643939596,11620000
2022-10-04,33.21537399291992,33.51846665890456,32.965769468205494,33.063829360230905,8889900
2022-10-05,32.60026931762695,32.83204781735363,32.074314599762175,32.77855968650764,7074300
2022-10-06,31.530534744262695,32.609190090744576,31.485962996201287,32.4933008252998,8933000
2022-10-07,30.781715393066406,31.43247238526358,30.607883208878413,31.22743963982662,6487600
2022-10-10,30.43404769897461,31.129376359743738,30.389475959290444,30.861942521032976,7805100
2022-10-11,30.71931266784668,30.96000415661231,30.05072633258858,30.344905952393002,8847600
2022-10-12,30.30924415588379,30.692567221668416,30.157699567395063,30.665824859136432,8899300
2022-10-13,30.879776000976562,31.0313240167705,29.529232045483877,29.676321866535172,14575700
2022-10-14,30.104215621948242,31.33441547832725,30.041814500304955,31.263097967531444,9011700
2022-10-17,31.227441787719727,31.347789246962183,30.594514129931518,30.648002267439985,7687600
2022-10-18,31.637510299682617,32.06094699753033,31.343330648086788,31.80688429870044,7743400
2022-10-19,30.844112396240234,31.44138457544661,30.665825441831814,31.352237697636724,7615200
2022-10-20,30.692569732666016,31.16503631261408,30.598968055540787,30.853030722196657,7603500
2022-10-21,30.906513214111328,30.915429602109675,30.273585690454393,30.754968624195854,9826900
2022-10-24,30.888690948486328,31.329956990434404,30.647999452713,31.200696553781725,6076300
2022-10-25,32.10997009277344,32.14562884304949,30.91542916337056,30.933258538508586,7176700
2022-10-26,32.047576904296875,32.35066955537592,31.842544140420816,32.127807411953285,8945000
2022-10-27,32.06540298461914,32.4398097147552,31.927226157501803,32.20803460570994,8435500
2022-10-28,32.82313537597656,32.91227887083458,31.789055192834354,31.9762585724,5460300
2022-10-31,32.7429084777832,32.956857649863,32.377414667627214,32.52004631547817,7154700
2022-11-01,32.689422607421875,33.25103624764798,32.59582090081869,33.07274582528654,6000900
2022-11-02,31.833621978759766,32.93901950598915,31.77567905619352,32.51112467626979,13999400
2022-11-03,31.8157958984375,32.07431678086402,31.227440021546286,31.5840207835557,10969400
2022-11-04,32.26152038574219,32.417526595637014,31.61076338084806,32.10105938172926,7524100
2022-11-07,32.25260925292969,32.59136065874058,32.05648948104869,32.46655500352133,6479800
2022-11-08,32.44872283935547,32.77855779233069,32.23923192307197,32.341746583845335,6225500
2022-11-09,32.09214401245117,32.75181735786262,32.02974289336433,32.35779594825201,7752900
2022-11-10,34.55254364013672,34.64169053379358,33.152969715483636,33.2911465505002,11979200
2022-11-11,34.53471374511719,34.94477920761068,34.44110866724251,34.659515981475565,7291400
2022-11-14,33.616519927978516,34.38316613211117,33.616519927978516,34.33859439013726,6304100
2022-11-15,34.03549575805664,34.24944144189581,33.652172723855685,34.10680985246792,9588700
2022-11-16,33.79481506347656,34.15139585077796,33.70567156695442,33.990934836552974,7771200
2022-11-17,33.49171829223633,33.59869115501779,33.21091325220775,33.32412622698985,4402600
2022-11-18,33.919612884521484,34.053331512430006,33.58086152093094,33.937442261616354,5865600
2022-11-21,34.16030502319336,34.20487676647409,33.72349717819379,33.86434347888816,4836700
2022-11-22,34.32967758178711,34.34750695847995,34.070269162512,34.29402222900733,5547200
2022-11-23,34.38316345214844,34.525795055711235,34.07115788204409,34.27619059962775,3604500
2022-11-25,34.58819580078125,34.623854551442996,34.392079473352915,34.49013593676427,2254100
2022-11-28,33.616519927978516,34.5347141355496,33.54074762656227,34.38316613211117,7298200
2022-11-29,34.178131103515625,34.22270284249659,33.56303294412468,33.686049855518306,4954300
2022-11-30,34.98043441772461,35.0071767797766,33.883949965115434,34.08898607619917,8120200
2022-12-01,34.90911865234375,35.515303826743846,34.623855440932616,35.32810048186886,9814100
2022-12-02,34.73974609375,34.91803305766642,34.311851259260045,34.481225235222986,5460800
2022-12-05,34.151390075683594,34.60602727203638,34.080072570040734,34.41882392063263,7165500
2022-12-06,33.89287567138672,34.28511182528143,33.732414653746496,34.22271069626651,5249500
2022-12-07,33.96419143676758,34.32523044426643,33.73241628927538,33.78590443128434,6159800
2022-12-08,34.21378707885742,34.48567908536755,33.982008613993656,34.08006847215868,4461000
2022-12-09,34.14247512817383,34.512427052947004,34.01767288863733,34.115732762732,6077000
2022-12-12,34.427738189697266,34.445567566771466,33.85721172574671,34.17813371187039,4945000
2022-12-13,35.18546676635742,35.65793329431331,34.757571974898326,35.49747232244046,10763800
2022-12-14,34.84672164916992,35.577709139740506,34.70854822125906,35.14089788288437,10786500
2022-12-15,34.44557189941406,34.757580936548834,34.231626148825,34.40100015142521,6033200
2022-12-16,33.4293098449707,33.9998361888947,33.09412578794562,33.98200681557142,8016200
2022-12-19,33.03352737426758,33.40317097166239,32.83518085495726,33.35809315524194,4543900
2022-12-20,32.96139907836914,33.15974213151964,32.56470609363519,32.87124001855848,4333900
2022-12-21,33.29498291015625,33.637580499221656,33.141714210094015,33.25711713235562,4082400
2022-12-22,33.132694244384766,33.204821488121524,32.54216705295923,32.997457381986486,4206200
2022-12-23,33.43021774291992,33.44824611667468,32.88476485838019,33.024510549104555,3935100
2022-12-27,33.40317153930664,33.52758865340892,33.10565519450219,33.44824935649313,4259700
2022-12-28,32.871238708496094,33.664621207127766,32.83968389862408,33.48430653390925,4730900
2022-12-29,33.60151672363281,33.68716698032758,33.01549480589878,33.10655495071517,4143200
2022-12-30,33.29498291015625,33.52037542731722,32.93435350701194,33.39415616798178,5087800
2023-01-03,33.42120361328125,33.8629744792566,33.00648218920123,33.56545469292722,7060300
2023-01-04,34.18753433227539,34.49406828403852,33.601515868669,33.71872093707698,7586900
2023-01-05,33.186798095703125,33.91706770809624,33.13270264917813,33.91706770809624,6581100
2023-01-06,34.1514778137207,34.26867945550432,33.20482985601828,33.457268394281016,6329600
2023-01-09,34.13343811035156,34.53914526681698,34.016233056435695,34.313752784249125,3965600
2023-01-10,34.23262023925781,34.25065205525001,33.78183515710469,34.07935152293279,5196700
2023-01-11,35.476783752441406,35.48580137983329,34.448994339664914,34.448994339664914,4733100
2023-01-12,35.87347412109375,35.94559793872395,35.21532837884005,35.55792253121306,5102300
2023-01-13,35.66611099243164,35.81036205710489,35.38662304996993,35.46776448879967,3796000
2023-01-17,35.67512512207031,35.90502643825512,35.58496949650045,35.6841427481573,5463200
2023-01-18,35.12517166137695,35.900522528351864,35.07468395388777,35.86445889751184,7466700
2023-01-19,34.953861236572266,35.39562850854008,34.9268152433706,34.97189304511199,7253700
2023-01-20,35.35958480834961,35.39564500301739,34.512106608134395,34.9809235309898,4262500
2023-01-23,35.4587516784668,35.692257303152736,35.10713647041,35.38662442372177,7002200
2023-01-24,35.61201858520508,35.74725547450657,34.74651212348305,35.43170387920875,7089700
2023-01-25,35.6480827331543,35.711192365289115,35.29647094291259,35.38662657761462,8163100
2023-01-26,36.05378341674805,36.05378341674805,35.65709044201773,35.84641930402099,4497400
2023-01-27,36.37834930419922,36.53161799756293,35.936581915832356,35.94559610286941,3519900
2023-01-30,35.93658447265625,36.50907996870114,35.90953847040409,36.08984973770779,3806400
2023-01-31,36.5947265625,36.64431318780662,35.846421809121374,35.927563246967054,4274800
2023-02-01,36.86519241333008,37.11763088308682,36.05378157230504,36.441453462624516,7921000
2023-02-02,37.712677001953125,38.05527114616715,37.18075053263293,37.24386016126272,7014400
2023-02-03,36.928314208984375,37.19878457852174,36.43245129162965,37.17173857333321,7467200
2023-02-06,36.693904876708984,36.73357280674163,36.234102185727224,36.405402711049376,5384400
2023-02-07,36.549652099609375,36.743489805603126,36.07181761552191,36.41531628590636,7056600
2023-02-08,36.450477600097656,36.61276048514084,36.27467171450368,36.4053997851894,4347800
2023-02-09,36.09886932373047,36.82913893790716,35.999696057801,36.71193729564248,3476900
2023-02-10,36.17099380493164,36.27016707266578,35.71570335101361,35.90954107270745,4253400
2023-02-13,36.504573822021484,36.56317463873348,36.26114948925206,36.306227305124125,2943000
2023-02-14,36.125911712646484,36.63079217994245,35.93207401387558,36.37654807707629,4544900
2023-02-15,36.22508239746094,36.23860539700796,35.81036102834158,35.90953427730851,3873000
2023-02-16,35.891502380371094,36.2007395373927,35.395636136703466,35.6390604456267,4807200
2023-02-17,35.7111930847168,35.828398163564216,35.37761310253869,35.738239087828866,7192500
2023-02-21,35.00796127319336,35.52185584700663,34.850183787493414,35.52185584700663,4220800
2023-02-22,34.69240951538086,35.14319446766889,34.53012665741987,35.11614847108081,7049600
2023-02-23,35.02598571777344,35.0981129533455,34.6833916664538,34.899766494738216,9331700
2023-02-24,34.376869201660156,34.70143499100975,34.2091764186006,34.59324410174853,8159000
2023-02-27,34.43096160888672,34.95387392876728,34.277696339470246,34.86371485333077,4816100
2023-02-28,34.44898986816406,34.87272888093484,34.322770614798316,34.458007494385456,4202100
2023-03-01,33.91706085205078,34.26867258534506,33.69617717535349,34.2326124008348,7279000
2023-03-02,34.35884094238281,34.41293295339407,33.62856784077446,33.67364566302297,5067200
2023-03-03,34.93584060668945,35.01247323809207,34.521119195222106,34.6202924543158,4420200
2023-03-06,34.80060577392578,35.125171572228,34.73749613972448,35.125171572228,4248500
2023-03-07,33.92608642578125,34.863716787828174,33.899036982040855,34.80060715112936,5385900
2023-03-08,34.40391159057617,34.61127228105344,33.917062957690426,33.944112396772965,4473000
2023-03-09,33.61955642700195,34.52112670325805,33.54742915407699,34.48506306679556,5683500
2023-03-10,32.54667282104492,33.664621038010544,32.41143939622264,33.58347960743065,11736200
2023-03-13,33.0695915222168,33.55644020132088,32.289731872954675,32.33931850356067,16936000
2023-03-14,33.41218566894531,33.727733795438624,33.02000147811793,33.58348273201073,7719000
2023-03-15,33.43021774291992,33.542913994578825,32.8622276715784,32.8622276715784,14961500
2023-03-16,33.43021774291992,33.583482994352025,32.83517823251294,33.1867934266307,8068700
2023-03-17,32.66388702392578,33.3220328388968,32.6458552077217,33.30400102269273,8692500
2023-03-20,33.01436233520508,33.13512391314859,32.56944779488035,32.74196730367743,4962800
2023-03-21,32.82369613647461,33.268607348342165,32.4732120904921,33.24136887601732,4952600
2023-03-22,31.625146865844727,32.614848056106766,31.601538348497154,32.587609590669366,8042000
2023-03-23,31.434471130371094,32.16540006259825,31.334592126410904,31.725026343514532,7494000
2023-03-24,32.242576599121094,32.251658397454214,31.180234797764964,31.243793531332024,8241100
2023-03-27,32.13362503051758,32.54221943653988,32.08822642177995,32.442340419102,5108800
2023-03-28,32.02466583251953,32.20626372070371,31.77950920302463,31.879388214710513,5117800
2023-03-29,32.78737258911133,32.80553272341114,32.34245795799456,32.34245795799456,4108600
2023-03-30,33.21413040161133,33.301294205783734,33.07793111261203,33.14148985716056,4383800
2023-03-31,33.94051742553711,33.95867756106011,33.327627572325746,33.35940694356807,6971500
2023-04-03,33.622718811035156,34.099412822968524,33.43658349134783,33.8587970990429,6452000
2023-04-04,33.631797790527344,33.79069462661921,33.418420554764886,33.64087612529349,5639900
2023-04-05,33.45927810668945,33.804313709006664,33.432039638821934,33.56823890554198,4476400
2023-04-06,33.68627166748047,33.690812566296806,33.27768082997417,33.57731434172485,4053400
2023-04-10,33.858802795410156,33.86788113246477,33.33216919024765,33.486528629712986,3814600
2023-04-11,34.02223205566406,34.294627127115426,33.786153787032625,33.94051318785953,9963400
2023-04-12,33.9223518371582,34.39450489378463,33.86333054027294,34.367262963033305,6764800
2023-04-13,33.81338882446289,33.96955970397464,33.49468426589932,33.96774473012651,4650800
2023-04-14,33.23228073120117,33.994988983902076,32.99620593417784,33.867871519067116,4853400
2023-04-17,33.98591232299805,33.98591232299805,33.250442501204596,33.250442501204596,4601000
2023-04-18,33.93143081665039,34.0494699489737,33.74256959040957,34.0494699489737,3479300
2023-04-19,34.13118362426758,34.22198081151203,33.64995229722876,33.71351102103801,5605700
2023-04-20,33.72258758544922,33.94958400534448,33.58094342658696,33.922345543338004,4243600
2023-04-21,33.758907318115234,33.90418488603785,33.48651231122164,33.80430590864909,3252700
2023-04-24,33.66811752319336,33.93143079153185,33.409338226629174,33.822473457609334,3709700
2023-04-25,33.359405517578125,33.63180061139578,33.34124538283141,33.477441197894464,3664000
2023-04-26,33.08699035644531,33.604541814090055,32.99619319196686,33.27766994375375,4446300
2023-04-27,33.88603210449219,33.96321007150306,33.17780424026784,33.17780424026784,4278800
2023-04-28,34.276466369628906,34.39450550179494,33.82247343758084,33.88603217097227,5256200
2023-05-01,33.95867156982422,34.34910575545612,33.917810406183584,34.16750789595669,4381900
2023-05-02,33.3775634765625,33.94959562023647,33.16872711445428,33.88603687801622,6376400
2023-05-03,33.16872024536133,33.81339279731633,33.141481779676944,33.44111875696897,6140700
2023-05-04,33.4774284362793,33.68626471072071,33.04159575957241,33.159634858583715,4887800
2023-05-05,33.99498748779297,34.06762801518243,33.63179524191865,33.695353971538935,3265600
2023-05-08,33.758907318115234,34.040384121329865,33.64086821177485,33.88602475708622,3358700
2023-05-09,33.64994812011719,33.77252465405032,33.2776741567218,33.64994812011719,2995000
2023-05-10,33.967750549316406,34.11302814693712,33.6317967542606,33.94959041665243,3770000
2023-05-11,33.6136360168457,33.78615207851304,33.40025879149677,33.75891361185269,3419800
2023-05-12,33.67719268798828,33.74075141543496,33.40025674824595,33.74075141543496,2950200
2023-05-15,33.6136360168457,33.80885310985738,33.49741186262546,33.71351501285508,3003600
2023-05-16,32.7147331237793,33.58640228027243,32.7147331237793,33.58640228027243,3240300
2023-05-17,33.141483306884766,33.20050113981754,32.64209178540966,32.94172531281828,3220400
2023-05-18,32.932647705078125,33.10970467147442,32.669330973215004,33.01436657139112,4111000
2023-05-19,32.87816619873047,33.259522049908014,32.73288860392262,33.12332278941081,4578700
2023-05-22,33.09608459472656,33.3049209224981,32.740152233123545,32.94172520064867,3943200
2023-05-23,32.6874885559082,33.28675904088555,32.651168292893594,33.03252412716514,3152000
2023-05-24,31.97018051147461,32.59669295619785,31.915703577979436,32.58307025913297,3991400
2023-05-25,32.042823791503906,32.3015996388917,31.81582731261316,32.13362099758365,5230700
2023-05-26,32.41510009765625,32.492278074477206,31.988345579742397,32.12454486187837,4403100
2023-05-30,32.51496887207031,32.95987992141002,32.45141015073607,32.660246444218664,4540300
2023-05-31,32.723812103271484,32.787370838080705,32.33337789590555,32.533135898843824,6945100
2023-06-01,32.7328987121582,32.91449662766998,32.396944819861304,32.69657843631742,5485000
2023-06-02,33.4229621887207,33.554620559717094,32.96896923922611,33.123325179482435,4350000
2023-06-05,33.26860427856445,33.63180003994449,33.186885405438524,33.4956007635041,3970500
2023-06-06,33.46836471557617,33.53646435872428,33.1505675354489,33.4502045798239,3260600
2023-06-07,34.085792541503906,34.167511413507064,33.40480309604137,33.61182446936214,4415600
2023-06-08,33.876956939697266,33.967754148947996,33.50014194029286,33.9314338797711,4027000
2023-06-09,33.70443344116211,33.97682850066793,33.51829814491472,33.904191434522225,4261700
2023-06-12,33.68627166748047,33.731673728262,33.39117905454613,33.68627166748047,3819100
2023-06-13,33.93143081665039,33.96775108254852,33.56823854874272,33.68627421737484,4358200
2023-06-14,34.11302947998047,34.31823586978034,33.804314140011314,34.040392410177226,7845400
2023-06-15,34.25830841064453,34.33094894695357,33.74075671236259,33.97683152798413,4383300
2023-06-16,34.22198486328125,34.55794211598143,34.176586264283976,34.2673869259696,6076400
2023-06-20,33.8543815612793,34.11106137261633,33.625202159156906,34.03772578237724,4026500
2023-06-21,33.70771026611328,33.831465616997214,33.43269565537082,33.671040718814155,4543300
2023-06-22,33.23101043701172,33.762708282563835,33.02475039171986,33.73520437872503,5103500
2023-06-23,32.87348937988281,33.35476395850093,32.85515461064979,33.12100351902913,5414100
2023-06-26,33.606868743896484,33.63436915422118,32.82766014402748,32.86432619212698,2988900
2023-06-27,33.973548889160156,34.05146903068359,33.50602104602065,33.698530865196005,4012700
2023-06-28,34.06522750854492,34.11656347279696,33.74621016012144,33.973557142952075,3963100
2023-06-29,34.37690353393555,34.37690353393555,33.77187017161826,33.92771045574569,3727400
2023-06-30,34.55108642578125,34.75276542464713,34.120231515022674,34.66109505989005,6437000
2023-07-03,34.82610321044922,35.01402850026692,34.34940963815534,34.41357959048336,3628200
2023-07-05,35.000274658203125,35.22853782076094,34.52358113545183,34.72526010580808,6300600
2023-07-06,34.80777359008789,34.85360877753402,34.15690133915055,34.606094568924156,5046400
2023-07-07,34.642765045166016,34.86277534959799,34.49883898579121,34.5785950816233,4617200
2023-07-10,34.761932373046875,34.789436281111264,34.46400192785256,34.55108772855534,4345300
2023-07-11,35.15612030029297,35.183624207613605,34.72526538493964,34.83527052322131,4772800
2023-07-12,35.32113265991211,35.6328168248335,35.30279788585784,35.54114645156274,7247700
2023-07-13,35.55947494506836,35.57780971588432,35.082781394853214,35.31196078455281,4708100
2023-07-14,35.55947494506836,35.58331049682911,35.266125606012885,35.47697022489651,3901500
2023-07-17,35.256954193115234,35.57780741615487,35.23403835382652,35.440298392423635,4556400
2023-07-18,34.9636116027832,35.36696961829958,34.665677658685986,35.348634845139706,6513800
2023-07-19,35.348636627197266,35.586981696290664,35.18362715744008,35.220293208607885,6610700
2023-07-20,35.229454040527344,35.2386196769088,34.725260111553055,35.17444973123933,6665000
2023-07-21,35.38530349731445,35.495312144365656,35.220294023738326,35.34863744529806,4801800
2023-07-24,35.724483489990234,35.74281826034664,35.39446461757464,35.4861349723568,5157000
2023-07-25,35.458641052246094,35.84366080916786,35.449471916890516,35.66948570441761,4383300
2023-07-26,35.58698272705078,35.6603218255118,35.37613806447637,35.385303703283654,5117900
2023-07-27,34.835269927978516,35.93533178299894,34.82610429036178,35.84365792183043,7511200
2023-07-28,34.734432220458984,35.34863488246177,34.697762674100524,35.238626243386385,5870000
2023-07-31,35.00945281982422,35.16988123836717,34.73902273736796,34.83527769029312,4940900
2023-08-01,34.94527053833008,35.08736413048749,34.79859587645775,34.91777013204145,6124600
2023-08-02,34.79859924316406,34.86276919537906,34.57400441041159,34.73442929094907,6503700
2023-08-03,34.32190704345703,34.422746542968035,33.844297238882405,34.38607699823671,6268000
2023-08-04,33.98272705078125,34.53092387907033,33.87730646680298,34.1660713020052,5874700
2023-08-07,34.4135856628418,34.422751301791614,34.06523193373611,34.08356670863648,3606100
2023-08-08,34.23940658569336,34.335665026865804,33.90939113296196,34.147736209434754,4094200
2023-08-09,34.32190704345703,34.477750860065015,34.02855767960699,34.16606672384931,5354500
2023-08-10,34.2119026184082,34.642761035469185,34.10648204636158,34.41358162162829,4901600
2023-08-11,34.27607727050781,34.32191246015556,33.96439308510198,34.065232600527516,3643000
2023-08-14,34.09272384643555,34.23023287539961,33.982718721464224,34.23023287539961,3069500
2023-08-15,33.744380950927734,33.96164260564813,33.66645728604017,33.87272087380049,3931200
2023-08-16,33.331851959228516,33.79479531894004,33.29518241653848,33.781041617681225,4804500
2023-08-17,33.08434295654297,33.616037420553866,33.06600818233561,33.3593575756521,5679300
2023-08-18,33.17601013183594,33.26768399403377,32.80932517404543,32.85516035664421,4503900
2023-08-21,32.89183044433594,33.148510268725296,32.612231279768814,33.121009858112245,3958300
2023-08-22,32.99266815185547,33.10725785251251,32.85515911226696,33.02016856097311,5446600
2023-08-23,33.4785270690918,33.50602747796752,33.13934253729079,33.14850817458266,5105800
2023-08-24,33.32268142700195,33.94146856868487,33.31351579021402,33.53352954012349,5086900
2023-08-25,33.41436004638672,33.588535146202574,33.231015811475054,33.40519091129091,4985900
2023-08-28,33.68021011352539,33.840635012943956,33.524366284804124,33.524366284804124,4212900
2023-08-29,34.06522750854492,34.08814684844328,33.542698731265055,33.68937341441379,3808200
2023-08-30,34.184410095214844,34.29441526008006,34.03315080789946,34.11107098730394,3051300
2023-08-31,33.936885833740234,34.22106954750552,33.90021629060921,34.16606523280898,4084700
2023-09-01,33.918548583984375,34.19814771017991,33.80854345962871,34.147727966308594,3927600
2023-09-05,33.579368591308594,33.91396857616161,33.57845237722411,33.863548825512474,5000000
2023-09-06,33.515193939208984,33.66278481713756,33.23101024782489,33.57019475257377,3974900
2023-09-07,33.790218353271484,33.9231428526754,33.44186461335092,33.48769980352448,3861000
2023-09-08,33.5702018737793,33.8589701931998,33.51520104874726,33.854385625446945,4369000
2023-09-11,33.58853530883789,33.6893748133776,33.41436020817868,33.60687008211788,3336700
2023-09-12,33.58853530883789,33.63437049353764,33.299770497929096,33.52436535085816,3225000
2023-09-13,33.249351501464844,33.606870846050406,33.157677632981034,33.606870846050406,4274000
2023-09-14,33.8543815612793,33.91855151411355,33.50602789089322,33.524362662703034,3686900
2023-09-15,33.72603988647461,33.85437978541091,33.602281057500335,33.72603988647461,4755300
2023-09-18,33.43128204345703,33.73343842580474,33.357358224899194,33.72697026792502,3812000
2023-09-19,33.255714416503906,33.53292165428027,33.163309653990936,33.43127817795664,3937100
2023-09-20,33.320396423339844,33.7038647369167,33.292673231782956,33.4959601870873,3873400
2023-09-21,32.16535949707031,33.13558648929376,32.1468785465189,33.117105538742344,5749900
2023-09-22,31.9435977935791,32.36772564485453,31.888154931201594,32.15612347870384,8497400
2023-09-25,31.888151168823242,31.90663212076857,31.652526962502918,31.78651122044568,5017200
2023-09-26,31.32449722290039,31.75694020812222,31.218232633059234,31.647905061754205,7143100
2023-09-27,31.047285079956055,31.583222074403267,30.916998431428276,31.453858944676263,9007100
2023-09-28,31.370698928833008,31.463100164606175,31.12121136238802,31.204373884536352,7431500
2023-09-29,31.48158073425293,31.91587429184902,31.31525569197703,31.85119272261741,7305700
2023-10-02,30.9086856842041,31.518543004682407,30.719258568621612,31.361456674091905,8673300
2023-10-03,30.345029830932617,30.890205596686183,30.252628592621015,30.74236150045884,9197900
2023-10-04,30.668434143066406,30.70539604406888,30.141739390864245,30.548313252129695,9241000
2023-10-05,30.890209197998047,30.92254998766566,30.51135843694237,30.686922220154905,7857600
2023-10-06,31.010332107543945,31.205300354911422,30.326550913552147,30.640720079729753,10218500
2023-10-09,31.41689682006836,31.500059334999072,30.807039552203445,30.834759215553383,6258000
2023-10-10,31.52777862548828,31.79574711763823,31.23209047031622,31.389176785496854,4979700
2023-10-11,32.16535949707031,32.174598209905575,31.731065971314308,31.786508822968553,5178300
2023-10-12,31.740306854248047,32.10991884078508,31.578602931968522,32.063718223688234,5970000
2023-10-13,31.731069564819336,32.017519043484974,31.583225468545752,31.906633327618813,5688400
2023-10-16,32.05447769165039,32.15612116960277,31.592464446325977,31.925114546940566,7719300
2023-10-17,31.888151168823242,32.31320601380347,31.671007914448246,31.804988647509845,7239500
2023-10-18,31.18589210510254,31.79112829058776,31.176653391722787,31.67562498649479,8313200
2023-10-19,30.4189453125,31.167407914190925,30.395846769010735,30.93640133001381,10377000
2023-10-20,30.261869430541992,30.71002287005931,30.252630716014895,30.557557643750656,8556300
2023-10-23,30.003141403198242,30.409711791804984,29.910736638823067,30.003141403198242,6709100
2023-10-24,30.381990432739258,30.455910715240897,30.09554096645268,30.104783204816105,5749200
2023-10-25,29.744407653808594,30.169462463953607,29.661245139310754,30.067818999025036,8454400
2023-10-26,30.37274932861328,30.58065740098061,29.846054518426097,29.873777709670506,10663200
2023-10-27,29.892257690429688,30.455914453830623,29.78599661037438,30.455914453830623,10350600
2023-10-30,29.98465919494629,30.234146760991877,29.55960610881967,30.067821716961483,7071900
2023-10-31,30.58527374267578,30.622235646233513,29.96617772004891,30.252627185299616,8490800
2023-11-01,30.74235725402832,30.779319154199946,30.40508608350365,30.62223284091094,8343100
2023-11-02,31.694107055664062,31.832712435415274,31.17665449100617,31.241336061588406,8882200
2023-11-03,32.44257354736328,32.918446668555724,32.19308594962632,32.27624848220531,8575200
2023-11-06,31.999038696289062,32.405609087513746,31.837334763692958,32.38712813451971,7431300
2023-11-07,31.731069564819336,32.017519043484974,31.694107659530616,31.952837471670364,6579300
2023-11-08,31.915876388549805,31.98979667615017,31.749551335347245,31.87891448230893,7298000
2023-11-09,31.42613983154297,32.02675846874101,31.370700497259772,32.008277515686146,7336200
2023-11-10,31.77726936340332,31.82346998138053,31.366077871108093,31.647906223114646,5969000
2023-11-13,31.509296417236328,31.629420827004527,31.32079637142589,31.527777366806873,4313800
2023-11-14,33.209503173828125,33.47285052215382,32.44256319576122,32.5996459711328,10526900
2023-11-15,33.28343200683594,33.57080498427292,33.144826634152324,33.144826634152324,7168900
2023-11-16,33.274192810058594,33.454381220969346,33.18179156974453,33.37583628933288,5026800
2023-11-17,33.23723602294922,33.56988614384423,33.09863063094912,33.56064390444074,4417300
2023-11-20,33.49595642089844,33.49595642089844,32.913818811996165,33.18178730933477,4228100
2023-11-21,33.32963180541992,33.45437734275222,33.23723057581752,33.36659370721327,3300600
2023-11-22,33.43128204345703,33.70386819340528,33.3019188858625,33.597607110330486,4951400
2023-11-24,33.560646057128906,33.56988829712523,33.209514959785764,33.3758400309019,2620300
2023-11-27,33.68076705932617,33.87943290035395,33.44051819233,33.579123579049444,4648900
2023-11-28,33.86557388305664,33.911774504783075,33.431280284088864,33.56988567414966,6450900
2023-11-29,34.124298095703125,34.392266620146785,34.07809747680487,34.11505585699471,7941600
2023-11-30,34.40150833129883,34.43384911983351,33.98569567522318,34.09658140009774,5804100
2023-12-01,35.122249603271484,35.149972798260706,34.29062777611168,34.39227126634806,7274200
2023-12-04,35.31629180908203,35.33477276094329,34.89123696603538,34.9281988697579,10359500
2023-12-05,35.16844940185547,35.205407782465265,34.95592373260354,35.17768811578759,7758300
2023-12-06,35.04832458496094,35.52789525750802,35.02984363241918,35.3809746809501,4832200
2023-12-07,35.09452438354492,35.25161071403739,34.928199339438166,35.085285669930634,5663100
2023-12-08,35.02060317993164,35.14072407816757,34.66022991058054,35.029841893303214,4873800
2023-12-11,35.140724182128906,35.20078815630567,34.849657124168445,34.93744076342303,4871000
2023-12-12,35.13148880004883,35.22943468084174,34.92820183718529,35.149969753480185,5580500
2023-12-13,36.40665054321289,36.5175327515757,35.048330272461556,35.16845472103567,7112400
2023-12-14,37.41383361816406,37.6540789513229,37.05346033110389,37.12738414123355,8647400
2023-12-15,36.9610595703125,37.330671575968154,36.64226930355653,37.22902809816878,8011100
2023-12-18,36.85926818847656,37.162768297552105,36.803235590518334,37.10206898821202,6638700
2023-12-19,37.11140823364258,37.214129316065964,36.9806655096606,36.990006056846795,4681400
2023-12-20,36.64448165893555,37.363547068144555,36.6211338526836,37.1114092849739,6513500
2023-12-21,36.95265579223633,37.0553804503765,36.57911222852218,36.93397825781308,6684700
2023-12-22,37.10206604003906,37.36354435164989,36.924634837499546,37.06471097770185,4929100
2023-12-26,37.372886657714844,37.475611302790426,37.0693829960938,37.14875983551585,2537600
2023-12-27,37.587677001953125,37.59701398780037,37.274836321627454,37.447597277616815,4006300
2023-12-28,37.821144104003906,37.821144104003906,37.50363312211724,37.58768025151005,3764800
2023-12-29,37.41024398803711,37.737091912736396,37.372888921678566,37.568997676498135,5777300
2024-01-02,37.75577163696289,37.77444917122606,37.148764241723775,37.32619903603619,6591500
2024-01-03,36.85926818847656,37.47561251651667,36.78922833162255,37.47561251651667,7424500
2024-01-04,36.76588439941406,37.0367033078537,36.639815493692424,36.78456193403495,7180300
2024-01-05,36.6911735534668,37.008684480321406,36.34377786222144,36.5604343887105,5770300
2024-01-08,37.19545364379883,37.232805143708916,36.59778333436483,36.663152912175995,4812700
2024-01-09,36.9339714050293,37.111406167940956,36.69117062732752,36.90595688977999,4134500
2024-01-10,36.99000549316406,37.16743670087332,36.85926633354936,36.99000549316406,4498600
2024-01-11,36.64448165893555,36.905959989557005,36.48572441364746,36.80323534184855,5151900
2024-01-12,36.92464065551758,37.11141243425744,36.7191913426662,37.02736531194327,4393500
2024-01-16,36.70051574707031,36.93397959223282,36.58658741406033,36.7472078036277,11100100
2024-01-17,36.028141021728516,36.68183691517321,35.65459745772403,36.252264310230856,9752000
2024-01-18,35.794677734375,36.18689527646353,35.5686841952964,36.04681554721734,6142100
2024-01-19,36.140201568603516,36.280277729070285,35.60790432160405,35.916074724531214,7967800
2024-01-22,36.30830001831055,36.70051758791636,36.17289055383928,36.26160795941115,5850600
2024-01-23,36.1121826171875,36.560436294540125,35.98144344561601,36.457711641912454,4549800
2024-01-24,35.61724090576172,36.495067175907316,35.589226386459295,36.47638964224728,7349500
2024-01-25,36.10284423828125,36.252260937506996,35.925413021192895,36.12152177098135,6601700
2024-01-26,35.944091796875,36.23358465779983,35.869381663491026,36.149537538930474,4398000
2024-01-29,36.20556640625,36.24292146909076,35.850700434012516,35.93474754421679,5724200
2024-01-30,35.86937713623047,36.177551053980295,35.79467057465083,36.00011629077593,6931500
2024-01-31,35.60791015625,36.30830176047472,35.51919274642124,36.07483789239981,11580700
2024-02-01,36.23358154296875,36.2475888011803,35.388443715372624,35.53319013339187,10887000
2024-02-02,35.775997161865234,36.00946098253484,35.159652817792484,35.822689213524114,12844000
2024-02-05,35.06626510620117,35.365098511277104,34.95420346989149,35.327747007424,8668200
2024-02-06,35.59856033325195,35.649922655838736,35.000893556651185,35.14097326595605,7866800
2024-02-07,35.57988739013672,35.775999720932305,35.36510108724198,35.72743741882325,6679000
2024-02-08,35.775997161865234,35.85724069052415,35.43980869012097,35.45848622325956,4517700
2024-02-09,35.86937713623047,35.897391651525986,35.43513433727603,35.76665249698053,5515700
2024-02-12,35.75732421875,36.10751999470762,35.68541766624242,35.95343299831611,5376400
2024-02-13,35.10362243652344,35.11295942249512,34.62268750553451,35.03825284759535,21419000
2024-02-14,35.33708190917969,35.54253119894599,35.03824852172415,35.225020279477604,14186400
2024-02-15,36.186893463134766,36.229852147086056,35.64525567039156,35.64525567039156,8637600
2024-02-16,35.813350677490234,36.00665941583932,35.551872323612464,35.701289034739105,7683100
2024-02-20,35.75732421875,35.944096011735866,35.45849077492288,35.6826140766054,6929300
2024-02-21,36.018802642822266,36.06362801569776,35.7479837207257,35.906740991821344,5653100
2024-02-22,36.1121826171875,36.30829493691999,36.01412823850888,36.13086015060846,6144400
2024-02-23,36.15888214111328,36.34752061797115,36.046816928471976,36.1775596765535,5263400
2024-02-26,35.74798583984375,36.25693891756638,35.69195679220975,36.0841743751512,6427800
2024-02-27,35.775997161865234,36.1028450858526,35.66393196303368,35.96276536850076,9466100
2024-02-28,36.23358154296875,36.38299823451682,35.55186766513225,35.60790026035337,7497600
2024-02-29,36.52307891845703,36.71918766341493,36.373662222911726,36.46704632173691,12860800
2024-03-01,36.92464065551758,36.96199572374063,36.05615491239631,36.42969490750065,9655500
2024-03-04,37.344871520996094,37.371952695184724,36.58844751630115,36.84058885119946,8697600
2024-03-05,36.86860275268555,37.44292526632616,36.71451579019967,37.19545420908361,6913800
2024-03-06,37.07405471801758,37.20479388508481,36.87794596741673,37.11140978357253,5483600
2024-03-07,37.07405471801758,37.358880858717676,36.86860541984043,37.27950045381961,5077000
2024-03-08,37.512962341308594,37.601679726846584,37.28883908425201,37.34487167970363,7551200
2024-03-11,37.326194763183594,37.66238321668525,37.14875998918272,37.38222379718387,4594600
2024-03-12,37.232810974121094,37.37289069843763,36.905963033883005,37.232810974121094,5669000
2024-03-13,36.99934768676758,37.368220974683524,36.87794905710569,37.16744193347296,6245300
2024-03-14,36.47639083862305,36.924640974040216,36.13086179814229,36.82191631672839,10442800
2024-03-15,36.45771026611328,36.53988713521412,36.12152180197313,36.12152180197313,9639600
2024-03-18,36.45206832885742,36.67771750155829,36.39565424236774,36.51788296978092,4971000
2024-03-19,36.45206832885742,36.58369761070442,36.207610874031054,36.470873024353985,5255100
2024-03-20,36.60249710083008,36.688995818509824,36.01956596985311,36.14179109325529,8678200
2024-03-21,36.743534088134766,36.95037855610135,36.52258340920405,36.76233519616273,6263500
2024-03-22,36.311031341552734,36.828147863745265,36.27342554088004,36.74353212226026,4402500
2024-03-25,36.170005798339844,36.47087375908818,36.14179696121225,36.3580455838358,5661600
2024-03-26,36.01956558227539,36.25931734326572,35.991356750031294,36.19820478222221,6160300
2024-03-27,36.93157958984375,36.93157958984375,36.31103891643538,36.414462959774994,6711000
2024-03-28,37.1666259765625,37.25124530649831,37.01619201074646,37.01619201074646,5695400
2024-04-01,36.517887115478516,37.25125238995513,36.470877164714764,37.24185183445412,8064400
2024-04-02,36.113590240478516,36.29222946407862,35.991361515579044,36.29222946407862,7393500
2024-04-03,36.13239288330078,36.207608072839086,35.8926375175544,36.07597880117556,5392200
2024-04-04,35.850337982177734,36.630713239912325,35.74691393421339,36.48968338174871,6667800
2024-04-05,36.085384368896484,36.170943398862136,35.681092397578595,35.756307590092106,6055700
2024-04-08,36.39564895629883,36.42385778876111,36.11358573807486,36.1888045091364,5588500
2024-04-09,36.856361389160156,36.865761943867824,36.45677146144694,36.574298121752534,7565200
2024-04-10,35.34261703491211,35.89734300880966,35.112265787548,35.89734300880966,14873300
2024-04-11,35.38022994995117,35.63878647350016,35.07465988882113,35.5776738959259,9441800
2024-04-12,35.01354217529297,35.257996036361725,34.87250875649599,35.24859548220205,9246200
2024-04-15,34.402400970458984,35.28620008313639,34.17204974179309,35.22978958684278,7757100
2024-04-16,33.875885009765625,34.32718697613931,33.7677624857187,34.280177027135025,11776100
2024-04-17,33.59382247924805,33.94170041360277,33.58912040825386,33.78186586609332,11722700
2024-04-18,33.60322570800781,33.799729947998834,33.44338757821297,33.74425555433706,10327600
2024-04-19,33.7348518371582,33.894686365342054,33.603222558270595,33.753656532231986,10629100
2024-04-22,34.007511138916016,34.09213047390577,33.65023269040716,33.875881859293926,7762900
2024-04-23,34.31778335571289,34.42684915349923,34.00751126406568,34.09213059936684,10804900
2024-04-24,34.44940948486328,34.51522411889672,33.988707046629244,34.15794570175195,10758500
2024-04-25,34.25197219848633,34.32718740049716,33.866484873279035,34.139147602155454,8374300
2024-04-26,34.280174255371094,34.62805574045867,34.21435961476078,34.27077370098201,6950900
2024-04-29,34.6656608581543,34.75028019249596,34.44189108451057,34.45881638603044,6987400
2024-04-30,34.02631378173828,34.57163914914199,34.00750908769381,34.37419524161802,9796800
2024-05-01,34.04512023925781,34.654380880645576,33.918193031168855,34.016914990044455,15601300
2024-05-02,34.53403854370117,34.58104849745353,33.97931248151241,34.393008682444105,13264300
2024-05-03,34.806697845458984,35.33321860051464,34.722078502443416,35.0981652684302,11887700
2024-05-06,34.816097259521484,35.098164118081385,34.64685857903718,35.041750029043584,9739000
2024-05-07,35.182777404785156,35.26739673909406,34.95242616729992,35.079356962077696,13276100
2024-05-08,34.853702545166016,34.999434441388054,34.77378528508481,34.98533181744769,8182100
2024-05-09,35.68109893798828,35.70930419202232,35.25800219433042,35.26740275013196,8914600
2024-05-10,35.549461364746094,35.746905270298726,35.43663320160578,35.728100576442,6882900
2024-05-13,35.643489837646484,35.85503641791819,35.446045884508955,35.6999039328127,6846500
2024-05-14,35.897342681884766,36.07222312358095,35.72340193697737,35.878537986222156,9703800
2024-05-15,36.508480072021484,36.62130465113019,36.358042517704945,36.48779239766287,10083500
2024-05-16,36.442665100097656,36.67583902613756,36.405059294792046,36.53668857993424,7195600
2024-05-17,36.442665100097656,36.53668857993424,36.31103581495546,36.499079187999605,6153000
2024-05-20,36.217018127441406,36.47087615851714,36.17470666228083,36.38625681482523,4067100
2024-05-21,36.18880844116211,36.26872570412695,36.0477750234122,36.132394356736384,3621500
2024-05-22,35.878536224365234,36.24992087554929,35.765711642558934,36.132394223401,7027100
2024-05-23,35.116966247558594,35.88794088698468,35.09346306641549,35.88794088698468,5597300
2024-05-24,35.116966247558594,35.36142372052542,35.06995629864319,35.33321846850202,4686100
2024-05-28,34.910125732421875,35.43194447408243,34.86311577815048,35.34262305032606,4696100
2024-05-29,34.58104705810547,34.64686170794531,34.430613060381624,34.599851756149626,6076400
2024-05-30,35.07936096191406,35.08876151718522,34.76438676757694,34.82550293004183,5867800
2024-05-31,35.77511215209961,35.78451629277189,35.12166425389849,35.29560499004789,7949600
2024-06-03,35.63408279418945,35.906741904611856,35.445099734412985,35.840927265548295,5826300
2024-06-04,35.97256088256836,36.113594318503466,35.530663050788284,35.56827244525488,5647500
2024-06-05,35.9255485534668,36.00076733741828,35.718704070858266,36.00076733741828,4541200
2024-06-06,35.98196029663086,36.01486761580794,35.61527771533516,35.7939169356352,3888600
2024-06-07,35.69990158081055,35.79392147993048,35.38962945778212,35.50245405405189,5140400
2024-06-10,35.878536224365234,36.010165500910716,35.399029061716874,35.587068835851106,4148800
2024-06-11,35.765716552734375,35.95375993931335,35.63878574247612,35.75631241075932,3492400
2024-06-12,36.01956558227539,36.69181810026751,35.991356750031294,36.54608262912009,7600800
2024-06-13,36.198211669921875,36.320440401894636,35.92554895499383,36.1512017227413,3704300
2024-06-14,36.22642135620117,36.33454747592083,35.92555335345452,36.06658679889242,4975400
2024-06-17,36.03837966918945,36.22641947114928,35.812726885556614,36.02897552711387,4880900
2024-06-18,36.17940902709961,36.320442463274816,36.066584430137006,36.132399077250966,4893400
2024-06-20,36.085384368896484,36.18880839690275,35.95375509202625,36.06657967411091,4503300
2024-06-21,36.17940902709961,36.22641897694825,35.88794159943117,36.132399077250966,5287100
2024-06-24,36.42349624633789,36.81289985774328,36.11007559475157,36.20505067145847,5891800
2024-06-25,35.910621643066406,36.39500027564998,35.75865936391602,36.39500027564998,4429900
2024-06-26,35.863128662109375,35.9771030829722,35.64468312338847,35.73016212750242,3639300
2024-06-27,36.18605422973633,36.24304144849546,35.84414178638214,35.96760865909329,3571700
2024-06-28,36.4804801940918,36.63244247703277,36.18605168580202,36.395001183495836,5569800
2024-07-01,36.12907028198242,36.50897420080737,35.91062471346804,36.39500338746657,5700100
2024-07-02,36.281028747558594,36.36175791419936,36.07113001583945,36.129066471442734,3985500
2024-07-03,36.243038177490234,36.5089712615648,36.21454638221554,36.3665086621248,2359100
2024-07-05,36.376007080078125,36.41399855828745,36.11007397874634,36.34751528295451,3785800
2024-07-08,36.46148681640625,36.524173118999435,36.29527862478318,36.385507481550064,4443200
2024-07-09,36.47098159790039,36.58970223640519,36.10057016238968,36.40449833018301,3679200
2024-07-10,36.7274169921875,36.7416665129611,36.34751310208888,36.64194160594522,3935600
2024-07-11,37.70568084716797,37.88613493891642,37.249793965592765,37.28778182175721,8693400
2024-07-12,37.981109619140625,38.22804696188804,37.847190212477,37.9526142011981,5322200
2024-07-15,38.14257049560547,38.20525679618927,37.83864591978923,38.038095743343625,4828400
2024-07-16,38.503482818603516,38.54147429687074,38.11407922403143,38.38950838380185,5753700
2024-07-17,38.84539794921875,39.07333956724512,38.522477637792484,38.57946123076573,7445800
2024-07-18,38.52247619628906,39.27753775946386,38.43224734670218,38.588959467647854,6016200
2024-07-19,38.47498321533203,38.679182859984095,38.304028827849415,38.58895763774229,5259100
2024-07-22,38.85489273071289,38.8928842068249,38.32302293434449,38.53197242989397,5233000
2024-07-23,38.78841018676758,39.059093118777476,38.625998978334984,38.835897721265226,4351500
2024-07-24,38.25653839111328,39.049595030558955,38.21855053933049,38.77891211262434,5606900
2024-07-25,38.04759216308594,38.873886806319305,37.96496088722939,38.46548751324693,8353400
2024-07-26,38.68393325805664,38.81689979638701,38.16156316187313,38.209050693695914,5702800
2024-07-29,38.93087387084961,39.06384040798597,38.38950441911866,38.68393291068231,5418100
2024-07-30,39.21580123901367,39.30128024160774,38.940368494758744,39.09233076347417,4674000
2024-07-31,39.12082290649414,39.54821792328655,38.98310653313512,39.15881437977931,8786900
2024-08-01,39.728675842285156,39.8046551662337,39.31077687983603,39.529222417904286,9813900
2024-08-02,39.75717544555664,40.17507086702845,39.40576330424928,39.747675763780556,8818200
2024-08-05,38.60795974731445,39.77236999957525,38.54622268588551,39.196813201362815,14134700
2024-08-06,39.46274185180664,39.85214542424456,38.49398094945867,38.636447173329415,11389400
2024-08-07,39.17781448364258,40.11808362539935,39.13507678873244,39.567218070557324,9907700
2024-08-08,39.51022720336914,39.556765490957645,38.997356796505315,39.09233185846289,10383100
2024-08-09,39.70968246459961,39.81415358835197,39.244295944151716,39.68118704624302,5454900
2024-08-12,39.47224426269531,39.5767153946181,39.184464064719705,39.53872753894928,4924500
2024-08-13,39.7476692199707,39.804656432044084,39.500731880452285,39.7476692199707,3707000
2024-08-14,39.89013671875,40.08009047535736,39.671691166724834,39.81415376688044,3300600
2024-08-15,39.77616500854492,39.97561481806241,39.60615623721343,39.918627605457495,6282100
2024-08-16,39.75717544555664,39.89014200588553,39.557725605063304,39.73817970507151,4212300
2024-08-19,39.99461364746094,40.03260512546789,39.7334267649966,39.757172344517635,3971100
2024-08-20,40.03260040283203,40.13232530353569,39.83789681831561,39.97561319254437,4828200
2024-08-21,40.16557312011719,40.22255671611047,39.83315311019989,40.06109836337366,4214800
2024-08-22,40.412506103515625,40.412506103515625,40.099085490370776,40.222552350332975,4953100
2024-08-23,41.191314697265625,41.26729765047037,40.502736393414104,40.564469825592994,6135200
2024-08-26,41.16282653808594,41.476247190079675,41.09729250323023,41.39077179477252,4047800
2024-08-27,41.26729965209961,41.31003734805026,40.849400635337,40.91588753414934,3717600
2024-08-28,41.12483596801758,41.390772710546955,40.88739464762133,41.26730220948214,5035000
2024-08-29,40.96337127685547,41.124829610693546,40.773417525289254,41.05834634110534,5339900
2024-08-30,41.362274169921875,41.38126990888944,40.83990402904741,41.16282434536255,5611600
2024-09-03,41.457252502441406,41.656702325257626,41.07734497254379,41.09634071134535,7580900
2024-09-04,41.55222702026367,41.97962207994257,41.33853130195755,41.55222702026367,5855600
2024-09-05,41.43825149536133,41.88463861971259,41.32902691690542,41.86564650639232,5539200
2024-09-06,41.43825149536133,41.49998492131782,41.06119536690792,41.466743288407976,6671700
2024-09-09,41.93213653564453,42.03470918099664,41.38127096078259,41.438258179133875,5070000
2024-09-10,42.672950744628906,42.7014425412601,42.03660617635411,42.11258913145958,7884500
2024-09-11,42.55897903442383,42.61596262648035,41.79916399171486,42.293042320249036,5792200
2024-09-12,42.63496017456055,42.701443450159566,42.1505815061867,42.62546411650359,4263300
2024-09-13,42.93888473510742,42.9863722715034,42.715689328672845,42.85340572036794,3707500
2024-09-16,43.08134841918945,43.29029791465298,42.95312809313081,43.138332010267455,4130200
2024-09-17,42.73943328857422,43.22381193836207,42.601716902098595,43.10034507302529,5919400
2024-09-18,42.61595916748047,43.22380825385718,42.558975580049115,42.79641685585667,6234400
2024-09-19,42.51148986816406,42.9673803643697,42.255056445765256,42.9673803643697,4552400
2024-09-20,42.43551254272461,42.47825024079166,42.16957942657322,42.26455450432244,4839800
2024-09-23,42.905113220214844,42.93380472722975,42.61818720467906,42.74251950071849,4013700
2024-09-24,42.905113220214844,43.05814067173141,42.532109035172105,42.70426537418602,4103800
2024-09-25,42.723388671875,43.10595910751357,42.608619000568254,42.991189436206824,3457000
2024-09-26,42.30257034301758,42.771219013288174,42.14954287591215,42.742523854887864,4552700
2024-09-27,42.359954833984375,42.69948439515772,42.293005548595964,42.599060467075105,3613700
2024-09-30,42.723388671875,42.752083826048235,42.130407780251076,42.206923326763615,4929900
2024-10-01,42.46516036987305,42.924242731089876,42.2738751405838,42.84772717998926,6453100
2024-10-02,42.3121337890625,42.34560843124405,42.01564149512421,42.034770383294,4022000
2024-10-03,41.9008674621582,42.2882173740895,41.77653152620098,42.178227190653885,3504500
2024-10-04,41.62350845336914,41.69045773780393,41.22180909829802,41.661766229749695,5386100
2024-10-07,41.31745147705078,41.4035296453796,41.107037365922075,41.35570925152185,3793500
2024-10-08,41.44178771972656,41.59481517025598,41.25528197994607,41.489608113930345,4039700
2024-10-09,41.46091079711914,41.4953449816744,41.20267995218888,41.35570739474038,3338800
2024-10-10,41.116607666015625,41.57569005930345,40.97314282191081,41.23137735222195,3659600
2024-10-11,41.53742599487305,41.54698861375032,41.217025359785445,41.33657816229234,2312100
2024-10-14,41.82435607910156,41.88174274336015,41.327015934247505,41.43222299449041,3542900
2024-10-15,42.35038757324219,42.694700260579495,41.97738337811421,42.00607488590488,5176300
2024-10-16,42.771217346191406,42.83338349812091,42.32169758288777,42.446033535209246,3662700
2024-10-17,42.49385070800781,42.685135932033496,42.33125699062422,42.64687815753592,2934000
2024-10-18,42.79034423828125,42.80564588914262,42.41255691311624,42.57993012085712,3950800
2024-10-21,41.91043472290039,42.73295867755142,41.853048057996,42.54167344299916,5938700
2024-10-22,41.97738265991211,42.1399763810228,41.71914814882733,41.8243552068762,4497400
2024-10-23,42.38864517211914,42.46037758975835,41.83392201586472,41.87217614327162,4849500
2024-10-24,42.48428726196289,42.7425217842802,42.407775356348,42.42690424486733,3188600
2024-10-25,42.149539947509766,43.01988429029017,42.13041105939277,42.83816532587223,4820700
2024-10-28,42.2834358215332,42.70426403636692,42.202140788562915,42.52254143506614,3129100
2024-10-29,41.9008674621582,42.37429553768112,41.833918184749386,42.14953568561067,4557100
2024-10-30,42.05389404296875,42.359948918709435,41.88173771930688,41.93912072821956,5513800
2024-10-31,41.31745147705078,41.97738166859693,41.30788520920192,41.604377488659445,5866200
2024-11-01,40.87750244140625,41.64741925732996,40.84880728321532,41.59481937231552,6141400
2024-11-04,41.33658218383789,41.403531467878146,41.00661524930926,41.04965251113699,6509900
2024-11-05,41.9008674621582,41.91043008101862,41.0066111875376,41.23137103960805,4747500
2024-11-06,40.7818603515625,41.75741187178946,40.351469438453144,41.5278688353102,12721600
2024-11-07,41.28875732421875,41.403530650418,40.858370120589534,40.93488202292676,10597900
2024-11-08,41.99650955200195,42.116062358019775,41.43222016165935,41.48004055437406,7348100
2024-11-11,41.6330680847168,42.13997446421638,41.594813959544574,41.93912297686721,7899300
2024-11-12,41.10704040527344,41.680896119382396,41.09269465090164,41.527865010183376,4972000
2024-11-13,41.43222427368164,41.74784546415494,41.360491853259305,41.56612284595669,5095000
2024-11-14,41.0592155456543,41.36527043386605,41.00661201969958,41.36527043386605,4860400
2024-11-15,41.10704040527344,41.18259641424737,40.74838195212876,40.86793476984365,5875700
2024-11-18,41.470481872558594,41.4800444926246,40.82011425419665,40.925321317234975,3810800
2024-11-19,41.64263916015625,41.76697146612929,41.169207365811694,41.34614685295221,3693100
2024-11-20,41.57568359375,41.6330666036981,41.25049982635023,41.40352726698177,3198700
2024-11-21,41.853050231933594,41.991731942975846,41.43222561283,41.61394458843921,3070100
2024-11-22,42.16866683959961,42.2451787399836,41.97738161594636,42.015639390369444,3333900
2024-11-25,42.73295974731445,42.92424498665528,42.38864704619346,42.42690482375412,4625700
2024-11-26,42.94336700439453,43.01987889881129,42.52732194903112,42.68513251987192,3183800
2024-11-27,43.23986053466797,43.50000684284113,43.13465347546315,43.144219743643035,3531500
2024-11-29,43.03901290893555,43.45027487972014,43.01510088682343,43.268555916439965,3737500
2024-12-02,42.38864517211914,42.8764226932959,42.23561771710458,42.79990714155746,4837300
2024-12-03,42.139976501464844,42.512980691277086,42.11128134562078,42.42690252066947,4164900
2024-12-04,42.025203704833984,42.16866854047613,41.78609807773862,42.13997703273263,3315800
2024-12-05,41.91999816894531,41.94868967523461,41.65219739921736,41.776533340574545,2971300
2024-12-06,41.86260986328125,42.15910212765045,41.66654151544146,42.034766191177944,3624700
2024-12-09,41.948692321777344,42.077807756687214,41.78131911042664,41.93912605343595,5211000
2024-12-10,41.26962661743164,41.88173634888401,41.14050755467922,41.88173634888401,4090500
2024-12-11,41.1644287109375,41.49917515448827,41.04965537446644,41.384405466479805,4988900
2024-12-12,41.1357307434082,41.5852504927321,41.05921883944846,41.11660550376503,3418100
2024-12-13,40.96357727050781,41.193116626496156,40.87749909989661,41.097475836244726,3833300
2024-12-16,40.7531623840332,41.26006513002326,40.734033496651776,40.98270173568589,3642900
2024-12-17,40.57144546508789,40.93967021398597,40.42798426231139,40.55232022348787,5319100
2024-12-18,38.98377990722656,40.63839406038351,38.93595951141295,40.437542560426635,9802600
2024-12-19,38.31428527832031,39.299399250198846,38.2664612362794,39.02203585959505,8386500
2024-12-20,39.01247024536133,39.42373216579881,38.400360498234434,38.49600127804981,9792600
2024-12-23,39.190345764160156,39.248345887820584,38.74566094017003,38.871330333233374,6917200
2024-12-24,39.45136260986328,39.48036267553515,39.016343186289866,39.045343251961725,2812100
2024-12-26,39.50935745239258,39.577026721701294,39.15167650208959,39.34501885198531,4044800
2024-12-27,39.190345764160156,39.6253651301064,39.055007225354345,39.2773496373494,4588800
2024-12-30,39.00667190551758,39.103344931967385,38.59582168427783,39.08401032667742,4493500
2024-12-31,39.31601333618164,39.39335174774485,38.93899779905706,39.31601333618164,7590600
2025-01-02,38.94866943359375,39.4126888695336,38.832661808834786,39.364354203066696,9786400
2025-01-03,39.4803581237793,39.53836193613476,38.91000020922923,39.03567329215007,5128600
2025-01-06,38.939002990722656,39.62536857791352,38.88100286201563,39.49969548621675,5980200
2025-01-07,38.648990631103516,39.2821832767834,38.55715217860379,39.074340881130624,8867700
2025-01-08,38.813331604003906,38.832662520786144,38.29614291915882,38.67798937263711,6312800
2025-01-10,37.8756217956543,38.30097201122423,37.84178716132144,38.20430268104425,8343100
2025-01-13,38.358978271484375,38.36767755295447,37.74995112690313,37.827289546144655,5769300
2025-01-14,38.687660217285156,38.77466409742001,38.3879793662209,38.484652392870125,5022100
2025-01-15,38.85199737548828,39.78003995805816,38.803662707823925,39.69303608118282,6511000
2025-01-16,39.7220344543457,39.7558690890412,38.8181610879109,38.9486687415211,5600900
2025-01-17,39.71237564086914,39.93471809002678,39.69304103385119,39.838045054937005,4913400
2025-01-21,40.43740463256836,40.4760701568236,39.86704666318952,39.88637758146763,6105700
2025-01-22,39.7317008972168,40.36006262879245,39.69303537639112,40.36006262879245,5837100
2025-01-23,40.050716400146484,40.06038185844371,39.43685469885954,39.818704836327306,3916200
2025-01-24,40.16672134399414,40.447067581716816,39.886375106271466,39.91537885728682,4038800
2025-01-27,40.56307601928711,40.60657980678334,40.03138723591694,40.11839112321018,11135800
2025-01-28,40.07004928588867,40.50506864458054,39.934710749339764,40.50506864458054,4366300
2025-01-29,39.60602951049805,40.19572200391192,39.422352623088045,40.11838359075013,3945600
2025-01-30,40.1280517578125,40.427732597499784,39.774239188035146,40.21505563464437,4481500
2025-01-31,40.041046142578125,40.437399988036674,39.915376749709345,40.0023806227639,4730300
2025-02-03,39.9733772277832,40.12805037150762,39.325684590843046,39.712369294003395,7439600
2025-02-04,39.9733772277832,40.07681717441243,39.55769246258035,39.70270014819014,4559300
2025-02-05,40.601741790771484,40.70324570272455,40.03138384191698,40.437403177428116,4356900
2025-02-06,40.717742919921875,40.843416001713535,40.42773123614766,40.83375054359047,3680600
2025-02-07,40.57273864746094,40.85791575639544,40.38906175507732,40.82408112164561,5337100
2025-02-10,40.630741119384766,40.69357950733652,40.25856011562707,40.65974487063128,3907600
2025-02-11,40.853084564208984,40.86275371076543,40.37456506523453,40.43740345475468,3276300
2025-02-12,40.50507354736328,40.650077559346336,40.050719530211936,40.050719530211936,6834300
2025-02-13,40.82408142089844,40.93041989880558,40.282723573234186,40.418065800924225,7069100
2025-02-14,40.65974807739258,41.07543289695494,40.650078930314876,40.94009065176094,4528100
2025-02-18,40.80474853515625,40.97392171726908,40.52440229754139,40.55340604854559,5622200
2025-02-19,40.88208770751953,40.97585851414684,40.567906827693086,40.63074152857883,4405400
2025-02-20,41.16243362426758,41.230102897823585,40.6549103848987,40.88208738370765,3947300
2025-02-21,40.82408142089844,41.23010072857129,40.62107361091133,41.17209691670413,5072100
2025-02-24,41.00776290893555,41.22527448159247,40.66941649062395,40.89175894947148,4435200
2025-02-25,41.44277572631836,41.64578723247687,41.13342942551342,41.14309857174414,5698200
2025-02-26,41.239768981933594,41.6119499921364,41.118930464793884,41.52011522674546,5472200
2025-02-27,41.423439025878906,41.645785125551235,41.17209655207775,41.249431279517104,4040600
2025-02-28,41.71345520019531,41.80528996032119,41.25910122173534,41.62645132533486,5771500
2025-03-03,42.07114028930664,42.28961433111594,41.73279021486796,41.85846331038513,9874300
2025-03-04,41.58778762817383,42.400788849095974,41.491114594574206,42.10981094651431,9765700
2025-03-05,41.97446823120117,42.08564129667568,41.12376767121001,41.133433130612566,5564100
2025-03-06,40.82408142089844,41.71345476436838,40.76124672381633,41.626450890416955,7954300
2025-03-07,41.056095123291016,41.217535202662894,40.54373731097226,40.90142197127186,7083600
2025-03-10,40.65974807739258,41.46211396298332,40.46640570052883,41.01742907758608,9447900
2025-03-11,40.23439025878906,40.906252096101,40.007213264301086,40.766078978487165,7103500
2025-03-12,40.089385986328125,40.422897772354936,39.963712901088265,40.30205926015858,6013500
2025-03-13,39.30635070800781,40.32139346280186,39.25124911403674,40.099051045100204,6167200
2025-03-14,40.07004928588867,40.1038839200259,39.441687580256136,39.678530019216716,4548100
2025-03-17,40.77574920654297,40.91592232787602,40.079718173082,40.079718173082,4422800
2025-03-18,40.5244026184082,40.97875661485057,40.36972946672339,40.77574879470778,4860300
2025-03-19,40.57273864746094,40.87918271428125,40.22955772708446,40.55340404364695,3919100
2025-03-20,40.5244026184082,40.75641418978483,40.35039854949926,40.572740974565,3452800
2025-03-21,40.1280517578125,40.40839799290395,39.87187470039053,40.34072872066791,6237900
2025-03-24,40.68649673461914,40.76919197608444,40.190321574524866,40.37517041626539,4457800
2025-03-25,40.200050354003906,40.696229243368286,39.96655746243457,40.686498207959716,4660800
2025-03-26,40.404354095458984,40.59406844532099,40.22339841897376,40.384895737613874,3717700
2025-03-27,40.30706787109375,40.78378467066331,40.204914271185984,40.46273102971069,3586700
2025-03-28,40.2876091003418,40.52110569153052,40.049250702994655,40.48218897444867,4905600
2025-03-31,40.71567916870117,40.97349961888564,40.345981514716286,40.40435287518644,7736800
2025-04-01,40.744873046875,40.939452929573484,40.24869416042874,40.8518921679243,5903000
2025-04-02,40.939453125,41.03187569346347,40.4724599197734,40.67677083879851,4657000
2025-04-03,39.713600158691406,40.91999239835084,39.655225083589336,40.53083265360848,11584800
2025-04-04,37.904014587402344,39.51902125860299,37.8602360634755,39.51902125860299,15419700
2025-04-07,36.98949432373047,38.409921130609305,36.162530766159435,37.26190392743258,25297200
2025-04-08,36.074974060058594,37.928339166691956,35.651763097743576,37.83591288828577,16319500
2025-04-09,38.14723587036133,38.31749185937321,34.79074528301788,35.47177295036763,27138900
2025-04-10,37.33973693847656,38.18615513413213,36.41548530761924,37.76780969817884,19936700
2025-04-11,37.86509704589844,37.952657803149584,36.717083589375726,37.1451563407689,10742800
2025-04-14,38.70178985595703,38.91582809811348,38.049951516738865,38.166697961868486,6543600
2025-04-15,38.76016616821289,39.06176518164446,38.5655862792668,38.837995897009705,4272300
2025-04-16,38.74070739746094,39.25634094309405,38.49748346668265,38.906101600267554,6021900
2025-04-17,39.35363006591797,39.673711341605056,38.8866405959379,38.8866405959379,4793500
2025-04-21,38.53639602661133,39.11040458974036,38.04994821756307,39.022843835659586,4364300
2025-04-22,39.324440002441406,39.50929254934572,38.89636725674624,39.09094712708126,4213200
2025-04-23,39.37308883666992,40.11248791072132,39.139592243583856,39.65522575954993,8046200
2025-04-24,39.48983383178711,39.7962946196466,39.19310036726979,39.392545753156185,5093400
2025-04-25,39.431461334228516,39.65522689874205,39.18337560411936,39.50929477126064,4511000
2025-04-28,39.674686431884766,39.781705555319114,39.314716053216856,39.421735176651204,4403400
2025-04-29,39.9957389831543,40.17086048925532,39.61631029036949,39.68441268593075,4088100
2025-04-30,40.18059158325195,40.32652742246612,39.51902221173883,39.74278777691201,5100700
2025-05-01,40.29733657836914,40.63785228718652,40.03951982149319,40.29733657836914,6986300
2025-05-02,40.793514251708984,40.91999172335932,40.60866541722182,40.78864873437181,4073900
2025-05-05,40.744873046875,40.96377309534668,40.501649121327546,40.78865157204831,3018300
2025-05-06,40.462730407714844,40.78864956116801,40.27788156948075,40.56001848861649,2531600
2025-05-07,40.43354797363281,40.780870235879696,40.37517289362126,40.491919342341674,3892500
2025-05-08,40.23896789550781,40.6670406796697,40.16599997366247,40.647582319757426,3841000
2025-05-09,40.4821891784668,40.617421616400726,40.170862862847784,40.26815094474031,2540300
2025-05-12,40.5211067199707,40.997823526764236,40.31679580575668,40.968637843863306,5525700
2025-05-13,39.97628402709961,40.540561597091255,39.83521370677607,40.44327351266934,6501800
2025-05-14,39.635772705078125,39.878996631637435,39.44119282157016,39.878996631637435,4416300
2025-05-15,40.36544418334961,40.380037025025786,39.74278781851294,39.81089022053682,4703800
2025-05-16,40.871341705322266,40.89080006228923,40.30706419848879,40.44326898595542,3421200
2025-05-19,40.95890808105469,40.99295928259772,40.50164961909152,40.55029366253834,3023400
2025-05-20,40.744873046875,40.87134681602183,40.60866824237684,40.628122890474366,2311800
2025-05-21,39.66495895385742,40.628123638427525,39.64550059409909,40.540562875166366,3708700
2025-05-22,39.528751373291016,39.7622442514025,39.2125595441836,39.733058569464156,3599300
2025-05-23,39.53847885131836,39.655225290830245,39.30206517730792,39.4947003282398,3751400
2025-05-27,40.1903190612793,40.30414470068057,39.742784259242086,39.8789927623939,3626800
2025-05-28,40.1903190612793,40.2292320651633,39.90136820353998,40.2292320651633,3491900
2025-05-29,40.56001663208008,40.72541081560524,40.14167122300742,40.1903189725339,4811800
2025-05-30,40.598934173583984,40.705953286637104,40.19031979062004,40.40435430542398,6882700
2025-06-02,40.657310485839844,40.67190332691844,39.927638741490824,40.30706745474393,4756500
2025-06-03,40.51137924194336,40.5697543241734,40.18546004992365,40.46273519573641,6276900
2025-06-04,40.63785171508789,40.80324219403753,40.302201528475265,40.414086161113595,2969700
2025-06-05,40.62812042236328,40.8372931340792,40.42867874540755,40.69622653177757,5412000
2025-06-06,40.744873046875,40.96863861302236,40.54542764650085,40.82270277317285,3533600
2025-06-09,40.72541427612305,40.99295836474135,40.44327363462517,40.691363075342444,4581000
2025-06-10,41.08538055419922,41.09511158848381,40.764326937548915,40.83242933233238,4832800
2025-06-11,40.86161804199219,41.27023244098694,40.69038968117093,41.08538360019919,4809300
2025-06-12,41.08538055419922,41.15348294898268,40.81297097506536,40.861615012581815,4151500
2025-06-13,40.754600524902344,41.027010134927885,40.46273255540318,40.861619646355976,6375700
2025-06-16,40.793514251708984,41.27023103428726,40.63785109864024,40.86161664922017,6304400
2025-06-17,40.62812042236328,40.881075367895356,40.472457267921364,40.774056253347354,5610100
2025-06-18,40.705955505371094,41.007554503023286,40.49191726759841,40.696228181518926,5529900
2025-06-20,40.69622802734375,41.08051855453975,40.64758027435971,40.881076870254645,5834600
2025-06-23,41.2901496887207,41.33432422678075,40.75512323245573,40.80911683111204,6057900
2025-06-24,41.486488342285156,41.638653831262125,41.13798656861141,41.39813551622177,5292600
2025-06-25,40.475341796875,41.29015159985732,40.43116725677031,41.20179877477339,10960100
2025-06-26,40.2201042175293,40.475343643374465,39.734161784961536,40.465528326750494,14023700
2025-06-27,40.36735534667969,40.76985072514468,40.16119999926765,40.28882158118327,6608200
2025-06-30,40.661865234375,40.710953052862834,39.925592895554715,40.396810487889496,6959500
2025-07-01,40.93674087524414,41.231249048040944,40.54897034552642,40.593144886252375,9438400
2025-07-02,41.01527404785156,41.08988318333553,40.68149712487056,40.887656213237165,6737400
2025-07-03,41.034912109375,41.19689292732267,40.858206443409344,41.0250967923213,5758100
2025-07-07,40.720767974853516,41.28033464734203,40.475343864292775,40.94655770718443,6417800
2025-07-08,40.661865234375,40.83562742371247,40.48516331834292,40.54406270872869,5768600
2025-07-09,40.642234802246094,40.760037328476216,40.48025398813294,40.70113419292376,4867800
2025-07-10,40.848388671875,41.1232624713607,40.53424611678431,40.68149833299108,6045300
2025-07-11,40.809120178222656,40.917107384392246,40.40662479287444,40.544061693499486,5802500
2025-07-14,41.08399200439453,41.10362638137916,40.76003414633444,40.799302900303694,7270600
2025-07-15,40.55388259887695,41.14289898401666,40.44589538779721,41.09381490940083,6427500
2025-07-16,40.99563980102539,41.02999902505002,40.58823864326895,40.877837282208745,8487900
2025-07-17,40.95637512207031,41.12326171300201,40.76494462311945,40.94655606091281,7848700
2025-07-18,41.07417678833008,41.21652321315927,40.88765582383381,40.99563928020038,5608100
2025-07-21,41.23124694824219,41.5159397902261,41.1330788106009,41.28524054740722,5336600
2025-07-22,41.9478874206543,42.00188102314275,41.35396153815595,41.4079551406444,6165500
2025-07-23,42.06569290161133,42.12459603889053,41.86935660043044,42.00679350920702,5625700
2025-07-24,42.00679016113281,42.168770967084065,41.91843733469346,41.99697109993144,6727900
2025-07-25,42.00679016113281,42.055874232515876,41.55521071260927,42.016605477459585,4698000
2025-07-28,41.28033447265625,41.88898521570634,41.24106571636277,41.8104514479941,4776600
2025-07-29,41.96752166748047,42.00679042278136,41.270518112825556,41.50612315488162,9447100
2025-07-30,41.37850570678711,41.98715644017901,41.10362816196927,41.87916923452285,9908200
2025-07-31,40.65205001831055,41.329419223548356,40.59314688290409,41.10362948846908,10320700
2025-08-01,40.534244537353516,41.103626491941235,40.28882044169728,41.07908632930032,9602600
2025-08-04,40.877838134765625,40.995640656039186,40.56860511209453,40.60296433683577,6584500
2025-08-05,41.01527404785156,41.128170780644574,40.69131618591754,40.85820277497077,6265300
2025-08-06,40.67168045043945,41.14289425334532,40.65695560423527,41.14289425334532,7569500
2025-08-07,40.82875442504883,40.917107253006186,40.55388062468136,40.917107253006186,6429600
2025-08-08,40.49497985839844,40.9465593410797,40.421351873317285,40.9072905830531,7161600
2025-08-11,40.259368896484375,40.53424644305729,40.22010388543797,40.337906408326546,6054800
2025-08-12,40.32809066772461,40.4066244338663,39.94915429233262,40.31827160641024,8099800
2025-08-13,40.593143463134766,40.64223127760881,40.22991685424856,40.39680718473647,4962700
2025-08-14,40.30845642089844,40.38699018729522,40.02376355985147,40.33299658451477,7988300
2025-08-15,40.573516845703125,40.70604422122222,40.28882397103267,40.3084583497901,5689600
2025-08-18,40.190650939941406,40.66186478216089,40.18083562327786,40.66186478216089,4496900
2025-08-19,40.90728759765625,40.92692197523664,40.357540004903726,40.39680876006451,6803400
2025-08-20,41.064361572265625,41.41776912508648,40.95637437076154,41.01527375712776,7026700
2025-08-21,40.91710662841797,41.083993220415124,40.7551258221563,40.887656934506616,5851800
2025-08-22,41.565025329589844,41.805539896732334,41.16252995922149,41.24597325365619,6488900
2025-08-25,41.35887145996094,41.653379638672185,41.285243479064455,41.515942738265245,6213400
2025-08-26,41.241065979003906,41.42759070014846,41.0839946977044,41.319603492091034,4318200
2025-08-27,41.41777038574219,41.574841662290495,41.290152548147994,41.349051936306964,5171300
2025-08-28,41.30978775024414,41.45703996845491,41.093813336352035,41.447224651857404,4199700
2025-08-29,41.53557586669922,41.555210244005956,41.31960146119968,41.39813522555207,4810600
2025-09-02,40.82875442504883,41.25088418697011,40.684445679855905,41.16253135901276,8204200
2025-09-03,40.720767974853516,40.90238316482337,40.58333107211946,40.71095265817597,5668000
2025-09-04,40.99563980102539,41.0643619939492,40.61277880621537,40.877837282208745,5991100
2025-09-05,41.407955169677734,41.61411051848294,41.162531065421646,41.21161513729793,5298300
2025-09-08,41.133079528808594,41.15271016078009,40.789483551315875,40.89747075153146,7678500
2025-09-09,41.11344909667969,41.12326441360719,40.89943698993693,40.96128359774222,4308300
2025-09-10,41.09381103515625,41.40795357693066,41.02509258819775,41.12326072817432,4006500
2025-09-11,41.7613639831543,41.83989774448793,41.14780375918297,41.152709544665164,3604900
2025-09-12,41.5748405456543,41.80063401044799,41.53557553622779,41.64355899324385,2515100
2025-09-15,41.5257568359375,41.78099999623693,41.412863847434515,41.623928722542885,3844000
2025-09-16,41.28033447265625,41.61411141140141,41.201800704944006,41.48648982588495,5432500
2025-09-17,41.26070022583008,41.869354715692054,41.221435214286345,41.39813712841997,7312900
2025-09-18,41.2901496887207,41.486485962153424,41.17725296110995,41.27542109782632,5162000
2025-09-19,41.08399200439453,41.40304407686434,41.08399200439453,41.32941609939061,5331000
2025-09-22,41.219512939453125,41.30854012009058,40.883192227553174,41.10081128975565,4786500
2025-09-23,41.54594802856445,41.610243970640155,41.22940777403294,41.2392980060994,3002000
2025-09-24,41.1205940246582,41.50637720217395,41.11070379315199,41.50637720217395,3990500
2025-09-25,41.02167892456055,41.31348793863327,40.99694768421719,41.17005504624825,3559500
2025-09-26,41.42724609375,41.51231491869643,41.06619036373981,41.16016454828851,3436200
2025-09-29,41.506378173828125,41.59540535329719,41.288759114481685,41.46680969996246,3891100
2025-09-30,41.67454147338867,41.70421594146992,41.35800123566444,41.565730059147725,3940800
2025-10-01,41.67454147338867,41.877323294372665,41.55583605414912,41.65475723684875,6818800
2025-10-02,41.4569206237793,41.58551628069846,41.23929778490956,41.545947805729874,6391600
2025-10-03,41.625083923339844,41.93667716720757,41.506378500807706,41.506378500807706,4820800
2025-10-06,41.20962142944336,41.64486331380641,41.17994696130371,41.639920084754664,4921700
2025-10-07,41.08102798461914,41.2590823499338,40.89803038998727,41.2590823499338,5191500
2025-10-08,40.87329864501953,41.03156877073911,40.78427146346118,40.85846141033605,6809300
2025-10-09,40.68535232543945,41.001892563461695,40.58148791360002,40.967271092848556,4517100
2025-10-10,40.24021911621094,40.86340940220458,40.18086640258284,40.76448821282442,10153200
2025-10-13,40.46773147583008,40.50334159399407,40.17097545985351,40.25010863650044,6720700
2025-10-14,40.853511810302734,40.902970513922426,40.33913299105211,40.40837593081112,7769100
2025-10-15,41.44702911376953,41.56573076155771,40.962324743993655,40.98210898086791,7393900
2025-10-16,41.31843185424805,41.694324793328505,41.27886338203806,41.536054677945764,9443200
2025-10-17,41.585514068603516,41.64387435863892,41.17994665539292,41.348107004878095,9458500
2025-10-20,42.020755767822266,42.03064977272401,41.69432530175237,41.83083011766413,4826100
2025-10-21,41.89216232299805,42.13550504675194,41.78829790680704,41.92184056580794,6887700
2025-10-22,42.080108642578125,42.14935158333404,41.83281134746207,42.080108642578125,7755300
2025-10-23,42.04054260253906,42.25816544234095,41.64981240082998,42.129569784870974,9446300
2025-10-24,42.18892288208008,42.416435956011256,42.17902887647665,42.25816582747402,7820300
2025-10-27,42.277950286865234,42.313560405617736,41.99108449818213,42.20870356765075,6851400
2025-10-28,41.338218688964844,42.14935355297327,41.31843445161617,42.0751636062801,17438000
2025-10-29,40.21054458618164,41.07113817848967,40.091839159102406,40.902974043522846,13140800
2025-10-30,40.43805694580078,40.69524448634056,40.14130093026797,40.235271341554586,14353400
2025-10-31,40.45783996582031,40.61511766828843,40.05227254298992,40.14129972231646,9788100
2025-11-03,40.38859558105469,40.428160279986734,39.844538519345306,40.042377107834426,10847400
2025-11-04,40.497406005859375,40.56170572127958,40.29957117721791,40.487515773810294,8413000
2025-11-05,40.48751449584961,40.67545908650965,40.26494843392437,40.61611014917351,6925600
2025-11-06,40.289676666259766,40.60126991357273,40.26000219702732,40.428162553954415,8171900
2025-11-07,40.82383728027344,40.84362151638244,40.35891716535484,40.47761880855166,7674200
2025-11-10,40.79416275024414,40.95737609434289,40.50729698728954,40.74470027331893,6823600
2025-11-11,41.24919128417969,41.26402851874646,40.86340809161392,40.87329832350596,5743700
2025-11-12,40.92275619506836,41.19478473476795,40.91781296595189,41.031567610948194,5801500
2025-11-13,40.38859558105469,40.873296160722944,40.33418987488375,40.73481028081773,8032500
2025-11-14,40.50729751586914,40.58643068775914,40.26989045328464,40.56664645142233,6434600
2025-11-17,40.24021911621094,40.6655707969018,40.12151746241228,40.65567679123501,5861900
2025-11-18,40.38859558105469,40.512244227178236,40.10172981641833,40.27978416871281,6634200
2025-11-19,40.072052001953125,40.40837647392754,39.94346012550501,40.40837647392754,7201800
2025-11-20,39.93356704711914,40.53697306437861,39.918729812835274,40.388596948082615,7477000
2025-11-21,40.45783996582031,40.6358943244734,40.002810064008344,40.210542664741844,7858600
2025-11-24,40.517189025878906,40.59137897111879,40.190758549663705,40.49740478891778,6796900
2025-11-25,40.843624114990234,41.011784472429895,40.5963268080796,40.626001277402494,5898100
2025-11-26,41.02167892456055,41.23435476175799,40.71502890220732,40.72491913427018,6814100
2025-11-28,41.219512939453125,41.33327135994554,40.972215634733224,41.03156834631067,3771900
2025-12-01,40.64578628540039,40.942542304628056,40.63094905045764,40.7842721761428,6008700
2025-12-02,40.54686737060547,40.80405490483592,40.39354047713326,40.79416467305902,5411600
2025-12-03,40.625999450683594,40.72491685961712,40.42222521107009,40.49740380030419,4501400
2025-12-04,40.556758880615234,40.84362466613231,40.4974061677111,40.546868648526626,7427000
2025-12-05,40.54686737060547,40.74964919641955,40.44299918293249,40.54686737060547,4553300
2025-12-08,40.29956817626953,40.56170270081108,40.269889935417346,40.527081231031204,6046300
2025-12-09,40.062164306640625,40.6408391076623,40.032489836882846,40.39848879990628,6325000
2025-12-10,40.141300201416016,40.43607514642668,40.09579607865451,40.17097467039326,7956300
2025-12-11,40.358917236328125,40.48256588213394,40.18086288449117,40.23032158812205,10300400
2025-12-12,40.3094596862793,40.67545863177072,40.1660268002249,40.52708251663181,7441900
2025-12-15,40.46773147583008,40.54192142318859,40.1759224625994,40.5369744204427,7820400
2025-12-16,40.11162185668945,40.57654199458667,40.063151796536786,40.50729905151143,7722200
2025-12-17,40.289676666259766,40.428162553954415,40.10173207202523,40.11656930664145,8811800
2025-12-18,40.04237747192383,40.546866065831054,39.99291876771615,40.4380546524998,9482100
2025-12-19,39.89400100708008,40.17690841516922,39.87915999983728,39.933565706022556,8338000
2025-12-22,40.189998626708984,40.2400016784668,39.724998474121094,39.849998474121094,6797800
2025-12-23,40.18000030517578,40.22999954223633,39.994998931884766,40.22999954223633,8384200
2025-12-24,40.439998626708984,40.5099983215332,40.20000076293945,40.20000076293945,3242600
2025-12-26,40.52000045776367,40.540000915527344,40.308998107910156,40.349998474121094,5973000
2025-12-29,40.630001068115234,40.7400016784668,40.52000045776367,40.689998626708984,9519300
2025-12-30,40.720001220703125,40.7400016784668,40.560001373291016,40.630001068115234,7967100
2025-12-31,40.349998474121094,40.689998626708984,40.34000015258789,40.68000030517578,6082600
2026-01-02,40.380001068115234,40.505001068115234,40.04999923706055,40.34000015258789,9211900
2026-01-05,40.43000030517578,40.599998474121094,40.04999923706055,40.244998931884766,12232000
2026-01-06,40.70000076293945,40.83000183105469,40.2400016784668,40.2599983215332,9052600
2026-01-07,40.13999938964844,40.9900016784668,40.130001068115234,40.880001068115234,12482300
2026-01-08,40.439998626708984,40.6349983215332,39.900001525878906,39.9900016784668,8785000
2026-01-09,40.5,40.755001068115234,40.40999984741211,40.40999984741211,7050200
2026-01-12,40.619998931884766,40.81999969482422,40.45500183105469,40.54999923706055,8398900
2026-01-13,40.93000030517578,40.974998474121094,40.25,40.61000061035156,8778300
2026-01-14,41.38999938964844,41.39500045776367,40.900001525878906,40.900001525878906,9738100
2026-01-15,41.70000076293945,41.849998474121094,41.44499969482422,41.540000915527344,23308300
2026-01-16,42.209999084472656,42.34000015258789,41.540000915527344,41.61000061035156,9540900
2026-01-20,41.400001525878906,42.0,41.36000061035156,41.93000030517578,9263900
2026-01-21,41.54999923706055,41.7599983215332,41.21500015258789,41.650001525878906,9950200
2026-01-22,41.13999938964844,41.685001373291016,41.119998931884766,41.560001373291016,9731900
2026-01-23,41.25,41.33000183105469,40.93000030517578,41.130001068115234,7587100
2026-01-26,41.220001220703125,41.51499938964844,41.189998626708984,41.40999984741211,6462100
2026-01-27,41.25,41.349998474121094,41.06999969482422,41.290000915527344,6453200
2026-01-28,40.849998474121094,41.369998931884766,40.744998931884766,41.23500061035156,8519200
2026-01-29,41.369998931884766,41.45000076293945,40.84000015258789,41.04999923706055,8650900
2026-01-30,41.43000030517578,41.439998626708984,40.88800048828125,41.310001373291016,10617900
