Price,Close,High,Low,Open,Volume
Ticker,XLK,XLK,XLK,XLK,XLK
Date,,,,,
2020-01-02,44.34926223754883,44.34926223754883,43.84113826956521,43.92661723721968,26567000
2020-01-03,43.850624084472656,44.15455204978016,43.69866191335088,43.70341175018517,30023600
2020-01-06,43.95509338378906,44.00258450019921,43.33299888790197,43.41372798889761,15630000
2020-01-07,43.93610763549805,44.154556675995664,43.869624405108105,44.03108626681534,15363600
2020-01-08,44.40625,44.600949881422515,43.90287224036174,43.983604994185555,23254400
2020-01-09,44.90961837768555,44.938110155931646,44.58669827299377,44.81464336815565,15554800
2020-01-10,44.805152893066406,45.166064524900754,44.72917359445477,45.10433111833723,15330600
2020-01-13,45.365501403808594,45.41773874189182,44.985597772279114,45.009339711276155,15524400
2020-01-14,45.15180587768555,45.465226283399616,45.080572814502865,45.42248861932846,16134600
2020-01-15,45.20405578613281,45.42250125039122,45.05209356651544,45.1803102174474,14417000
2020-01-16,45.811893463134766,45.821389514447986,45.431986195449916,45.49372320971062,11543200
2020-01-17,46.120574951171875,46.16331262342921,45.778659080853984,46.025596307714245,21661000
2020-01-21,46.101566314697266,46.36749919579162,45.96859987415008,45.97809592430469,17975000
2020-01-22,46.267784118652344,46.5907042379374,46.22979266389774,46.391254535072534,15491600
2020-01-23,46.48621368408203,46.52420512587092,46.11580618429864,46.31525581909534,14956400
2020-01-24,46.267784118652344,46.93262008459976,46.10632224747754,46.828145395556874,23617400
2020-01-27,45.166053771972656,45.52221548064257,44.976100136069185,45.18979933510969,35574600
2020-01-28,46.030338287353516,46.153808691237174,45.46522723021694,45.56020585745982,31184400
2020-01-29,46.14906311035156,46.47673306419759,45.963859298977155,46.41024983052803,21126600
2020-01-30,46.54795455932617,46.59069584399081,45.849880725066626,46.130059501508605,19933600
2020-01-31,45.27053451538086,46.30102832759802,45.10907263516788,46.27728276128104,26964600
2020-02-03,45.86888122558594,45.982855590187,45.2705321152208,45.32276945989682,25075600
2020-02-04,47.07033157348633,47.170056414712654,46.55270801885727,46.66667874839248,19097800
2020-02-05,47.34575271606445,47.868126021554616,47.00384058392122,47.84438046291831,32697000
2020-02-06,47.77791213989258,47.792158030289706,47.32677536968157,47.5404709717679,13505600
2020-02-07,47.34101867675781,47.73991807836894,47.24604004085195,47.55471426718313,16598000
2020-02-10,47.98210906982422,47.9916051218823,47.05608639085527,47.06558606597786,16347600
2020-02-11,47.820648193359375,48.39050915141959,47.67818567114275,48.3477678586094,15105800
2020-02-12,48.33827209472656,48.35726782241502,47.87763566170918,48.148318440906614,12152800
2020-02-13,48.210052490234375,48.46174316820996,47.88713236129504,47.95836543532343,14802800
2020-02-14,48.41899490356445,48.499724018410355,48.15306199674778,48.30502417536647,12392400
2020-02-18,48.23854064941406,48.343015325890825,47.97735395822215,48.02959129646054,20633200
2020-02-19,48.813148498535156,48.88438156296281,48.518720189664144,48.55196180332183,16615600
2020-02-20,48.305023193359375,48.827392945300204,47.64493715374127,48.708672382447105,26324600
2020-02-21,47.22229766845703,48.10082920995225,46.9278693344311,48.05808791841834,29899000
2020-02-24,45.27053451538086,45.92587084279125,44.543965112084294,44.95711043070758,42365200
2020-02-25,43.82213592529297,45.845135439005716,43.66067769024489,45.678927366731436,62934400
2020-02-26,44.02158737182617,44.9761018008507,43.68917121398897,43.98834575604245,55759600
2020-02-27,41.64717483520508,43.48022074030567,41.61868305756096,42.577947299641735,67825800
2020-02-28,41.96533966064453,42.36423895381719,39.918594995808995,39.98982804760798,111854400
2020-03-02,44.391998291015625,44.40149434271601,41.97009570114326,42.72041059272674,70008600
2020-03-03,42.70616149902344,44.95235616783968,42.25502480428826,44.64368197630631,94989200
2020-03-04,44.53919982910156,44.553445714725726,43.02432452463195,43.62742691852036,44727600
2020-03-05,43.13355255126953,44.17829197730346,42.85337015982042,43.35199793587431,49019000
2020-03-06,42.22178268432617,42.473469697718656,41.072564883136735,41.68991325879169,57631800
2020-03-09,39.01632308959961,40.839868989112695,38.7028991001475,38.7408905454866,59119800
2020-03-10,41.618675231933594,41.623425068335926,39.234768209932234,40.68790656557518,71164600
2020-03-11,39.65266799926758,40.75439467779772,39.087556960616084,40.50270766419921,63304200
2020-03-12,35.782379150390625,38.89285954031007,35.6161710766458,36.774885001719916,65490600
2020-03-13,39.98033905029297,40.07056421696061,36.23351826923539,38.03331886531425,65849600
2020-03-16,34.45745849609375,37.61542651272571,33.80687206446909,34.05855910354121,81244800
2020-03-17,36.80336380004883,37.24975414616507,34.16302040809646,35.26949297913779,100814600
2020-03-18,35.41671371459961,36.00556660102517,33.36996906316868,34.35772486321792,107412400
2020-03-19,35.544925689697266,36.75112670018089,34.24849954077601,35.08903929269813,123454200
2020-03-20,33.91609573364258,36.584935779332895,33.802124986902676,36.214528135129676,90444000
2020-03-23,33.60627746582031,34.47507595170511,32.50834367243548,33.74471284964586,84958400
2020-03-24,37.04805374145508,37.076694287230836,35.49662771758169,35.63983773042431,75329000
2020-03-25,37.00033950805664,38.70929315594183,36.28906731612659,37.329716899355894,57480800
2020-03-26,39.29166793823242,39.387142530429244,37.37744879997315,37.46814511008101,56425800
2020-03-27,37.5158805847168,38.79043998614949,37.353579240959185,38.07439693360714,58485400
2020-03-30,39.095943450927734,39.18663974260036,37.89776396678247,38.01710445128348,47480200
2020-03-31,38.36558532714844,39.70697138437228,38.16509051884398,39.00524866026429,39988800
2020-04-01,36.53728485107422,37.83093532548179,36.265188679586025,37.03851272382472,54984800
2020-04-02,37.39176559448242,37.43950106514163,36.260416365746146,36.40839741738457,44223600
2020-04-03,36.81415939331055,37.63044799051215,36.35111766251583,37.22946200968607,31572000
2020-04-06,39.95519256591797,40.21774308737635,38.188954860416715,38.43241046740698,35987200
2020-04-07,39.5971794128418,41.37774140884958,39.554218577771756,41.3634211304929,44298800
2020-04-08,40.66168975830078,40.8287657071104,39.74038107831343,40.1174974439023,27428600
2020-04-09,40.67123794555664,41.35386570092328,40.384821495063406,41.14382891295238,39259800
2020-04-13,40.761940002441406,40.81922475230988,39.93133116025481,40.50893873065915,25301600
2020-04-14,42.47089767456055,42.54727370064277,41.5018533983766,41.668929369790554,31779000
2020-04-15,41.54481887817383,41.88374549867038,41.23453281541452,41.62596955308495,25858200
2020-04-16,42.050811767578125,42.1558319776476,41.3634130469115,42.08900159705477,23667600
2020-04-17,42.60932540893555,42.80504189959456,41.99352810362472,42.79549626379901,28284800
2020-04-20,41.926692962646484,42.59022565549735,41.869408228435766,42.03171315437516,20407000
2020-04-21,40.17000961303711,41.435019533879256,39.926553993981095,41.33477031745764,32765000
2020-04-22,41.71666717529297,41.9458025503253,40.99584949602692,41.143834200686996,24032000
2020-04-23,41.43024444580078,42.28472278093394,41.39682925468307,41.81213182400569,21169600
2020-04-24,42.30859375,42.318143029736454,41.334774809919345,41.60210001279331,16885000
2020-04-27,42.67139434814453,42.81460442326046,42.41361839812596,42.69048926762556,15598600
2020-04-28,42.10332107543945,43.22989552979203,42.046039974291624,43.20125497921811,25267600
2020-04-29,43.83136749267578,43.984123147957874,42.84800318942119,43.000758844703284,22925800
2020-04-30,43.63566207885742,43.922078549874705,43.31105577384236,43.922078549874705,30861200
2020-05-01,42.43748092651367,43.272864394980544,42.275175958809,42.67616191750421,23990200
2020-05-04,43.00076675415039,43.04372758292147,42.0460428225324,42.241759334683046,21458000
2020-05-05,43.59270095825195,44.1464426678643,43.416075693913534,43.492455367784196,17374600
2020-05-06,43.93162155151367,44.35647341379479,43.735905037488216,44.012772212402695,16941000
2020-05-07,44.59039306640625,44.843394382828954,44.46150326695615,44.52833366593635,21088800
2020-05-08,45.24436569213867,45.306425077404434,44.75268345925028,45.01523399233763,15221600
2020-05-11,45.54510498046875,45.8124265045857,44.84338233767915,44.93407863080019,20768800
2020-05-12,44.604698181152344,45.86015869742887,44.57128299302278,45.731272583781205,27042000
2020-05-13,43.83615493774414,44.972275228193205,43.25854733365135,44.62857399290222,33942200
2020-05-14,44.39467239379883,44.42331295248913,43.05328614604459,43.53064821479512,30475200
2020-05-15,44.61902618408203,44.62857182149427,43.56882761157008,43.692942749827026,28032800
2020-05-18,45.712196350097656,45.969972324712835,45.33985448964812,45.497381216926414,20033400
2020-05-19,45.54510498046875,46.251598620487144,45.52601006560574,45.731275847904854,20092800
2020-05-20,46.542789459228516,46.628714754678704,46.15135281150713,46.17522236545875,18192000
2020-05-21,45.893577575683594,46.633490054880596,45.86970802139363,46.49505465236065,20581600
2020-05-22,46.06066131591797,46.117946070707774,45.64058404007586,45.82675494066365,18489600
2020-05-26,46.01292037963867,47.01537979657974,45.974730547645166,46.98196460408113,26001400
2020-05-27,46.275474548339844,46.29456946583291,45.02955940728672,46.008149345420094,38856800
2020-05-28,46.184776306152344,47.02970549501707,46.07021043894665,46.10362563529762,21147400
2020-05-29,46.76715850830078,46.87694973532975,45.93654959858262,46.32321167617874,35555000
2020-06-01,46.752830505371094,46.85307607774084,46.342298937390616,46.54756472138085,26719400
2020-06-02,47.1920051574707,47.1920051574707,46.40435717003019,46.84830395262518,22415200
2020-06-03,47.55957794189453,47.712333646470775,47.17769050144557,47.38295632090582,22035800
2020-06-04,47.16813659667969,47.70278333126857,46.90558968998438,47.3734023960146,15138800
2020-06-05,48.40927505493164,48.54770680964552,47.421132363824825,47.50228665980718,20756400
2020-06-08,48.65272521972656,48.67182013325338,47.87940125279347,48.323347976840466,16130200
2020-06-09,48.881874084472656,49.120555106719124,48.366322202344286,48.40928668018,14707800
2020-06-10,49.698150634765625,50.07049235603323,49.14440904991869,49.23510898170836,24389600
2020-06-11,46.848304748535156,48.905733731072324,46.83398447175378,48.83413234716543,39742000
2020-06-12,47.454559326171875,48.34244931721441,46.62872144354665,48.10376831138995,43287000
2020-06-15,47.91282272338867,48.127634155262704,46.43777232737637,46.590528013638156,29924000
2020-06-16,48.93437576293945,49.354452978545034,48.175368349240486,49.05848725087897,27935800
2020-06-17,48.92483139038086,49.387873122847715,48.84368072274812,49.211247868014894,17324200
2020-06-18,49.14441680908203,49.1969269208316,48.729114196859285,48.83413442035843,13717200
2020-06-19,48.80548858642578,49.79362775495611,48.57158223228596,49.73634664732028,31280000
2020-06-22,49.72502899169922,49.768111875805424,48.791609109635466,48.86819562846156,14738000
2020-06-23,50.084041595458984,50.65845697115217,50.01224286901543,50.170203719211926,19028000
2020-06-24,48.95436096191406,50.15584286888088,48.68630265037555,49.87820895934709,25425600
2020-06-25,49.581424713134766,49.63407953920284,48.49482455920648,49.026156966242404,20534400
2020-06-26,48.604915618896484,49.55748285720849,48.456526756953814,49.485680499100226,44275600
2020-06-29,49.136253356933594,49.141041155205635,48.016145942577964,48.600133163085935,18547200
2020-06-30,50.01701354980469,50.21806088577984,49.07401824151207,49.14103645485025,16500000
2020-07-01,50.0984001159668,50.3903900964619,49.82076622734225,50.05052943363681,21709200
2020-07-02,50.390380859375,50.845126694007995,50.28507487280554,50.57228065403606,19144600
2020-07-06,51.271148681640625,51.51048743801015,51.01266238651919,51.04138186863726,16046200
2020-07-07,50.73503494262695,51.73068517100912,50.68238011743232,51.21371251565453,15863600
2020-07-08,51.56315231323242,51.56794011185909,50.864283446571335,51.13712953596656,13327000
2020-07-09,51.74982452392578,51.993951070107926,51.00787294232219,51.984375475031264,17767800
2020-07-10,51.735477447509766,51.75940913702063,51.122770685322,51.630167788004925,14724600
2020-07-13,50.66324234008789,52.520514018661075,50.53400097735187,52.17586551533736,28910400
2020-07-14,51.24722671508789,51.31902909113519,49.72503168137139,50.26115195023462,30053200
2020-07-15,51.52486038208008,51.970030729081046,50.92172553891284,51.71633216664339,23779200
2020-07-16,50.888214111328125,51.11798096451924,50.49569862830933,50.974376224772264,17180600
2020-07-17,51.13712692260742,51.280728005886004,50.66802128571576,51.18978174874894,12710400
2020-07-20,52.44392013549805,52.56837734224668,50.993527496459166,51.28073334493866,17018400
2020-07-21,51.91737365722656,52.836433801056074,51.72590188092365,52.817286258223746,18794800
2020-07-22,52.33381652832031,52.49656513958407,51.92215355015691,51.96523277595503,15028000
2020-07-23,50.97437286376953,52.400833614064084,50.74460967774812,52.056185183011976,23349600
2020-07-24,50.35687255859375,50.6871612089262,49.528762511960785,50.122321601411066,22911600
2020-07-27,51.1515007019043,51.204155542494505,50.562725508041545,50.663247389526184,16908000
2020-07-28,50.553138732910156,51.151485698641956,50.5148436506185,50.99352122320395,17825400
2020-07-29,51.285526275634766,51.42434324089483,50.74462181267318,50.74462181267318,13187000
2020-07-30,51.572731018066406,51.60623830880425,50.54836109891423,50.821207224071195,21556800
2020-07-31,52.8603630065918,52.879510547201484,51.534427774545364,52.38647324556682,25185800
2020-08-03,54.16236114501953,54.334685341284164,53.554438660413865,53.578373996791576,24327000
2020-08-04,54.301185607910156,54.305969754234894,53.81293243330033,54.047487075935685,17971600
2020-08-05,54.50223159790039,54.62668879594026,54.22938551313392,54.47351211066821,12960200
2020-08-06,55.26810836791992,55.32076318951748,54.339472771039084,54.45914215612085,16399400
2020-08-07,54.44478225708008,55.052704776671774,54.01397174162529,55.04791697871678,27476200
2020-08-10,54.29161071777344,54.641046961091575,53.55923459834763,54.55009705145669,16481200
2020-08-11,53.31510925292969,54.34426681328941,53.20501545113553,54.114503612663185,18844400
2020-08-12,54.52616882324219,54.66976991638675,53.67890740040573,53.745921974277266,14196800
2020-08-13,54.55009460449219,55.00484048024786,54.353838702844776,54.60274942854832,11453600
2020-08-14,54.511810302734375,54.66977480614034,54.21024469333994,54.57404073548135,8334200
2020-08-17,54.875587463378906,55.000044634029145,54.775065628168136,54.842080184975316,8174600
2020-08-18,55.081424713134766,55.22981358278126,54.61710691221788,54.98090286737232,8930000
2020-08-19,55.01441955566406,55.464377691551604,54.923469638319865,55.2202510803764,14239400
2020-08-20,55.74679946899414,55.856896936939954,54.751149066431104,54.80859169997075,12803000
2020-08-21,56.45523452758789,56.51746129779081,55.77072544727539,55.79944493321211,15288600
2020-08-24,56.94348907470703,57.28813754444828,56.46959925482302,57.268990001460395,16440600
2020-08-25,57.23068618774414,57.25462152583395,56.72807695603693,56.81423906033243,18628200
2020-08-26,58.39388656616211,58.547063270875555,57.69980542180886,57.82904678277741,16463000
2020-08-27,58.44173812866211,58.906055919023295,57.915193573868294,58.63799766975075,18174200
2020-08-28,58.95392990112305,59.145398003047696,58.59492173198441,58.67150824235028,13092600
2020-08-31,59.14060974121094,59.5235495704307,58.81989302356451,59.188476763360946,19040000
2020-09-01,60.270294189453125,60.3468807010916,59.2985756611411,59.671947230946216,25612600
2020-09-02,60.80642318725586,61.136711944679874,59.74375818686621,61.13192414546511,40395000
2020-09-03,57.34079360961914,59.88257065067298,56.86690377952887,59.83470361818253,54162000
2020-09-04,56.541385650634766,57.83381339493158,54.114490956019196,57.020063134006826,62544200
2020-09-08,53.98525619506836,55.68456304306241,53.889522141105346,54.39213140244129,47860400
2020-09-09,55.74679946899414,56.29249170554835,54.698494232024935,55.30162910211879,36783800
2020-09-10,54.48787307739258,56.59883943280922,54.1575843587274,56.51267731715832,32109800
2020-09-11,54.07141876220703,55.21067008290004,53.38212188137357,55.00005443199433,37166400
2020-09-14,55.20588684082031,55.502664606691276,54.71284951182293,54.9713321943492,24730200
2020-09-15,55.7515754699707,56.14887871749598,55.37820756102691,56.04835321706965,18260400
2020-09-16,54.889957427978516,56.07707943771964,54.83730260181943,56.00048927166274,19637000
2020-09-17,54.43521499633789,54.81337072288044,53.52093906532613,53.607101175829754,30403600
2020-09-18,53.49700927734375,54.6219009001853,52.83643185601721,54.52616684156824,41837600
2020-09-21,53.94172286987305,53.96570756534909,52.3441950147796,52.53129247599496,38381800
2020-09-22,54.795650482177734,54.934774879279104,53.62508911353783,54.550983186578165,25537400
2020-09-23,53.08779525756836,54.87721549019212,52.924682476033404,54.82444403088166,23707800
2020-09-24,53.385223388671875,54.047263914863095,52.52649226187811,52.59365526307011,31838600
2020-09-25,54.661338806152344,54.824447939205484,53.07820223419876,53.41401730819629,19326600
2020-09-28,55.70716094970703,55.71195569297049,55.10748863193158,55.56803653277,17473200
2020-09-29,55.52006530761719,55.870271903068925,55.400130840112716,55.635201371590824,20851000
2020-09-30,55.985408782958984,56.55629802783528,55.467294657472024,55.49127935525678,22318400
2020-10-01,56.575496673583984,56.839354010518285,56.215693210551805,56.76259418155191,27076400
2020-10-02,55.14105987548828,56.10053540540395,54.92038094282072,55.18423451748232,37251600
2020-10-05,56.35000991821289,56.38359142279625,55.50087549654252,55.53445700112588,12270600
2020-10-06,55.47689437866211,56.748200635410825,55.28020372903705,56.21569123601839,26862200
2020-10-07,56.49392318725586,56.60426082931838,56.01418539715374,56.057360041410675,12992400
2020-10-08,56.78657531738281,56.98806435261615,56.59467942949456,56.98806435261615,10109600
2020-10-09,57.65489959716797,57.66929114820813,57.04083568539012,57.05522723643029,14425400
2020-10-12,59.22842788696289,59.61701433069809,58.21138244125392,58.50402278978082,19163800
2020-10-13,58.84944152832031,59.52587365766414,58.62396415187237,59.42033074442388,17613800
2020-10-14,58.53760528564453,59.30518870081374,58.10104578687331,58.99335839591487,14534000
2020-10-15,58.273765563964844,58.38890163960995,57.41503425036917,57.56855023793259,13185000
2020-10-16,58.1058464050293,58.83024788205224,58.05307495172178,58.59517737375184,11544200
2020-10-19,57.040828704833984,58.619166604354504,56.863324390138835,58.39848764182249,16616400
2020-10-20,57.23752212524414,57.84199284543612,56.88731554187856,57.25671207859572,14566600
2020-10-21,57.15117645263672,57.69807738251,57.02164882613402,57.09840498921826,12171800
2020-10-22,56.88251876831055,57.36225663551738,56.23007497610049,57.17515916011548,13486400
2020-10-23,56.820152282714844,56.97366824873595,56.3452091746198,56.96407144204812,10312800
2020-10-26,55.58722686767578,56.64264869016072,54.89640318162199,56.19169393286346,18189200
2020-10-27,55.86547088623047,56.100545066821624,55.548845810086874,55.85587773972704,19064800
2020-10-28,53.49556350708008,54.83882716116534,53.404412153156414,54.805245661315936,32756600
2020-10-29,54.387874603271484,55.0163299373218,53.66826791783046,53.70184941674669,19409000
2020-10-30,53.183738708496094,53.960915348464646,52.56487643853936,53.6250966550963,25848600
2020-11-02,53.31805419921875,54.028067692410836,52.80953334632584,53.59150457522268,24039800
2020-11-03,54.25835037231445,54.73808822469585,53.51475889718889,53.73543787007121,20970200
2020-11-04,56.369205474853516,56.7913735258767,55.34736502516167,55.90865751188917,30763800
2020-11-05,58.120243072509766,58.288150593225566,57.611718446772635,57.851587379255044,22189800
2020-11-06,58.3265266418457,58.513624103994474,57.189546659464625,57.98111481630668,19455200
2020-11-09,57.90435791015625,60.13993808195301,57.85158645304624,59.56425411725576,39768200
2020-11-10,56.824951171875,57.803616899203604,56.3644032402103,57.40063883153809,23538400
2020-11-11,58.17301559448242,58.331326311133225,57.28550126008625,57.40063732495307,14488600
2020-11-12,57.65489959716797,58.4608593964038,57.38624755079257,58.173017395271636,14352800
2020-11-13,58.14422607421875,58.264160536962684,57.54455376049904,58.09145461780267,11851600
2020-11-16,58.70552062988281,58.81105987988801,58.02908852057256,58.1490229802282,14864200
2020-11-17,58.379295349121094,58.695920400892795,58.12982963792252,58.41287684946217,9939400
2020-11-18,57.75563430786133,58.556795567346285,57.73164595346111,58.27855042089233,9542800
2020-11-19,58.22098922729492,58.326532146181954,57.386246343539526,57.6405068335258,12155200
2020-11-20,57.621315002441406,58.28815033902562,57.60212504871337,58.27375878875695,9915800
2020-11-23,57.60692596435547,58.17781155719527,57.10799812599703,57.79882184989481,9807000
2020-11-24,58.4080696105957,58.523205642903264,57.41021423697428,57.82758738673832,13634000
2020-11-25,58.532806396484375,58.777470024131624,58.312127461294004,58.60956253649859,12186400
2020-11-27,58.84464645385742,59.09410852547716,58.7343051378793,58.84464645385742,7025800
2020-11-30,59.23802185058594,59.32437479617416,58.1586118607875,58.82544707278762,32229200
2020-12-01,59.996009826660156,60.327030089439496,59.477895769403915,59.727357822148846,22681200
2020-12-02,59.90487289428711,59.97203590748242,59.290805307757566,59.74176010502013,16038800
2020-12-03,59.86648178100586,60.2694597847682,59.70816742519535,59.97202468487953,13775400
2020-12-04,60.46615982055664,60.47575296723028,59.823309190141714,59.95284046094675,10358800
2020-12-07,60.63886260986328,60.816363264978854,60.39419529106357,60.499738199569684,8905400
2020-12-08,60.835567474365234,61.027463383883024,60.322248020968416,60.58130694980093,7886800
2020-12-09,59.6697883605957,60.97947421144876,59.463500952882114,60.79717515862871,17271800
2020-12-10,59.756141662597656,60.03918887953423,59.166066193909245,59.30519060086328,9997400
2020-12-11,59.63142013549805,59.63142013549805,58.95978636936482,59.3963459382802,13023200
2020-12-14,59.847286224365234,60.384593839169,59.77532482754466,59.813704727196786,11055800
2020-12-15,60.845157623291016,60.845157623291016,60.10636083158167,60.49494735224393,9099200
2020-12-16,61.257728576660156,61.47360914983498,60.72521925871222,60.926708281689976,10309200
2020-12-17,61.74225616455078,61.87658216895669,61.44961580061974,61.70387626040364,11505000
2020-12-18,61.5263786315918,61.843007366197476,61.13299374503004,61.83341055963466,17693400
2020-12-21,61.587921142578125,61.616771274172386,60.20305612792219,60.74642473050219,15232200
2020-12-22,62.12168502807617,62.400581927089924,61.645635734321445,61.92933854396249,14334200
2020-12-23,61.65044021606445,62.237076731709266,61.55907656626008,62.19380153041259,11300800
2020-12-24,62.059173583984375,62.21305077643373,61.71295723824169,61.75623244714243,4384600
2020-12-28,62.76121139526367,62.88623108321185,62.381331747172304,62.67465365955591,8171000
2020-12-29,62.46307373046875,63.184356370946524,62.35247911336343,63.10261188549768,8841400
2020-12-30,62.429420471191406,62.80929278370652,62.338056825363694,62.67946718546723,8141400
2020-12-31,62.52079772949219,62.698711812882806,62.015898281275476,62.45828420299565,11058400
2021-01-04,61.501373291015625,62.85257873241032,60.70315199570794,62.83814632788904,21017200
2021-01-05,61.90049362182617,62.001476451653886,61.32346879539727,61.361938095461696,12361400
2021-01-06,60.832984924316406,62.02069404111361,60.64545171278877,61.015708557215916,27258000
2021-01-07,62.472694396972656,62.59290817329163,61.39557998837197,61.41962421108909,19652000
2021-01-08,62.87660598754883,63.04490819608738,62.16494254205316,62.78043644149796,12387600
2021-01-11,62.35729217529297,62.799685368989834,62.097633623335255,62.26593586032432,17853200
2021-01-12,62.059173583984375,62.36211472082632,61.46772371720245,62.280370213813235,17089200
2021-01-13,62.45346450805664,62.64580361860769,62.02069050341665,62.14090428182775,13605200
2021-01-14,61.9052848815918,62.73716210535756,61.813921243549416,62.6073291809149,15624800
2021-01-15,61.27056121826172,62.088013490942075,61.145541522951554,61.813929875805556,12641200
2021-01-19,62.06876754760742,62.17455624015706,61.477314252276585,61.69370121484612,11569600
2021-01-20,63.29975891113281,63.52095546400658,62.458262568014526,62.544820292970634,11770000
2021-01-21,64.11723327636719,64.32881074713842,63.29978086978884,63.641191304400294,8945200
2021-01-22,63.87200164794922,64.19417377443483,63.71812445109536,63.84795741878223,11243600
2021-01-25,64.40574645996094,64.81446897631818,62.84777297543086,64.59327969388204,18205200
2021-01-26,64.44901275634766,64.7327155232896,64.20377928043858,64.63174005443699,8593400
2021-01-27,63.23244857788086,64.34803598342435,62.66022980842251,64.14126446547151,24484600
2021-01-28,63.49211502075195,64.55000229126392,63.338245177847895,63.55462854235524,16181600
2021-01-29,61.996646881103516,63.424787169449054,61.66004976574377,63.17474779076286,19023200
2021-02-01,63.54981994628906,63.857566956359356,62.27074345491949,62.73236763865867,11232600
2021-02-02,64.41055297851562,64.5980862142069,64.07395580384772,64.16531946638646,8595000
2021-02-03,64.18936157226562,64.67502266985704,63.99701509505031,64.54038380444025,11574800
2021-02-04,65.21356964111328,65.21356964111328,64.3480362867691,64.53556949184593,8134200
2021-02-05,65.06932067871094,65.42034287438315,64.88178013145269,65.41072371720571,9413800
2021-02-08,65.75212860107422,65.78097873292977,65.24241603498231,65.33377967736922,11713200
2021-02-09,65.67520904541016,65.98776201405528,65.55980114729712,65.57903946561693,10552200
2021-02-10,65.57904052734375,66.0214264713697,65.0212466833363,65.93968196035858,9464400
2021-02-11,66.30030822753906,66.34358342865738,65.76655873527865,66.02141136933147,7565800
2021-02-12,66.64170837402344,66.6849835732652,65.94446992737258,66.12719721830456,6755600
2021-02-16,66.42533874511719,66.95428241364596,66.25223057516853,66.90619395750034,9722200
2021-02-17,65.83869171142578,65.98294973582918,65.17510920153087,65.81464748448056,15274800
2021-02-18,65.51652526855469,65.62711991732513,64.68945368368759,65.15588384505806,10954800
2021-02-19,65.42034912109375,65.91082346223739,65.12702716594393,65.85311585092956,11685600
2021-02-22,63.97776794433594,64.8288834648665,63.939298658616735,64.6173060620439,14262600
2021-02-23,63.799869537353516,64.19417435490556,61.84279253157617,62.915097659249106,24198400
2021-02-24,64.77599334716797,64.83369361088438,62.838140555915935,63.323808899750745,16472200
2021-02-25,62.51117706298828,64.62693704405906,62.23228016177353,64.19897620227242,34313800
2021-02-26,62.84295654296875,63.80947268869557,62.28516284516614,63.131465211397575,35511600
2021-03-01,64.86736297607422,64.90583227220893,63.506549228807216,63.91046583231971,24773800
2021-03-02,63.83835220336914,65.0020212439903,63.74699585221008,64.95874602439861,24802800
2021-03-03,62.23226547241211,63.713300044484164,62.16494605264822,63.53057276058227,29889600
2021-03-04,60.857025146484375,62.4919370195267,60.08765765871365,62.03993201543422,76955600
2021-03-05,62.006263732910156,62.17937186255538,59.967439134307064,61.61677227552504,46085800
2021-03-08,60.506004333496094,62.24669762651427,60.443490816144404,61.94856978179198,35242400
2021-03-09,62.56406784057617,62.94875345250493,61.83797915929563,61.91972365952448,22987200
2021-03-10,62.31401443481445,63.24687455946605,62.265933324252536,63.23725540244687,18459000
2021-03-11,63.6459846496582,64.0402820368486,63.117041077158625,63.2516799252009,13362800
2021-03-12,63.18917465209961,63.20840562898061,62.48231702113378,62.88623357103796,12442200
2021-03-15,63.862361907958984,63.90083119477498,62.987209479010204,63.23724883741487,16585000
2021-03-16,64.34321594238281,64.95870984691129,64.06913236701075,64.35283509824717,13106800
2021-03-17,64.29033660888672,64.67502222339392,63.33824539936394,63.82390649360275,19366400
2021-03-18,62.50635528564453,63.520959810840104,62.42941671092204,63.41035785820165,17584800
2021-03-19,62.318824768066406,62.794866627885725,62.02068961254793,62.52078303242409,27224800
2021-03-22,63.54423522949219,63.85263193282422,62.55158357041588,62.65277957041489,15984200
2021-03-23,63.14909362792969,63.99718256580578,62.980436110290974,63.71769695664347,12929200
2021-03-24,62.38291549682617,63.53940096471427,62.37327603464644,63.52976150253454,14209400
2021-03-25,62.344364166259766,62.62384974368823,61.54445792942193,62.01187257668529,22573000
2021-03-26,63.929710388183594,63.997171913458885,62.28653145134747,62.31062642882182,14883200
2021-03-29,63.59724044799805,63.91527661222389,63.11537014562822,63.73698695322939,17317800
2021-03-30,62.99488830566406,63.21655182977458,62.61421408820382,63.14909029682888,13235400
2021-03-31,63.997188568115234,64.38750230540874,63.42376177766903,63.47676780080498,15430400
2021-04-01,65.28377532958984,65.28859873755243,64.63325494441524,64.6958930731246,14351600
2021-04-05,66.63301086425781,66.7486623595909,65.57771394670517,65.66445440639393,12866800
2021-04-06,66.34871673583984,66.74384652239048,66.127053182831,66.52700637770664,11315600
2021-04-07,66.70046997070312,66.82093751667378,66.05476568896172,66.29570078090303,10085200
2021-04-08,67.66422271728516,67.67867823722575,67.21126348512807,67.32691499740973,14144600
2021-04-09,68.31473541259766,68.3340069840028,67.29798906941802,67.41845661077696,9401000
2021-04-12,67.98706817626953,68.2039083066356,67.65457654508873,68.03525813979803,15907000
2021-04-13,68.6279525756836,68.68095859146482,68.12198739827306,68.24727835525903,11315800
2021-04-14,67.90032196044922,68.65203818877342,67.77021496623782,68.618303750263,11216200
2021-04-15,69.06647491455078,69.11948094467968,68.51231962633821,68.5219590916592,11028800
2021-04-16,69.052001953125,69.1821089674465,68.76287688857853,69.1194634878184,11695600
2021-04-19,68.47857666015625,69.06164285647588,68.06898403563159,68.74360674939246,10254000
2021-04-20,67.87142944335938,68.63277798801028,67.49074781827723,68.33402077801418,9873400
2021-04-21,68.5556869506836,68.57978193528992,67.56303534806139,67.7509644635796,9254200
2021-04-22,67.75094604492188,68.729141861401,67.45218155198755,68.43520077573085,11652200
2021-04-23,68.76288604736328,68.97972619827696,67.86179099549072,67.87624651536785,8886000
2021-04-26,69.1146469116211,69.18693186128061,68.73878870221256,68.78697866865224,7735000
2021-04-27,68.94597625732422,69.27846780983946,68.70022514808677,69.22546180360146,10822000
2021-04-28,68.30509948730469,68.63759109511236,68.14126538723458,68.54603458249801,10691200
2021-04-29,68.2472915649414,68.95081807120316,67.55339717050009,68.86408494827656,13416600
2021-04-30,67.31725311279297,67.91959075222876,67.1582350936514,67.55337211444338,10583400
2021-05-03,67.12933349609375,67.81358826831051,66.96068334500644,67.6786652063385,10805800
2021-05-04,65.9246597290039,66.64746501632331,65.19221497908201,66.62819344387393,19919600
2021-05-05,65.7656478881836,66.49327665183085,65.64036427355359,66.46435826129503,11245800
2021-05-06,66.42581939697266,66.4643625479937,65.26451028622002,65.73674109017392,14338600
2021-05-07,66.99441528320312,67.38955238811806,66.70529021361874,67.09078785547928,19196600
2021-05-10,65.30304718017578,66.70528377997499,65.2789522012417,66.67155669167146,20281000
2021-05-11,65.10548400878906,65.24040707862581,63.900808490421085,64.05500313333914,27046800
2021-05-12,63.274383544921875,64.49833813990273,63.105733363228296,64.14656755122138,29414600
2021-05-13,64.11283111572266,64.69107388097916,63.68396693494222,63.968268586219615,22610400
2021-05-14,65.52471160888672,65.75119120448917,64.7055336910351,64.83081730344567,16823000
2021-05-17,65.04283905029297,65.15849054797539,64.45014074927688,65.13921162198369,16267200
2021-05-18,64.52239990234375,65.36567253099221,64.47903336038846,65.23074949862877,11737200
2021-05-19,64.74889373779297,64.79708369689818,63.36592867398768,63.52013066091999,30581200
2021-05-20,65.9873046875,66.20896085632383,64.9994693320528,65.00910879457943,16828200
2021-05-21,65.62590026855469,66.38725602690809,65.56807820047264,66.32461055131564,14148400
2021-05-24,66.79203033447266,67.02332597730532,66.13668655248352,66.17042099662366,13229000
2021-05-25,66.8113021850586,67.21607875264085,66.66192359526002,67.06187675494172,11245800
2021-05-26,66.80648803710938,67.10042916995334,66.58964790531606,66.90768402008288,13311400
2021-05-27,66.45470428466797,67.02330744792539,66.44024877053457,66.7486453266369,11354600
2021-05-28,66.69083404541016,67.07633168351343,66.65710695418241,66.79203002460517,9222600
2021-06-01,66.3631820678711,67.06189257194556,66.24271448603902,66.98961496394939,12907400
2021-06-02,66.82093048095703,67.09077657907777,66.37279478645398,66.49807837408011,10098200
2021-06-03,66.19933319091797,66.5462803376141,65.79455661793511,66.28125024600511,12721200
2021-06-04,67.47146606445312,67.54855970676103,66.60409825187782,66.60409825187782,11182600
2021-06-07,67.45701599121094,67.53410963974082,67.12934041212326,67.41364208251491,11784000
2021-06-08,67.46184539794922,68.06418330328805,67.27391626559381,67.77988157662996,8902600
2021-06-09,67.510009765625,67.90513945822467,67.47145927197421,67.78948797727229,9763400
2021-06-10,68.00634002685547,68.1749901761453,67.40881836395107,67.64975345101256,11275400
2021-06-11,68.41112518310547,68.41112518310547,68.03044353911255,68.09308902925856,12100600
2021-06-14,69.10501098632812,69.10982704160365,68.19909260711094,68.47857822097063,11426600
2021-06-15,68.68096160888672,69.05200373565653,68.55567799915225,69.05200373565653,15079600
2021-06-16,68.30992126464844,68.94117744325096,67.64012193801108,68.81107042217573,19202800
2021-06-17,69.10017395019531,69.38448291601458,68.1123460623352,68.1123460623352,15864200
2021-06-18,68.46892547607422,69.03753605680181,68.38700843574361,68.76768995859403,20816600
2021-06-21,69.20272827148438,69.24134207539218,68.05377239999913,68.4979048072891,12276000
2021-06-22,69.8302993774414,69.86892054611764,69.08203725382289,69.15927222494064,9253200
2021-06-23,69.75306701660156,69.99926868911177,69.59858233611556,69.8399591246987,8271000
2021-06-24,70.19235229492188,70.40476500244786,70.05235702836163,70.202009426964,12279000
2021-06-25,70.11029052734375,70.30822123527885,69.9944343987839,70.25511805427757,14385800
2021-06-28,70.84407043457031,70.92613763903034,70.38545611965449,70.39993813419254,12557400
2021-06-29,71.36063385009766,71.39442276841766,70.71857073967118,70.88270518004752,9829200
2021-06-30,71.28339385986328,71.45718543958046,71.06132397668888,71.24959757419624,11013600
2021-07-01,71.40409088134766,71.40409088134766,70.9213372533749,71.18685322200707,11636600
2021-07-02,72.345458984375,72.41786908207833,71.72753492985397,71.74684183382959,12780000
2021-07-06,72.62059783935547,72.9633560294866,71.92543906002844,72.49990947703554,11870600
2021-07-07,73.01647186279297,73.16612427941838,72.43233684674752,73.0840570627604,14883800
2021-07-08,72.32613372802734,72.5288893163843,71.54406804009747,71.86751200482647,17086200
2021-07-09,72.99232482910156,73.05991002176921,72.13302422251282,72.23923057759534,9775800
2021-07-12,73.05028533935547,73.31579395199681,72.81373340067633,73.28200502717753,9619600
2021-07-13,73.34956359863281,73.88058799725555,72.86197787829218,72.92473818674792,15202800
2021-07-14,73.89025115966797,74.26679830866695,73.56680719148852,73.93852945722537,12886800
2021-07-15,73.281982421875,73.8612851458506,72.89095326734731,73.80335708332318,12506200
2021-07-16,72.55785369873047,73.77439460098468,72.48543625281697,73.4268114860549,15080400
2021-07-19,71.55855560302734,71.89165672623287,71.14338726147523,71.69372600574343,24254000
2021-07-20,72.62059783935547,73.0212840862056,71.50061366746772,71.9157819284976,14715600
2021-07-21,73.32062530517578,73.3351073250976,72.45649216324874,72.59166259334303,12234000
2021-07-22,73.86127471923828,73.9192027735883,73.47507050236173,73.47507050236173,9577800
2021-07-23,74.59506225585938,74.63368341430552,73.92403528110209,74.18954377529114,12576200
2021-07-26,74.55646514892578,74.69163556397618,74.12681475117948,74.40681271556535,8993400
2021-07-27,73.85163879394531,74.48887703970385,72.91992794319714,74.46473788804909,18089800
2021-07-28,73.75991821289062,74.1509548107499,73.05510209239763,73.87578172702321,13941200
2021-07-29,74.1026611328125,74.35369501157334,73.67301081893935,73.68266795133923,12030600
2021-07-30,74.05438995361328,74.1316322877678,73.6102575815764,73.62957184823226,10148800
2021-08-02,73.78887939453125,74.48887053397434,73.68749791292966,74.38748905237273,12205200
2021-08-03,74.26199340820312,74.30061458339463,73.32545016695794,73.92406733307237,10824800
2021-08-04,74.41162872314453,74.59507742150183,73.96749636006805,74.20404824130593,11322800
2021-08-05,74.82197570800781,74.84610749263034,74.32474013853603,74.54680264745868,6674600
2021-08-06,74.75921630859375,74.84610841326673,74.54197868067658,74.561285581859,7602800
2021-08-09,74.51782989501953,74.98127649206,74.44541981715403,74.84609873632147,7198200
2021-08-10,73.98199462890625,74.72060710180789,73.76958185072144,74.65302188749779,10421400
2021-08-11,73.99164581298828,74.37301791315649,73.61509859694134,74.23784749540812,10831600
2021-08-12,74.41645812988281,74.45991154850581,73.61026057077196,73.91439766995938,6947800
2021-08-13,74.82197570800781,74.84128260895275,74.38266820760548,74.46473542753208,5630800
2021-08-16,75.15988159179688,75.16953872280027,74.0109260880714,74.64333189348916,9493800
2021-08-17,74.53713989257812,74.8219700652363,74.073700642504,74.70128168628703,19052600
2021-08-18,73.5088882446289,74.69645790300045,73.42682102158982,74.36335676074859,13481200
2021-08-19,74.22817993164062,74.50335297883127,72.9971643262677,73.10336332566129,19291000
2021-08-20,75.1840591430664,75.2516443621499,74.3295830854678,74.50819958599497,14769400
2021-08-23,76.15437316894531,76.26057954015957,75.37713965209623,75.38196453579337,10802400
2021-08-24,76.0674819946289,76.3378228096656,75.99988942463499,76.25092333841252,9537000
2021-08-25,76.02404022216797,76.44886577729682,75.89852692916892,76.24611013495874,9430400
2021-08-26,75.54610443115234,76.08678604093811,75.48334411350419,75.93230137172249,12056600
2021-08-27,76.2750473022461,76.32815047792863,75.48333191603666,75.61367741384531,14088800
2021-08-30,77.09574890136719,77.18747326450571,76.50196403241168,76.50196403241168,10026800
2021-08-31,76.69022369384766,77.16815232558116,76.54539616608895,77.14401317658238,21971000
2021-09-01,76.70952606201172,77.30331815412322,76.64677311780258,76.95573505452796,20289800
2021-09-02,76.62747955322266,77.09575115094647,76.31851753303498,76.99437701648249,21769600
2021-09-03,76.93160247802734,77.13435807573724,76.51160926607359,76.53574104947405,21204800
2021-09-07,76.95092010498047,77.11506192563736,76.58885490869059,77.02333756397961,19721800
2021-09-08,76.65644073486328,76.96540274353679,76.11093417709881,76.94127095657794,11466400
2021-09-09,76.36678314208984,76.97504994643106,76.30402282512965,76.70953402802381,11161000
2021-09-10,75.61369323730469,76.97988671009733,75.5364508990143,76.79161311441128,17080200
2021-09-13,75.6378173828125,76.38608680617317,75.14058185042268,76.18816346286805,22637800
2021-09-14,75.54126739501953,76.11574525213501,75.33851180419654,75.96126795894159,18431600
2021-09-15,76.20266723632812,76.26542020231241,75.37233036208457,75.79714856859705,16339200
2021-09-16,76.24610137939453,76.3233437198636,75.46404293929146,75.93230713357704,16148600
2021-09-17,75.05850219726562,76.05297309723288,74.94747096948566,76.04814821471474,22663000
2021-09-20,73.69137573242188,74.33456815607637,72.70966292242053,73.95735129221447,35669400
2021-09-21,73.72039031982422,74.32489364194402,73.4350665227895,74.1411222706785,18455000
2021-09-22,74.73111724853516,75.02128179150978,73.79292692266687,74.12178056331749,27990600
2021-09-23,75.73219299316406,75.91112364788479,74.88588818746418,75.11801543942516,19534000
2021-09-24,75.78538513183594,75.91111918191929,75.2389116995352,75.27276005259185,11652400
2021-09-27,75.05030059814453,75.32111691649955,74.57153129157254,75.14701965767257,15015000
2021-09-28,72.82572174072266,74.25718884037703,72.76769178370655,74.0879249601589,38190600
2021-09-29,72.73385620117188,73.5076236119219,72.60812213308198,73.12558065709956,25012000
2021-09-30,72.21154022216797,73.47373586206234,72.17285113056815,73.15939713919963,33415600
2021-10-01,73.29967498779297,73.4592574073258,71.73763273626487,72.47271100879618,45483800
2021-10-04,71.60221862792969,72.96598186101475,71.03157095169149,72.87892953291536,50773000
2021-10-05,72.62261962890625,73.03851826357177,71.67959580006928,71.74729988575008,32967000
2021-10-06,73.09654998779297,73.14974658347896,71.54902272128072,71.78599071646231,40004800
2021-10-07,73.76390838623047,74.33456332543764,73.62850024049125,73.73006003939092,19895600
2021-10-08,73.48827362060547,74.10244377070039,73.36737293889028,74.04924717557803,18426400
2021-10-11,73.08204650878906,74.06375951828403,73.02884991018227,73.1594247211612,14970600
2021-10-12,72.70482635498047,73.45924536771506,72.58392568296041,73.36736705550058,17853400
2021-10-13,73.14974212646484,73.309331903799,72.5452387483165,73.01917470980277,19521600
2021-10-14,74.79881286621094,74.83266859004551,73.78808520849034,73.8944783702704,15197200
2021-10-15,75.39849853515625,75.41300602578382,74.83268426310644,75.05997812186042,12779200
2021-10-18,76.03684997558594,76.07553907684508,74.76981327091305,74.97775888859046,11630200
2021-10-19,76.79127502441406,76.79127502441406,76.08521916383995,76.23996820182096,13201400
2021-10-20,76.57847595214844,76.97502625365212,76.24478897185486,76.86379971995099,12025400
2021-10-21,76.87348937988281,76.91217110266774,76.18676704378778,76.34635682224437,10023200
2021-10-22,76.60750579833984,77.1636459539887,76.28832624399922,76.84446639964807,12490000
2021-10-25,76.85897064208984,77.1346277126044,76.55913934084914,76.8976597421195,10336800
2021-10-26,77.07659149169922,77.70043565342704,77.03790239481204,77.37642276858647,13189600
2021-10-27,77.0088882446289,77.59888406491585,76.9315100500229,77.20715972191947,17448000
2021-10-28,77.78264617919922,77.8406835133509,77.33289926986969,77.47798153646298,12756800
2021-10-29,78.11634063720703,78.1647038570861,76.926682171772,77.0185604828361,20131800
2021-11-01,78.00028228759766,78.15503870561598,77.60373188001199,78.1163496011114,24421200
2021-11-02,78.68698120117188,78.88041928681217,78.10665218587108,78.10665218587108,26814600
2021-11-03,79.14643096923828,79.31085413974127,78.36298946537276,78.8224179994144,25978600
2021-11-04,80.38441467285156,80.57785273689608,79.30598307638458,79.44622456593848,28691400
2021-11-05,80.80033111572266,81.25491878440135,80.29738023068592,80.97442836374448,24223600
2021-11-08,81.2355728149414,81.37582171878213,80.8728708196989,81.06147556205737,12781000
2021-11-09,80.90189361572266,81.44353366547016,80.4908357422443,81.3564813410213,16823000
2021-11-10,79.56713104248047,80.67941844037199,79.32532975507752,80.27802741778032,25788800
2021-11-11,79.93951416015625,80.17164135041655,79.80893938723906,80.13779300436562,10103800
2021-11-12,80.91155242919922,81.04696057122167,80.07008860080114,80.2054967428236,12244200
2021-11-15,80.829345703125,81.35163744466568,80.36992466670769,81.23557015348194,12490200
2021-11-16,81.68047332763672,81.79170723475784,80.68425318719765,80.73261639717985,13538800
2021-11-17,81.43384552001953,81.94646312053618,81.1775367197612,81.52089782947562,15417800
2021-11-18,82.24629211425781,82.3623520076601,81.31293532274023,81.90293104483374,19964000
2021-11-19,82.84596252441406,83.16030865065163,82.26564086414739,82.5412905166182,17714600
2021-11-22,81.92229461669922,84.26777066876915,81.87393877410298,83.16999047107122,28451600
2021-11-23,81.73370361328125,81.99485324817753,80.69879395390574,81.60796954634151,29239800
2021-11-24,82.32852172851562,82.34786258859633,80.8486913502468,81.24524908421724,18241000
2021-11-26,80.27320861816406,81.78204656407256,79.95402908985541,81.15336162688035,24767800
2021-11-29,82.2801513671875,82.50261182435626,81.21138630552171,81.46770248888183,24979800
2021-11-30,81.59344482421875,82.72023995500945,80.89705578379949,81.97065432458064,54066800
2021-12-01,80.47633361816406,83.0781113377553,80.40378877975353,82.45426705090097,39084200
2021-12-02,81.2162094116211,81.58858542288053,79.55744890996647,79.73154611452513,46872400
2021-12-03,79.8572998046875,81.69982453244772,78.85140550985773,81.44834911394277,48470000
2021-12-06,80.61656951904297,80.85837087175706,79.25764709746039,80.08944434113222,37800400
2021-12-07,83.43112182617188,83.53267423886142,82.21244121956744,82.22211533764882,28691000
2021-12-08,83.81317901611328,83.87120897618234,82.88466275905189,83.46015112704102,23261600
2021-12-09,82.90884399414062,84.15169903488126,82.84113991463559,83.60523302858745,17201000
2021-12-10,84.57244873046875,84.67884192259511,83.53269842181427,83.77934053955816,24776600
2021-12-13,83.31507873535156,84.9109692393695,83.19417805139857,84.74654608019955,20974000
2021-12-14,81.94647216796875,82.83629932292688,80.959925953418,82.30917417583453,27094800
2021-12-15,84.11784362792969,84.20005519048956,81.23556867253308,82.01416921111847,28270800
2021-12-16,81.73370361328125,84.56761621388044,81.25010083078442,84.43220802511675,31275600
2021-12-17,81.18721771240234,81.98032578735467,80.41345049719425,80.83418245414846,44821600
2021-12-20,80.2215805053711,80.47352432778393,79.63531097155114,79.94540193180298,32649600
2021-12-21,82.251708984375,82.3195411558404,80.32817343042129,81.07917722438607,16810800
2021-12-22,83.32731628417969,83.38546341061772,81.92221851328907,82.14024990626861,13376200
2021-12-23,83.79247283935547,84.12679115793078,83.42908464840868,83.43877707024973,9792600
2021-12-27,85.59002685546875,85.60941169867638,84.10740425559942,84.12678909880704,13266600
2021-12-28,85.14427947998047,85.77899638067359,84.93109054380675,85.74992650631393,11422200
2021-12-29,85.21696472167969,85.56096810523883,84.77605189578885,85.17335251536944,9687800
2021-12-30,84.6549072265625,85.53672532623965,84.55315528771649,85.25086174508587,10526400
2021-12-31,84.24308013916016,84.77605250319326,84.20431784058025,84.57255598051312,10243000
2022-01-03,85.04252624511719,85.12004343778521,83.98627409449352,84.35451218056022,20302800
2022-01-04,84.14132690429688,85.27509629661131,83.50661004090252,85.18788667865715,16648000
2022-01-05,81.55400085449219,83.71494507449718,81.52492359007233,83.65195542464791,23628400
2022-01-06,81.14214324951172,81.98035642274758,80.65762576782508,80.90472702195125,23767200
2022-01-07,80.39599609375,81.47647558787115,79.86787372171757,81.08886005684548,30488600
2022-01-10,80.41053771972656,80.51228226742649,78.14783420266839,79.1992438165761,32501400
2022-01-11,81.37472534179688,81.49101222147313,79.60623914815208,80.20219369604601,19207600
2022-01-12,81.75749969482422,82.54241581422329,81.35049930592136,81.98037364305159,18144000
2022-01-13,79.64015197753906,82.4164430242036,79.43665548183591,82.17902674930748,20942600
2022-01-14,80.31362915039062,80.36208386429445,79.09749272017841,79.09749272017841,22351400
2022-01-18,78.38523864746094,79.61591720762031,78.16720725640677,79.14593465262679,24694200
2022-01-19,77.29023742675781,79.60138069102221,77.21271284863367,78.63234564392246,24961400
2022-01-20,76.2921371459961,78.85523174829996,76.19038520688275,77.97825616030138,37609000
2022-01-21,74.77558135986328,76.98497982029143,74.75619652107368,76.10800439038155,48016600
2022-01-24,75.16322326660156,75.21652050230759,70.8558617766766,73.53039380532721,67413400
2022-01-25,73.42378234863281,74.81919518383962,72.58072658832094,73.69026846551616,48886200
2022-01-26,73.85501861572266,76.30183412000686,72.97804289042242,75.42001587995301,53596200
2022-01-27,73.34626770019531,75.44907205314283,73.07978157409576,75.05176412093059,39446800
2022-01-28,76.55376434326172,76.57314179010935,73.15244945235878,74.25714875142978,44236000
2022-01-31,78.47731018066406,78.57905472861279,76.20007911580295,76.57315231581666,29121000
2022-02-01,78.6808090209961,78.81163083684805,77.5421897579636,78.58390698424155,23389800
2022-02-02,79.32037353515625,79.45118795416896,78.31741863048435,78.85039090733676,25504800
2022-02-03,77.0189208984375,78.72926743386282,76.73304989582972,78.19629511695187,27865400
2022-02-04,77.32899475097656,78.00731628313504,76.28243519294615,76.60706102570416,29721400
2022-02-07,76.81541442871094,77.84743924728856,76.51985840707447,77.38714902163218,14622600
2022-02-08,77.76506805419922,77.97340705541377,76.39388247796572,76.57315160860627,21139800
2022-02-09,79.48994445800781,79.51417181303712,78.44338482320808,78.76801807292944,17795600
2022-02-10,77.41138458251953,79.23316822784304,77.0043841504894,77.91043715491418,31692200
2022-02-11,75.04692077636719,77.82805409161585,74.76105720478412,77.48888590225194,34878800
2022-02-14,75.0226821899414,75.62832901863794,74.15054927798845,74.84825560755081,41030400
2022-02-15,76.99468994140625,77.04798717060645,75.88514054982524,76.15162669582622,24437400
2022-02-16,76.91716766357422,77.18365381757442,75.63804151752494,76.47141236649738,20318200
2022-02-17,74.6156997680664,76.27759135055186,74.47519293707393,76.20007416439263,24906400
2022-02-18,73.85985565185547,74.97908999652464,73.29297101208087,74.87249554530366,25310800
2022-02-22,73.17667388916016,74.34920529518935,72.37722301014252,73.0846143857151,26893600
2022-02-23,71.34520721435547,74.1360255616815,71.26768263419758,73.93737899060937,37879400
2022-02-24,73.78231811523438,73.8356153314866,68.6658149276195,68.8935387249563,50967800
2022-02-25,74.7852783203125,74.80949828054547,72.98771516064078,73.89376051060145,28301600
2022-02-28,74.64962768554688,74.96456115775948,73.37049416687617,73.99068347584604,34822200
2022-03-01,73.15730285644531,74.75136224099303,72.58556833957839,74.36859665396354,29925000
2022-03-02,74.7416763305664,75.05176727401411,73.12338945048464,73.69512401714992,25592400
2022-03-03,73.85017395019531,75.37640887249076,73.47225080215692,75.3715589647261,23450600
2022-03-04,72.5565185546875,73.57885109849634,71.97994136457054,73.27360261122203,26731200
2022-03-07,69.9013442993164,72.82782685117229,69.8625820107497,72.4935085812912,32864200
2022-03-08,69.56220245361328,71.72314702916736,68.53502000982883,69.71240174198086,36898400
2022-03-09,72.31424713134766,72.64371552936409,70.88007187495208,71.45180645047951,35327400
2022-03-10,71.0496597290039,71.24831371701376,69.97403007825757,71.03512479262776,27448400
2022-03-11,69.79959106445312,71.85879047477708,69.69299662117255,71.67952136250996,21457800
2022-03-14,68.50592803955078,70.26957141834495,68.3072740930647,69.4798055389468,27852400
2022-03-15,70.8073959350586,70.94790277449663,68.82087098145064,69.04859482614258,22993800
2022-03-16,73.10885620117188,73.13792607261064,70.56513894616018,71.70375819852123,27176000
2022-03-17,73.6272964477539,73.67574377100657,72.32394294388409,72.71640101004378,18518800
2022-03-18,75.13414764404297,75.26981198034404,73.0071082864863,73.36565397136877,27897800
2022-03-21,74.99144744873047,75.3894822062978,74.00605977725832,74.7293203144275,22341400
2022-03-22,76.06903839111328,76.46222154944138,74.94287721025205,75.04481715087577,17485800
2022-03-23,74.89920806884766,76.0544856743292,74.82639169353438,75.3603488185811,12360600
2022-03-24,76.845703125,76.86512378581071,75.06423894643046,75.31665568928636,14263400
2022-03-25,76.8020248413086,77.07385486326767,75.84090943314968,76.96706343938195,14874600
2022-03-28,77.71459197998047,77.74856702432362,76.2534947165609,76.44766427999134,18593000
2022-03-29,79.36498260498047,79.43779155290301,78.05922115562535,78.62230170892825,18829800
2022-03-30,78.30681610107422,79.18055343487498,77.89421215481345,78.95726763865954,18680200
2022-03-31,77.14665985107422,78.44271866438727,77.03016550870879,78.29709332961828,19424000
2022-04-01,76.91852569580078,77.40393855984725,76.05934285253103,77.22433076351756,28209600
2022-04-04,78.37960815429688,78.41844206847466,77.0884082834295,77.11753186735989,23048200
2022-04-05,76.72921752929688,78.21943121998403,76.46223896382149,78.0398308244882,23588200
2022-04-06,74.91375732421875,75.62731472334723,74.24874416717428,75.45256582138083,34225400
2022-04-07,75.03026580810547,75.53509189984212,74.00604442524772,74.51572197890447,23200200
2022-04-08,73.98177337646484,74.87007977034011,73.8215862490304,74.69533085012182,26354600
2022-04-11,72.1177749633789,73.14684761093653,72.02068648908725,73.05461800444587,21595400
2022-04-12,71.79741668701172,73.56431917128234,71.52558667509506,73.01094881650562,22172200
2022-04-13,72.95269012451172,73.17598328274653,71.57411948076681,71.84109801556541,14446800
2022-04-14,71.18093872070312,73.16142400115493,71.14696367336937,73.03036046015409,17407000
2022-04-18,71.41394805908203,71.8750962691155,70.81204076482955,70.83145402307719,14060600
2022-04-19,72.75366973876953,72.87987439494782,70.97220572738188,71.23432536923255,13562200
2022-04-20,72.68571472167969,73.65168144512363,72.4721319064022,73.4575192894958,15652600
2022-04-21,71.45277404785156,74.08371095365591,71.23433973445768,73.3944255567976,18509200
2022-04-22,69.45286560058594,71.7925514884255,69.3557845201482,71.37509617641275,22094800
2022-04-25,70.49651336669922,70.54505761940626,68.71504891318375,69.14706609774947,28707600
2022-04-26,67.87042999267578,69.96255824504264,67.83644753702946,69.85576682274348,25953200
2022-04-27,68.87523651123047,70.20041166252884,68.47720178230847,68.6276785971502,40048600
2022-04-28,71.63236236572266,72.04010729406343,69.58391998839693,69.95768246930396,27762400
2022-04-29,68.64707946777344,71.67605810244181,68.51601593370295,70.85085779759143,29589800
2022-05-02,69.69074249267578,69.7829647337096,67.79277603408163,68.5694323290045,37004400
2022-05-03,69.81207275390625,70.23923098312615,69.16647283829018,69.68100922343086,27469800
2022-05-04,72.26341247558594,72.39447602600559,68.92377692553978,70.08391340283738,28650400
2022-05-05,68.7878646850586,71.28773813433124,67.96751570651679,71.20035996159244,36442200
2022-05-06,68.23448181152344,69.32666062689351,67.21026049283726,68.16166544641179,34862200
2022-05-09,65.59383392333984,67.43354517323404,65.29287295121657,67.00152807823652,41124600
2022-05-10,66.59379577636719,67.53549797105764,65.6035493297969,67.15687650819633,36370400
2022-05-11,64.491943359375,67.24423298062682,64.29292233850776,65.99186709780972,34781800
2022-05-12,63.826942443847656,64.7540754181746,62.341572804991856,63.53569175227293,36506600
2022-05-13,65.94819641113281,66.27342216295234,64.27837486217463,64.69583024941417,24495400
2022-05-16,65.36569213867188,66.24428815804862,64.80746295141537,65.39966718454004,17423400
2022-05-17,67.2587890625,67.36072899840198,66.01613361483979,66.77337631533206,18602200
2022-05-18,64.1812973022461,66.56467653294916,63.938590840630226,66.37050691956843,23670200
2022-05-19,63.477447509765625,64.56962654341768,63.176486472748586,63.70073329771915,20874800
2022-05-20,63.61820602416992,64.53563600124934,61.66684802463438,64.36088708148125,20252600
2022-05-23,65.07929229736328,65.16181157775725,63.61819514920462,63.81721615846644,17219600
2022-05-24,64.11332702636719,64.49679990038527,62.99202458200722,64.17157419537958,17122000
2022-05-25,64.86087799072266,65.34143949235977,63.642494115446425,63.69103837465528,13656600
2022-05-26,66.41903686523438,66.70542865060536,64.3463220556748,64.48223705235296,15556600
2022-05-27,68.66649627685547,68.68105806795637,67.03550901225272,67.16171367073095,16281800
2022-05-31,68.17623901367188,68.84611117298086,67.51122572362988,68.39953220237918,19420800
2022-06-01,67.97235107421875,69.37519371386679,67.46752504139656,68.90920159230957,13304800
2022-06-02,69.61791229248047,69.62276375468375,67.17628617116458,67.49180157106574,13868400
2022-06-03,67.95294189453125,68.76843185953577,67.63741912414773,68.29758084159447,11263800
2022-06-06,67.95779418945312,69.23443226476333,67.62285816157237,68.8072666168213,12589600
2022-06-07,68.76844024658203,68.89950379508937,67.0986187925164,67.23453380326012,11016600
2022-06-08,67.99179077148438,68.89465168566095,67.80247262350287,68.56457445770133,8814200
2022-06-09,66.17633819580078,68.15682361636107,66.16177640208298,67.49666180950764,9765200
2022-06-10,63.63277816772461,65.23949375446406,63.61336490984238,65.03562121604045,20886400
2022-06-13,60.81251907348633,62.21536186337948,60.58922961490674,61.62801278036245,36332600
2022-06-14,61.19599914550781,61.60374787390189,60.628066987814925,61.26881181522885,18250400
2022-06-15,62.48719024658203,63.409479048697015,61.118329945682795,61.95809205040087,25069600
2022-06-16,59.943626403808594,60.95328592957461,59.44850697095734,60.89989022461736,32690800
2022-06-17,60.49214553833008,61.064932800589425,59.51160959109341,59.93392006778316,27684200
2022-06-21,62.031497955322266,62.469505512307606,61.374488476359126,61.374488476359126,17245000
2022-06-22,61.76869201660156,62.62523598297439,61.184684429253764,61.35501966614439,15163400
2022-06-23,62.69337463378906,62.815043185002544,61.72975436141582,62.29916228996781,16042200
2022-06-24,64.94667053222656,64.96127016414802,63.413649772002486,63.413649772002486,25492200
2022-06-27,64.50867462158203,65.3506190117377,64.21666709527862,65.15595227824201,13917200
2022-06-28,62.576576232910156,65.20948571931014,62.54737696595056,64.56707214196001,15260800
2022-06-29,62.7031135559082,63.07785483739684,61.99256954017317,62.498711245839935,13607200
2022-06-30,61.86603546142578,62.64471356242877,60.88781912449356,61.87089953081669,15720400
2022-07-01,62.007171630859375,62.162907251520764,60.946221554781786,61.47669473630554,13930600
2022-07-05,62.78583526611328,62.800434897888465,60.814807002845356,61.1652130175675,14341000
2022-07-06,63.32604217529297,63.83218748308424,62.6106305337836,62.92210171317104,16167000
2022-07-07,64.63521575927734,64.78121954163758,63.603468569103846,63.603468569103846,13082200
2022-07-08,64.66441345214844,64.87368726783748,63.74459929960975,63.944137549762864,12627000
2022-07-11,63.77379608154297,64.37727487819066,63.335792188306336,64.0998743927569,11416600
2022-07-12,62.90264892578125,64.36753579411418,62.53277915673658,64.00740158969332,16553400
2022-07-13,62.737178802490234,63.141119317593784,61.44749130863437,61.72002769808744,15162600
2022-07-14,63.311458587646484,63.53533203552788,61.43289918537147,62.235908818608834,13728800
2022-07-15,64.42594909667969,64.45514836781817,63.65213128120598,63.91980364341004,13529200
2022-07-18,63.803001403808594,65.29222352003374,63.559664262567615,65.05861451767905,9897600
2022-07-19,65.74968719482422,65.81782128557917,64.12418972785512,64.51353057190866,12330600
2022-07-20,66.77658081054688,67.05398128686862,65.5842228911218,65.75942592787347,12537200
2022-07-21,67.71585845947266,67.73045809366653,66.16336633100346,66.85931440717177,12957600
2022-07-22,66.78145599365234,67.96407111899093,66.39697909226787,67.68667059650441,10583600
2022-07-25,66.35802459716797,66.82522763154688,65.85675080712689,66.75222947806841,13951200
2022-07-26,65.28247833251953,66.3239608464751,65.03914122714619,66.30449714551125,10167800
2022-07-27,68.0905990600586,68.44586919870758,66.2606990478237,66.35803984290348,17076200
2022-07-28,69.12721252441406,69.28295186091259,67.56012815074425,68.1684710100786,12408000
2022-07-29,70.18817138671875,70.40717334663684,69.04935525429603,69.34135539216653,10177400
2022-08-01,70.03729248046875,70.73810458244157,69.38515077348947,69.55548230384753,12515800
2022-08-02,69.5408706665039,70.34388006286515,68.94226352692446,69.43380175684796,15921800
2022-08-03,71.39025115966797,71.58978939627045,69.86695829037903,69.88155792466114,14243200
2022-08-04,71.71630859375,71.75037192533712,70.90842765994503,71.36590258453481,11679800
2022-08-05,71.55085754394531,71.75038836280093,70.5093748407541,70.56777338031571,7921000
2022-08-08,70.94249725341797,72.04237822614726,70.55802049286618,71.48756995833746,11102200
2022-08-09,70.23197174072266,70.50937967477991,69.8523663554261,70.36823995974908,8565600
2022-08-10,72.14945220947266,72.20785073880074,71.3269715998259,71.9012510337691,19273200
2022-08-11,71.8671875,73.02547462185879,71.73578336974091,72.60206296348171,11025800
2022-08-12,73.29801940917969,73.302883478983,72.11539695362707,72.33927040761252,8093600
2022-08-15,73.7603530883789,73.86742202464399,72.92327272815749,73.00600646507864,7162600
2022-08-16,73.56082153320312,73.90636357273459,72.87461637614857,73.42455331576953,10990600
2022-08-17,73.03520202636719,73.59487439565928,72.50959299011578,72.88919827862084,12632800
2022-08-18,73.41481018066406,73.70681026149607,72.82593109798819,73.10820304103403,9976800
2022-08-19,72.0813217163086,72.89893087196994,71.92071832657665,72.81133307360317,10146200
2022-08-22,70.07135772705078,71.12257590867806,69.89615469677958,71.09824071051763,10744200
2022-08-23,69.88642883300781,70.62616838395434,69.79395953262447,69.93509180485266,14777200
2022-08-24,69.93022918701172,70.22710079784976,69.54575234333839,69.83775988470902,8983200
2022-08-25,71.11284637451172,71.11771787019282,70.01782919897506,70.11029850419007,7126600
2022-08-26,68.07601165771484,71.25399462530694,68.02734125143,71.08365562937138,14321800
2022-08-29,67.17565155029297,67.83266481119678,66.91771477107837,67.34111902638152,13231600
2022-08-30,66.47481536865234,67.67203695511053,65.8713442206987,67.55523249451096,13268800
2022-08-31,65.82754516601562,67.08803690256023,65.79348183587034,66.87389908087518,14171400
2022-09-01,65.50635528564453,65.58908901482636,64.13393037248126,65.1851485068966,15988600
2022-09-02,64.65467834472656,66.55756905555805,64.31400042223011,66.18283522250773,16606600
2022-09-06,64.22639465332031,65.0196759742417,63.80299047641575,64.74226811622908,14990000
2022-09-07,65.25328063964844,65.5160814523151,64.13392844275997,64.35293035765875,11657000
2022-09-08,65.47715759277344,65.81783554642229,64.47948121042066,64.77148133718468,11210600
2022-09-09,66.77172088623047,66.95179544963615,65.89570555066398,66.02224563728333,11418600
2022-09-12,67.8423843383789,67.87159102991676,67.17564302308907,67.18537858693502,10181000
2022-09-13,64.24101257324219,66.27530774021888,64.06580951463636,65.90543791696705,20148800
2022-09-14,64.47460174560547,64.94667635622221,63.85653080268222,64.54273584270172,13229200
2022-09-15,62.990238189697266,64.3480633673294,62.61063290749147,63.95872252181966,14885200
2022-09-16,62.639854431152344,62.77125114960651,61.74923582940675,62.44031617949282,20762200
2022-09-19,63.15065383911133,63.20919656133757,61.974871205101,62.01390216805016,15683000
2022-09-20,62.77986145019531,63.17504714605016,62.233442874783314,62.5603188043169,12109400
2022-09-21,61.79923629760742,64.03370870221991,61.78948041785781,63.10674751590771,16808800
2022-09-22,61.16987228393555,61.843143334199084,60.82348087964223,61.452841168185515,16033800
2022-09-23,60.369754791259766,60.70639030857184,59.57451852006146,60.613692708802496,19396200
2022-09-26,59.9501838684082,61.19426879056693,59.77942806318183,60.184365917145364,17193600
2022-09-27,60.02824401855469,61.31623594306265,59.47206585670794,60.745422101514244,18714800
2022-09-28,60.66248321533203,60.95521171183852,59.169584260817714,59.62818876462693,18933400
2022-09-29,59.08176040649414,59.93066328172424,58.384097842694324,59.79405864918113,31096600
2022-09-30,57.94989013671875,59.716001970486616,57.84255685922496,58.84270379347472,19513000
2022-10-03,59.745277404785156,60.10142842056572,58.184076140727356,58.40849858979833,17332200
2022-10-04,61.75044631958008,61.81874864095248,60.91129926020797,60.95521002234585,17779000
2022-10-05,61.95534896850586,62.4041975490873,60.56002383388733,60.91617481812091,14600400
2022-10-06,61.447967529296875,62.47250988727074,61.3747891227539,61.79436269052282,14348200
2022-10-07,58.92076110839844,60.19899709602501,58.603644803345766,60.194117295612735,15749000
2022-10-10,57.93037414550781,59.003703188772114,57.349804447585605,58.92076147004283,16706200
2022-10-11,57.042449951171875,57.99868627884289,56.618000295791084,57.59862818540708,21044800
2022-10-12,56.86680603027344,57.47665082288429,56.76923235233459,57.08635238893168,14111600
2022-10-13,58.6329231262207,58.940283589156195,55.11533849494657,55.33000507222075,38114600
2022-10-14,56.9838981628418,59.237882104554345,56.89120056447798,59.11103706933742,22484000
2022-10-17,58.72074508666992,59.01346988953292,58.22310957182479,58.37923343702939,14599600
2022-10-18,59.21836471557617,60.45756972461534,58.47191531883064,60.24290689844743,13998000
2022-10-19,59.04761505126953,59.63306831967174,58.452405903382804,58.70122363550868,10984000
2022-10-20,59.08176040649414,60.36487618116067,58.789035662159314,59.06712472760696,12429600
2022-10-21,60.66248321533203,60.78933198233835,58.735375039116526,58.935405930249466,17126000
2022-10-24,61.50162887573242,61.72605132158615,60.1794857599566,60.921059141401166,13385200
2022-10-25,62.67741775512695,62.7213247996728,61.652879104882075,61.652879104882075,10265000
2022-10-26,61.28208923339844,62.57495733023159,60.99912033129257,61.096697740051944,15169400
2022-10-27,60.58442306518555,61.88705068841894,60.44293862234111,61.511387922533416,11694800
2022-10-28,63.218955993652344,63.35068456270316,60.921061097496704,60.921061097496704,14935400
2022-10-31,62.38468551635742,62.76034827849522,62.013898832677896,62.5895887553262,13292200
2022-11-01,61.8626594543457,63.27262036729704,61.59432624716229,63.16041100589114,9413200
2022-11-02,59.725765228271484,62.61398958767944,59.70624974611631,61.81875323139378,18092400
2022-11-03,57.96940994262695,58.99882831221807,57.925502901573964,58.89149502671417,16010600
2022-11-04,59.028099060058594,59.33546323302807,57.676684570184335,59.17446330644381,17896200
2022-11-07,60.01360321044922,60.11117688158707,58.71097199535739,59.1305454812047,10427600
2022-11-08,60.58930206298828,61.32111582663936,59.69648837800661,60.511240141544135,12722000
2022-11-09,59.013465881347656,60.05264016369999,58.92564807423355,60.0282486030668,11962600
2022-11-10,63.86294937133789,63.93125169639534,61.61384500103593,61.926085264783595,27932200
2022-11-11,64.95579528808594,65.17046186943838,63.4921676272959,63.8044078971553,15977800
2022-11-14,64.39962005615234,65.20461232909601,64.09225585095048,64.44352710135388,14526600
2022-11-15,65.18022155761719,66.13157804950703,64.5264622105279,65.86324482246239,12716200
2022-11-16,64.28741455078125,64.86798810915302,64.01908129551748,64.67771679076526,10095800
2022-11-17,64.37034606933594,64.66795065978813,63.23847043207668,63.26286571543741,8149600
2022-11-18,64.4435043334961,65.11677523296892,63.90196196748382,65.09725603462286,11912400
2022-11-21,63.750732421875,64.34106543882879,63.62388738882445,64.07760832751597,8363800
2022-11-22,64.98506927490234,65.01922416167666,63.570232123419075,64.02883666675926,9019200
2022-11-23,65.56076049804688,65.75590786443492,64.79967534698075,64.84358238775883,9480600
2022-11-25,65.18022155761719,65.38024501378204,64.98995025923921,65.1167953100261,3263000
2022-11-28,63.78489303588867,64.85821844606886,63.52631942393965,64.4435209845835,13030200
2022-11-29,63.16041946411133,63.89223333930726,62.90183837936472,63.70196202953215,11570200
2022-11-30,66.33159637451172,66.34134853044974,63.067706114328345,63.13112490550084,23334400
2022-12-01,66.42430114746094,66.74142495072248,65.60467320457269,66.39502978441428,15165800
2022-12-02,66.03887939453125,66.25842205158558,65.05825155601114,65.31194165356965,8934400
2022-12-05,64.94115447998047,65.89739441840287,64.51182135117106,65.5314875320934,11526200
2022-12-06,63.55070114135742,64.97042155322389,63.140887242383855,64.87284787885793,11799200
2022-12-07,63.22871017456055,63.71658600169637,62.77498178423917,63.32140032842511,10413800
2022-12-08,64.26300811767578,64.448403324498,63.19943488432031,63.579984899480344,8965800
2022-12-09,63.86783981323242,64.76552973820297,63.628777927436566,63.97517311343498,10402800
2022-12-12,65.2631607055664,65.2631607055664,63.95077335395739,63.97028511426737,14806200
2022-12-13,66.03399658203125,67.97574030140584,65.36560163260366,67.63910478753252,18607600
2022-12-14,65.4778060913086,66.741402466437,64.7118376091201,65.97055790684857,19541000
2022-12-15,63.0286865234375,64.64355450525808,62.789624660756544,64.40449264257711,19223800
2022-12-16,62.19441223144531,63.18479584517735,61.877292198600706,62.81401289563942,23999200
2022-12-19,61.36509323120117,62.299613678565514,60.95899260539723,62.20175608222899,14276600
2022-12-20,61.45805358886719,61.771190413918795,60.74860378617832,61.04216909305353,12622000
2022-12-21,62.47574996948242,62.76931154268637,61.590156505576644,61.74183483781636,14670600
2022-12-22,60.9002799987793,61.76140815691944,59.867905718167236,61.692905975045164,15323600
2022-12-23,60.96388244628906,61.022597000265385,60.01957816726071,60.46482180258909,8231600
2022-12-27,60.38653564453125,60.8611346897285,60.02936570711923,60.75349320736805,9530200
2022-12-28,59.412879943847656,60.80242421659745,59.344381492818336,60.23975890212597,10362600
2022-12-29,60.96877670288086,61.17427204396602,59.99022319346348,59.99511700621848,10954200
2022-12-30,60.88560485839844,60.91985408433591,59.960872025200906,60.33761351051315,8905800
2023-01-03,60.30825424194336,61.9424368220316,59.877688305816314,61.53633621696102,15196200
2023-01-04,60.46482849121094,60.851357615320865,59.799411737412306,60.62139691958205,11813000
2023-01-05,59.29055404663086,60.318034428823935,59.18780638170007,60.1614660251839,11341000
2023-01-06,61.02748489379883,61.301478653342365,59.10951737833904,59.81407702617672,13825400
2023-01-09,61.7369384765625,62.862272725598736,61.55590474105254,61.57547625836864,21427200
2023-01-10,62.11857604980469,62.21643364003647,61.25744792019192,61.58526618136166,17209000
2023-01-11,63.194984436035156,63.194984436035156,62.12346719946398,62.31428482612937,13758000
2023-01-12,63.66468048095703,63.95335940189337,62.51977481873158,63.292832884425714,15358600
2023-01-13,63.845706939697266,63.93866322349718,62.91607690978141,63.062861384585865,10153200
2023-01-17,64.1343994140625,64.51114461447982,63.67936813926243,63.75765421364517,10425800
2023-01-18,63.307525634765625,64.83896442671484,63.268382594389905,64.49647215564181,13936000
2023-01-19,62.56870651245117,63.16562844960983,62.33874958635705,62.8133486088658,14645000
2023-01-20,64.26158905029297,64.31051969827402,62.656762344661104,62.88183287329778,14127800
2023-01-23,65.72456359863281,66.1013088832806,64.37416210958527,64.52093919965473,23472600
2023-01-24,65.69519805908203,65.94472653952838,65.25484445940018,65.35270579206603,12575600
2023-01-25,65.55819702148438,65.72454933130015,63.982725226709015,64.58453356267258,14342200
2023-01-26,66.60523223876953,66.63458764301957,65.5141399423485,66.19913172651589,11161800
2023-01-27,66.8841323852539,67.35384136531582,66.15511478237565,66.18447019379747,13549400
2023-01-30,65.60711669921875,66.40464017962441,65.55329595883977,66.11596869294196,9705600
2023-01-31,66.52206420898438,66.5514196168107,65.56307858062742,65.60711169236691,8871600
2023-02-01,68.08776092529297,68.63085846909625,66.15511906850938,66.47314600054501,18852800
2023-02-02,69.94700622558594,70.33842164603408,68.93419978746135,69.25222668301812,18824000
2023-02-03,69.3647689819336,70.4998871931821,68.64063399524011,68.74338540070707,16145400
2023-02-06,68.51830291748047,69.13479631179018,68.25898687458721,68.59658897799117,12977400
2023-02-07,70.23077392578125,70.49498752345642,68.59170146741464,68.62105687476301,15708200
2023-02-08,69.38433074951172,70.7445194393555,69.24244378507635,70.36778173878524,12577000
2023-02-09,69.002685546875,70.5732668827436,68.72869181662521,70.45583779873546,12624000
2023-02-10,68.68466186523438,68.91951257827074,68.03392299311086,68.48894671622944,9861600
2023-02-13,69.87361907958984,70.0252936940782,68.9097431798983,68.95377630040687,8411800
2023-02-14,70.17207336425781,70.5683863529078,69.11034367066124,69.54579969675173,12622000
2023-02-15,70.4998779296875,70.50477547478155,69.58004281017006,69.74639509642886,10491000
2023-02-16,69.27667999267578,70.26502092908744,69.22285926183729,69.47728521359826,13001200
2023-02-17,68.41067504882812,68.86080873846021,67.81375684902312,68.78252267093194,10606600
2023-02-21,66.7862777709961,67.90182818705216,66.72756694881552,67.49572758017118,12277800
2023-02-22,66.68842315673828,67.22662310742946,66.37038878673047,66.92327390857133,14338400
2023-02-23,67.79417419433594,68.0486001531276,66.84008618107907,67.93117106466157,13120000
2023-02-24,66.58568572998047,66.87435728405329,66.19916029758475,66.59058327664864,14347400
2023-02-27,66.9428482055664,67.59847725571592,66.82052901863834,67.25598502547145,9389000
2023-02-28,66.79607391357422,67.44191543722233,66.6101463319342,66.72757545703924,10485800
2023-03-01,66.3067855834961,66.93305921049023,66.10129024955464,66.82541773093462,15069400
2023-03-02,67.12388610839844,67.3342715510907,66.01322567003797,66.12575724483216,10969400
2023-03-03,68.56724548339844,68.57213556336626,67.49083809457414,67.55444646301048,14439600
2023-03-06,68.89505767822266,69.82957805850947,68.8412369373221,69.0075892398254,15999200
2023-03-07,68.038818359375,69.10544547347176,67.86757598967942,68.8412318682258,14120000
2023-03-08,68.60148620605469,68.68466234529956,67.87735134832947,68.27856180726666,13247000
2023-03-09,67.6180419921875,69.48218512240484,67.4859351858453,68.70912699997956,15624600
2023-03-10,66.42911529541016,67.69145037461928,66.16490163434895,67.52020050297696,30556800
2023-03-13,66.79117584228516,67.71590873112501,65.60223675625038,66.01322749222992,34439400
2023-03-14,68.33238983154297,68.57213065089715,67.37340415681504,67.6522954761908,21202200
2023-03-15,68.37154388427734,68.45472004580154,67.25599335853744,67.58380792422867,23060000
2023-03-16,70.28950500488281,70.38735886911836,67.90672197571656,68.13179258265248,26086800
2023-03-17,70.19163513183594,71.03318414494414,69.78063705055011,70.42648584559242,23078600
2023-03-20,70.38091278076172,70.46918089788419,69.54240682047977,70.06708471968962,11981600
2023-03-21,70.9497299194336,71.07721999980743,70.02785669784194,70.76339193236686,13066400
2023-03-22,70.24361419677734,72.36195924256913,70.20438475345698,70.94972921204128,14224400
2023-03-23,71.38614654541016,72.35215007657477,70.71436009828854,71.14096813612474,17595800
2023-03-24,71.57250213623047,71.6068232312021,70.6898581492395,71.16059662079928,11872600
2023-03-27,71.01838684082031,71.92554256685577,70.85166729967894,71.68036413026476,10810600
2023-03-28,70.6849365234375,70.9203131972896,70.04747860794687,70.89579385848188,9968000
2023-03-29,72.16581726074219,72.32763592033247,71.46951142636243,71.57248965782962,14256600
2023-03-30,73.00433349609375,73.10730424915035,72.5139766241044,72.83270559799665,11202400
2023-03-31,74.04877471923828,74.11742436920856,72.82288276816139,72.91605175360334,15069800
2023-04-03,73.93110656738281,74.03407731888299,73.24460246762311,73.59766000869908,21142200
2023-04-04,73.52410888671875,74.29396526720697,73.24951024190125,74.03898508687752,15824800
2023-04-05,72.68559265136719,73.24459915239348,72.16091472078847,73.17594949374995,15737600
2023-04-06,73.09750366210938,73.19066518417806,71.84218376474942,72.15601186852636,15696000
2023-04-10,73.05826568603516,73.0729757921317,71.9745738159987,72.37176164510778,9517200
2023-04-11,72.37177276611328,72.9405885634241,72.24918354163694,72.9307793304353,12791600
2023-04-12,71.9598617553711,73.05826370166996,71.84217342754407,72.8621164886249,13235800
2023-04-13,73.29853820800781,73.41132566821328,72.12168478715883,72.23937312214436,13641800
2023-04-14,72.89154052734375,73.48977646460331,72.25408262766688,72.88663965260446,13003600
2023-04-17,73.15633392333984,73.31815256904589,72.58751822611576,72.98470604637099,8306000
2023-04-18,73.38190460205078,73.91149093395077,73.06317562076713,73.71535117350733,9212800
2023-04-19,73.17103576660156,73.30833505977228,72.62183859391868,72.71990844871915,8623200
2023-04-20,72.69049072265625,73.4113157775416,72.36685345673823,72.49925188047752,11416200
2023-04-21,72.45512390136719,72.5875223430452,71.98438552557006,72.37176413653336,12237600
2023-04-24,72.13639831542969,72.51887606946043,71.59700277397509,72.16581853000868,9079800
2023-04-25,70.5966796875,71.92064174970821,70.57216034737071,71.78334242368675,11022600
2023-04-26,71.64604187011719,72.38647804292184,71.47441397440488,71.83728074824565,13603400
2023-04-27,73.16614532470703,73.22008487487555,71.80785482119148,71.984383577902,12084800
2023-04-28,73.96052551269531,73.9752356198,73.08769090730816,73.16614980003442,11792000
2023-05-01,74.00465393066406,74.36261233142496,73.783994847517,73.90168318357952,8194400
2023-05-02,73.31324005126953,74.17627277938554,72.93076235849111,74.09291302401084,12058800
2023-05-03,72.69540405273438,73.8771658738852,72.66107548126232,73.40151912399881,11630200
2023-05-04,72.34722900390625,72.83758573629135,72.04811109786135,72.40607689972242,10861000
2023-05-05,74.16155242919922,74.41163166077546,72.94546238617237,73.04844058873299,12230000
2023-05-08,74.12234497070312,74.18608627475876,73.66630919879482,74.01936673761031,6795600
2023-05-09,73.55352783203125,73.85264581117158,73.47506893993666,73.71534649113194,12473200
2023-05-10,74.45088195800781,74.62250236736614,73.73005678484819,74.1958942991805,10551800
2023-05-11,74.11743927001953,74.32829661876656,73.60257053285689,74.32829661876656,8956800
2023-05-12,74.01937103271484,74.35281760861248,73.44565436941174,74.2449384942561,7908000
2023-05-15,74.63230895996094,74.64701906646421,73.82812404802554,74.09292092958746,6796600
2023-05-16,74.71076965332031,75.11776673499102,74.5048206750505,74.52934001389846,9398200
2023-05-17,75.70618438720703,75.83367445879195,74.67643213696074,75.02458874949187,11916600
2023-05-18,77.25572967529297,77.36850966519492,75.79936911040899,75.79936911040899,15491200
2023-05-19,77.22140502929688,77.40774305168001,76.9566155868733,77.27534458934184,9805000
2023-05-22,77.3685073852539,77.56955550038454,76.86344040097599,76.99093049527114,10794200
2023-05-23,76.2259750366211,77.29985779445964,76.19655482116012,76.9811288172962,11691000
2023-05-24,75.66696166992188,75.97098051192822,75.25506372612267,75.62283135071156,10925600
2023-05-25,78.56986999511719,78.87879718140407,77.27042743450777,77.67742448687345,18078000
2023-05-26,80.8010025024414,80.94321018139246,78.76111617641664,78.77092540861199,15160000
2023-05-30,81.2325210571289,82.39956532234314,81.06089315935372,81.98766734638517,18123600
2023-05-31,80.55582427978516,81.52672876656108,80.51169395817077,80.76668162014037,19301000
2023-06-01,81.37471008300781,81.71795834917057,80.04093897827451,80.30082748567281,17419400
2023-06-02,81.8405532836914,82.21813014404823,81.2619358062304,81.85526339025387,14270600
2023-06-05,81.36981201171875,82.33581554693065,81.2276043436767,81.79151917674653,10909000
2023-06-06,81.35018920898438,81.52671795428212,80.76667090866076,81.17366046368663,9975600
2023-06-07,80.13411712646484,81.8258467962362,79.967397589882,81.19328973931803,13703800
2023-06-08,81.00205993652344,81.12955004073457,80.1929665379161,80.251814455612,10665200
2023-06-09,81.40412902832031,82.23774156750507,81.12953041965983,81.3943272796188,14413600
2023-06-12,83.17432403564453,83.20865260560716,81.79642252517478,81.96314205348928,13787200
2023-06-13,83.67939758300781,84.07659293617158,83.00271018459436,83.91477426982755,16595800
2023-06-14,84.54244232177734,84.57186254119107,83.29203062092213,83.58133942149459,16769000
2023-06-15,85.6310043334961,86.01348201191632,84.17954501576641,84.19916347644205,17732600
2023-06-16,84.92489624023438,86.4499062028073,84.8415364812691,86.44499784611747,17366600
2023-06-20,84.35096740722656,84.96027868308396,83.89889509039168,84.43941291581602,14137800
2023-06-21,83.10284423828125,84.18880597557198,82.85715228393636,84.02664838595354,12058000
2023-06-22,83.78096008300781,83.8153605571186,82.71465785442946,82.72939877249874,15224200
2023-06-23,82.87188720703125,83.36327108017801,82.52300885593385,82.74904123874455,14729000
2023-06-26,82.27732849121094,83.67285708771959,82.21836481747573,82.94561095259766,10890200
2023-06-27,83.89889526367188,84.0905346972686,82.52792989431371,82.60655312294922,13833000
2023-06-28,83.94803619384766,84.4001085495046,83.36820670439343,83.43208152232987,11371600
2023-06-29,84.09544372558594,84.24777154103974,83.58931888808041,84.03648005455184,9128200
2023-06-30,85.43201446533203,85.64822460456496,84.86692591791115,84.93080073328517,11398400
2023-07-03,85.25020599365234,85.45658635728059,84.81778570914125,85.41727474069556,6182200
2023-07-05,84.72441101074219,85.35830043962525,84.58191297904288,84.65561756476265,9395600
2023-07-06,84.49837493896484,84.57699066100386,83.6335345152291,83.88905623114402,12116400
2023-07-07,84.12985229492188,85.14701320776093,84.08071089904878,84.36079586133734,11622200
2023-07-10,84.35096740722656,84.35587854728473,83.50578644594977,83.82518300197671,16877200
2023-07-11,84.53277587890625,84.62614002417051,83.70725448526714,84.52786473891685,9996000
2023-07-12,85.49098205566406,85.89392051503776,84.91115256291589,85.37796584058889,16104400
2023-07-13,86.60640716552734,86.79313543563087,85.90373182979722,86.07571168569848,9349200
2023-07-14,86.47866821289062,87.50074777772689,86.22805758768367,86.82263549482485,11543800
2023-07-17,87.58427429199219,87.83978853682319,86.54253526288,86.64081804711748,11858800
2023-07-18,88.57686614990234,89.00437527544479,86.92581581485192,87.3828067770682,16406000
2023-07-19,88.3557357788086,89.16652369347084,88.01667969612467,88.79798577714885,20990000
2023-07-20,86.59169006347656,88.16411738175367,86.32142736082154,87.79066823676439,24356000
2023-07-21,86.54745483398438,87.57935659829012,86.4442609085919,87.14202519624354,14871400
2023-07-24,86.69979095458984,87.1420335390713,86.36564594802147,86.93074202588613,11308200
2023-07-25,87.69237518310547,87.98228988820753,86.96512160356092,86.97986252091029,10802200
2023-07-26,86.5130615234375,86.98479343898558,85.90375019251326,86.77349443060824,15501600
2023-07-27,86.26246643066406,87.94791002456003,85.86935771407612,87.68256595217012,13857000
2023-07-28,87.43685913085938,87.6972920181758,86.88159288156169,87.06340253929328,11287400
2023-07-31,87.63832092285156,87.74642597989434,87.13710724910082,87.51547494875052,10138400
2023-08-01,87.78572845458984,87.97245673107288,87.12236470558229,87.35331573241456,8845800
2023-08-02,85.61381530761719,87.06831495936846,85.3042485473608,87.01426243012952,15818600
2023-08-03,85.26496124267578,85.7661675680406,84.86202272840261,84.91607527305082,11321000
2023-08-04,84.10527038574219,85.48605794937977,83.97259463290999,84.9750144929493,14431800
2023-08-07,84.34114074707031,84.74899032468765,83.73182195076414,84.45907559413976,9536000
2023-08-08,83.69251251220703,83.80061007607664,82.85224271334624,83.7514761830311,11461800
2023-08-09,82.61146545410156,83.80553232520764,82.32646186963149,83.80553232520764,14301800
2023-08-10,82.62130737304688,83.96278362468766,82.2134577438528,83.24044852812916,12731400
2023-08-11,82.01197814941406,82.49353981829451,81.72698205695703,81.96284425323225,10772000
2023-08-14,83.31906127929688,83.3288910577058,81.73189322179736,81.92844380243187,10328000
2023-08-15,82.49844360351562,83.36819521576444,82.30680418026657,83.07336187326281,9366400
2023-08-16,81.71222686767578,82.7932774650095,81.70731572784187,82.32154561363448,9779400
2023-08-17,80.93584442138672,82.22817896308582,80.81299844797542,82.07585115572353,12614800
2023-08-18,81.05870819091797,81.38793457218982,80.06611040841524,80.11524430981301,13658600
2023-08-21,82.60655975341797,82.77362850423549,81.3977518843734,81.47637511931967,13132800
2023-08-22,82.51318359375,83.39767611339362,82.33137395007333,83.34853472422103,11361800
2023-08-23,84.00208282470703,84.24777479406735,82.70974816446001,82.71465930459462,10113200
2023-08-24,82.0660400390625,85.06348547104321,82.00216521695218,85.05857433024238,13929000
2023-08-25,82.90138244628906,83.35836588188306,81.66309289828446,82.3952501227854,15686600
2023-08-28,83.5794906616211,83.75638917593045,82.93577891447208,83.53035676748854,8963800
2023-08-29,85.255126953125,85.33866133626753,83.25027926392875,83.33873228591354,13713800
2023-08-30,85.89883422851562,85.98728724577678,84.97502992651407,85.2698633201517,12266600
2023-08-31,86.31649780273438,86.6457241164765,86.00201240618046,86.09537654698796,11963400
2023-09-01,86.58184814453125,86.97004565335074,86.13960560068317,86.85702194940774,9244600
2023-09-05,86.89143371582031,87.16169641570409,86.08556425484632,86.36564923623509,10060400
2023-09-06,85.97254943847656,86.76858913302382,85.44185380947008,86.55237896958508,18143200
2023-09-07,84.72931671142578,84.9160449804935,84.06595298876161,84.37552722475856,12513600
2023-09-08,84.9062271118164,85.45166358139655,84.6851058399161,84.72441745459764,8584800
2023-09-11,85.3484878540039,85.73176677279726,84.6015820772599,85.6531435335769,8272800
2023-09-12,83.80062103271484,84.93572432995387,83.6482931978873,84.63597980086837,12243000
2023-09-13,84.01190185546875,84.4639741215084,83.53034775654523,83.76620991753919,10008800
2023-09-14,84.62123107910156,84.83252257298126,83.9971713797722,84.52786693141562,9473200
2023-09-15,82.9947509765625,84.3411457770202,82.77362968580353,84.31657507850821,13116800
2023-09-18,83.39363098144531,83.66939258799248,82.72884263328037,82.75346581542355,9943800
2023-09-19,83.34930419921875,83.5610545437169,82.58603816912319,83.03907615644896,8236600
2023-09-20,82.0394287109375,83.68415488992044,82.0049547573116,83.57581891272379,10760400
2023-09-21,80.78865051269531,81.75382361866589,80.74925492531489,81.17767724186457,14741200
2023-09-22,80.96099090576172,81.70456276156521,80.77878540720798,81.14318889037679,12537800
2023-09-25,81.22198486328125,81.34509324157192,80.5473533547089,80.75417452856453,10577400
2023-09-26,79.75946044921875,80.73447674686689,79.48369887121237,80.69015953196002,14926000
2023-09-27,79.882568359375,80.30113986818415,79.08975007034006,80.1435575308642,11665200
2023-09-28,80.44886016845703,80.96099522694439,79.12914196762242,79.50338873041005,12829400
2023-09-29,80.72461700439453,81.99509628816074,80.448855457023,81.24167366268546,15883800
2023-10-02,81.59131622314453,81.82768222359316,80.64091556298163,80.76402395066482,13656200
2023-10-03,80.20758819580078,81.68488901464913,79.79393825592844,81.12843663508862,14838800
2023-10-04,81.20722198486328,81.4238939583014,80.2715936917386,80.2715936917386,15194200
2023-10-05,81.3155517578125,81.44850340176635,80.34052795184785,81.20228663511779,12023000
2023-10-06,82.8371810913086,83.19173388570013,80.52274466576529,80.75911069071283,16625600
2023-10-09,83.26559448242188,83.39363202559349,81.95079769006786,82.32997366078789,13139200
2023-10-10,83.39363098144531,84.06334096046281,83.09324619275496,83.32469057980852,20402800
2023-10-11,84.166748046875,84.20614363562883,83.38378044448586,83.64969127614887,10389200
2023-10-12,84.24552154541016,85.10728014446639,83.60535651189493,84.24059991557633,15405800
2023-10-13,83.03907775878906,84.55577410072358,82.7485362333392,84.41296415341192,15183200
2023-10-16,83.83682250976562,84.21599849521097,83.16219086524936,83.17696327250587,14544200
2023-10-17,83.44779205322266,83.88112846444146,82.18715586311997,82.78300376021278,15317800
2023-10-18,82.59095001220703,83.53642146248578,82.25116968349423,82.86178994914762,12862800
2023-10-19,82.11820983886719,83.47733114227803,81.97540742637645,82.92087886869669,19991800
2023-10-20,80.72955322265625,82.13791340352624,80.64584042514956,82.07881627109737,15350400
2023-10-23,80.82311248779297,81.64547552835612,79.77914836182354,80.22726464866264,15159000
2023-10-24,81.37957000732422,81.50267840123736,80.50303884377786,81.1432039949142,11180400
2023-10-25,80.41931915283203,81.86707494353752,80.17803153034072,81.76858973962642,15529600
2023-10-26,78.88292694091797,80.91667978735855,78.54314660915591,80.56212705107981,20646400
2023-10-27,79.34088897705078,80.14355804581047,78.99126537402722,79.36551215665766,16231600
2023-10-30,80.19280242919922,80.47840726099591,79.51816339150213,79.75945852340129,14180800
2023-10-31,80.76402282714844,80.8329632227344,79.60680850738834,80.2321936980826,10893600
2023-11-01,82.32503509521484,82.4333710744519,80.90683161837062,80.90683161837062,20945800
2023-11-02,83.71862030029297,83.79248983689483,82.95535435298173,83.06861195904416,16192600
2023-11-03,84.58037567138672,84.92015599028974,83.45270625696811,83.63490424840467,15661800
2023-11-06,85.13682556152344,85.16637036861549,84.42772013555908,84.69363842726509,11099200
2023-11-07,86.06753540039062,86.31867380625899,85.23532149737903,85.36335902949754,13029800
2023-11-08,86.55504608154297,86.69784850308501,85.96904896229954,86.36299730005425,10722400
2023-11-09,86.15125274658203,87.31832543291756,86.03799512783675,86.68308191112605,14374600
2023-11-10,88.40167999267578,88.46076961888922,86.57474807152789,86.67323328653036,13346400
2023-11-13,87.88461303710938,88.10620662367096,87.51528788819361,88.03234459946356,11725000
2023-11-14,89.6426010131836,89.86912375453399,88.95319704201238,89.22895863048086,16508400
2023-11-15,89.75587463378906,90.17936783156345,89.41117261558675,90.04148702428253,13147800
2023-11-16,90.20397186279297,90.30246458152124,89.4160827105432,89.57858667971746,11553600
2023-11-17,90.01686096191406,90.36156296908985,89.62783422143407,90.0020885554594,13277800
2023-11-20,91.3218002319336,91.55816623173858,90.12026116918709,90.13011194407804,11116200
2023-11-21,90.58314514160156,91.05095548612097,90.25321558254178,90.90815307044465,13350800
2023-11-22,90.98695373535156,91.76499968534222,90.74073694790921,91.15437934746676,11213400
2023-11-24,90.80967712402344,90.91308396668794,90.46497512524171,90.83430030549499,4193800
2023-11-27,90.80474853515625,91.33165606890054,90.51914367294616,90.68164014098498,8420000
2023-11-28,90.97709655761719,91.21839169734844,90.49943542247827,90.49943542247827,11012400
2023-11-29,91.04603576660156,92.03582446455265,90.99186777732427,91.64188364865174,10765400
2023-11-30,91.17899322509766,91.54831836857527,90.41571975912275,91.42520998741607,13744000
2023-12-01,91.38581848144531,91.54832245349917,90.5043582252083,90.94262378113308,13992200
2023-12-04,90.27291870117188,90.47481073871637,89.28805163708196,90.47481073871637,18221800
2023-12-05,90.81459045410156,90.9180048012538,89.79032781281269,89.79032781281269,10841400
2023-12-06,90.04640197753906,91.51385189702758,89.97746157901115,91.38090024454225,14731400
2023-12-07,91.13958740234375,91.292240575601,90.28275046071921,90.47479921319422,13928800
2023-12-08,91.91765594482422,91.9915179779346,90.82937440204275,90.94263202412543,12808800
2023-12-11,92.72030639648438,92.74000794556243,91.43505457792885,91.64680490385133,37795400
2023-12-12,93.33584594726562,93.36539827013422,92.30174006504068,92.38053123147854,15055400
2023-12-13,94.1582260131836,94.38474124706563,93.33585534087369,93.55745645802519,29395000
2023-12-14,93.92677307128906,94.58663219009317,93.23243999911465,94.23207945170365,15427400
2023-12-15,94.39950561523438,94.9411855004649,93.8282809206166,93.8282809206166,18131200
2023-12-18,94.68180847167969,94.89401844237199,93.98100349323514,94.38076099125504,10138000
2023-12-19,95.04206848144531,95.05194098853367,94.60776853575499,94.66205602896628,9003600
2023-12-20,93.6059341430664,95.26909407372094,93.59112914603817,94.93350410039132,13734800
2023-12-21,94.6571273803711,94.86933734302197,93.86255996414745,94.55842489703308,11336000
2023-12-22,94.780517578125,95.0568875734522,94.31167508387226,94.92857508434102,10215000
2023-12-26,95.17533874511719,95.37274374065265,94.83974121608544,94.83974121608544,6207600
2023-12-27,95.1703872680664,95.36779977035376,94.76570481678205,95.2246747648808,11764600
2023-12-28,95.28389739990234,95.60468234522622,95.23947488259013,95.50597986439708,9615400
2023-12-29,94.99272155761719,95.52572402798464,94.51894660430197,95.33325154122838,12190600
2024-01-02,92.50537872314453,93.84775356187306,91.91808878988621,93.69969607382629,23545400
2024-01-03,91.56275939941406,92.1648543650434,91.39989690570935,91.66146188727588,18190000
2024-01-04,90.89157104492188,91.63185099237735,90.8027410658754,91.00014603965671,12127200
2024-01-05,90.86688232421875,91.65158469485307,90.52141989748584,90.99520231880248,16350600
2024-01-08,93.14696502685547,93.21111750439263,91.23210506815713,91.3258750705392,16434600
2024-01-09,93.29501342773438,93.5615184332298,92.23394848610347,92.43135346530826,10633800
2024-01-10,94.0895767211914,94.29192171073782,93.14201930810482,93.33943180907093,9785400
2024-01-11,94.56829833984375,95.0272758477029,93.24072835812947,94.55349334254353,13296600
2024-01-12,94.8742904663086,95.09143294743778,94.40050793812259,94.72129293590797,8834600
2024-01-16,95.11116027832031,95.51091021155237,94.20801791447332,94.75582533088817,11775600
2024-01-17,94.64232635498047,94.75583383905538,93.61580391806199,94.40543134841053,14109000
2024-01-18,96.5621109008789,96.65094087325359,95.54546105428079,95.90572849310557,18918800
2024-01-19,98.78788757324219,98.80763258834867,96.98160274735658,97.1938202419088,18333200
2024-01-22,99.2221908569336,99.82921830770998,98.84711086253755,99.27153833531612,14969000
2024-01-23,99.6219482421875,99.68610825243033,98.7385507490447,99.31596824967731,13263800
2024-01-24,100.30793762207031,101.31471508477561,100.02169512519396,100.30793762207031,17651200
2024-01-25,100.72742462158203,101.73913449280415,100.26351466455425,101.23080954768227,17071400
2024-01-26,99.56765747070312,100.46586746253452,99.34063496304239,100.0216949555072,10553000
2024-01-29,100.48067474365234,100.50041223017186,99.49363474629041,99.69103973355577,7639600
2024-01-30,99.65155792236328,100.59911542275212,99.3455779308208,100.44612542698087,12251600
2024-01-31,97.55902862548828,99.10868863318464,97.50968114448668,98.70399862417713,16295200
2024-02-01,98.78788757324219,98.9260725569203,97.88474516029939,97.94890516362022,14303400
2024-02-02,99.80947875976562,100.12533123085122,98.08709139979693,98.11670139231794,12872200
2024-02-05,100.0364990234375,100.3227415171693,99.09881406817463,100.21416651849458,10086200
2024-02-06,99.5775375366211,100.31781757400086,98.93595999812172,100.14508255307173,12677200
2024-02-07,100.89522552490234,100.91990302991012,99.87857557492676,100.27832555229412,11365800
2024-02-08,101.21107482910156,101.48251231462272,100.94456983222007,101.0679498228645,9948200
2024-02-09,102.57318115234375,102.70643364290873,101.51704879606976,101.6354962910738,11612200
2024-02-12,101.7934341430664,102.88411667421677,101.64538416507479,102.56826417030514,10753200
2024-02-13,100.06610870361328,100.73729617944365,99.28634622944881,99.58739371928118,19459400
2024-02-14,101.11238861083984,101.19134609436297,100.10067101867509,100.81134108401069,11791600
2024-02-15,100.90015411376953,101.34432659518993,100.33754166171725,101.2456165789741,10796400
2024-02-16,99.97235107421875,101.37394608174952,99.83909856426153,101.17160107228072,11090400
2024-02-20,98.9556884765625,99.74039096793777,97.96371602777128,99.38505597990448,17447600
2024-02-21,98.33385467529297,98.33385467529297,97.257984748199,97.99826470811337,15954400
2024-02-22,101.55160522460938,101.82797519990352,100.64352276654954,100.87547775235363,18551600
2024-02-23,101.3147201538086,102.48436770535298,100.99393515757056,102.35604768244355,12324000
2024-02-26,101.41342163085938,102.01057657914544,101.309779123441,101.75888410472534,18248800
2024-02-27,101.50225830078125,101.6897983120332,100.74717329723832,101.6897983120332,9984400
2024-02-28,101.0235366821289,101.29990666134684,100.65833672266969,101.16666169098492,8329000
2024-02-29,102.14876556396484,102.39059307038802,100.99393059308015,101.56147557016386,11986800
2024-03-01,104.01426696777344,104.16232446601784,102.36097957384307,102.41032705291309,13136800
2024-03-04,104.01426696777344,104.61142944950285,103.63426200991735,103.86621700004623,20443800
2024-03-05,101.45783996582031,103.03710242021351,100.8014574785768,102.98774740924104,18042800
2024-03-06,102.26229095458984,103.03218101325702,101.57629839918583,102.5189159538001,14303200
2024-03-07,103.87609100341797,104.19194351287598,102.62255347446467,103.13581097838973,12120800
2024-03-08,102.33137512207031,104.79897512471955,102.26721511223582,104.06362761294375,14912200
2024-03-11,102.05006408691406,102.27708659831596,101.31471658248961,101.86252407882195,15648400
2024-03-12,104.14259338378906,104.15245836189932,102.05499834427167,103.03217337445678,17382800
2024-03-13,103.0173568725586,103.8859492718742,102.5879893961467,103.82672928775537,12815400
2024-03-14,103.03709411621094,103.81685653752537,102.41032167385703,103.45164906510718,16023200
2024-03-15,101.48251342773438,102.02044838552035,101.06795093142904,101.55653841072618,19633400
2024-03-18,101.9813003540039,103.02928802049307,101.90220495273422,102.37182164047498,14176600
2024-03-19,102.51023864746094,102.52506809288344,100.97285661405381,101.48202102143419,13390200
2024-03-20,103.65708923339844,103.69168875501322,102.22846163489876,102.58932400977838,13357400
2024-03-21,103.73123931884766,104.76439750644195,103.64226265256407,104.76439750644195,12312000
2024-03-22,103.7658462524414,104.14647871499596,103.3654361687696,103.73618736371792,11507000
2024-03-25,103.07872009277344,103.51867787182873,102.48551969470317,102.78211612226215,8777800
2024-03-26,102.6535873413086,103.6175388895681,102.56955131330156,103.44946683355403,8538400
2024-03-27,103.1775894165039,103.35555029685703,102.38665049427827,103.30117315166711,12495000
2024-03-28,102.95514678955078,103.25174324714915,102.747527006346,102.93536916660571,8854400
2024-04-01,103.24185180664062,103.84494101684311,102.86615243723115,103.17264521905767,11654800
2024-04-02,102.24823760986328,102.3965396010783,101.41775852778333,102.09499498469039,11418200
2024-04-03,102.5201187133789,103.04906069817052,101.70940974664259,101.73412800122252,10670000
2024-04-04,100.89871215820312,103.85978137712196,100.84433500917613,103.49891141405504,16464800
2024-04-05,102.05545043945312,102.57450365327715,101.05689171354865,101.33866625986417,12808800
2024-04-08,101.93681335449219,102.45585901761011,101.56111396501683,102.1197148722403,8125800
2024-04-09,102.45092010498047,102.67336932761904,101.17059437332583,102.46080891617301,9400800
2024-04-10,101.1953125,101.57100435235309,100.76029532352064,101.28428917176014,13836800
2024-04-11,103.21713256835938,103.38520463046616,101.15575686183148,101.64514360402198,10563600
2024-04-12,101.54627227783203,102.4657354756671,101.17058047660171,101.98623002855705,16186800
2024-04-15,99.61837005615234,102.23339832927627,99.46512744572274,102.16913237924378,17189000
2024-04-16,99.73701477050781,100.35493344545559,99.3415528529033,99.83588779286151,14914000
2024-04-17,98.29850769042969,100.27089931074615,98.22435292225933,100.10282723828433,13090400
2024-04-18,97.1763687133789,98.520960426991,97.07255505141454,98.26884476634312,15280600
2024-04-19,95.17430114746094,97.12198193101504,94.93207432220777,96.80560788525183,21880000
2024-04-22,96.02457427978516,96.60294532782171,94.95186822902126,95.90593116366732,13293400
2024-04-23,97.44824981689453,97.59160363159712,96.28161904862424,96.42497286332683,12151600
2024-04-24,97.89315032958984,98.57533497980182,97.3543270400803,98.16997669693592,9160200
2024-04-25,97.68058776855469,97.86348928374714,96.24207127390144,96.67214026063077,11568000
2024-04-26,98.78294372558594,99.50466845373137,98.06615963096546,98.45174024856688,10104200
2024-04-29,99.20807647705078,99.44041449329768,98.62970552478262,99.29211250844507,7494800
2024-04-30,97.02311706542969,99.26739428807268,96.99345817703939,98.86698420889901,14929000
2024-05-01,96.02949523925781,98.12547793684766,96.00972516209889,96.50406006354396,20453600
2024-05-02,97.41364288330078,97.5471154302425,96.02950353114745,97.25545962351468,13340000
2024-05-03,100.12753295898438,100.46367706182478,99.69251584429512,100.048437566686,13316400
2024-05-06,101.3040542602539,101.3040542602539,100.35493209347499,100.50818225887761,8021000
2024-05-07,100.97285461425781,101.65009862793508,100.96297334614046,101.60066211553723,10020800
2024-05-08,101.25955963134766,101.36831391334837,100.58726386213957,100.61198211585828,7176000
2024-05-09,101.22989654541016,101.30899193684863,100.7256728536795,101.09642401522669,9589600
2024-05-10,101.60558319091797,102.2136204959651,101.28426855104205,101.75883333267014,8753800
2024-05-13,102.08511352539062,102.43609467844335,101.7637988070794,102.352058637392,6582000
2024-05-14,102.98973083496094,103.13309217942837,101.9911797719656,102.05049754597864,9825200
2024-05-15,105.30817413330078,105.34278120052925,103.56317235763227,103.63731958318934,14308600
2024-05-16,104.94236755371094,105.69870699798582,104.89787921668096,105.37244410719322,12066600
2024-05-17,104.71003723144531,105.24886053980244,104.136606854483,105.18459457979456,7616000
2024-05-20,105.94091796875,106.13865646713239,104.7199100844413,104.81383492830388,6276800
2024-05-21,106.11392974853516,106.28694243499912,105.3477091571895,105.53555882993216,6140400
2024-05-22,106.35121154785156,106.74173280532692,105.72340410418533,106.4154774994806,11783000
2024-05-23,105.48612976074219,107.57716438972591,105.14998563103141,107.56728312211257,9400400
2024-05-24,106.37594604492188,106.60333591271946,105.40210552638288,105.75307913975189,5906400
2024-05-28,106.8257827758789,107.0630614333301,106.1584275945413,106.97902539929431,8786400
2024-05-29,106.1485366821289,106.65770105311631,105.69869763154409,105.69869763154409,8569000
2024-05-30,103.72630310058594,105.12527190934352,103.404980858439,104.96708110527992,10450600
2024-05-31,103.8894271850586,104.05255861159499,101.60065412283136,104.0327809910106,12081000
2024-06-03,104.15142822265625,104.77923569948453,102.90570207968469,104.68531085535835,9628000
2024-06-04,104.36893463134766,104.5370066947377,103.56316629369493,104.09704891530357,6405400
2024-06-05,106.68737030029297,106.68737030029297,105.02640460128217,105.19447667046151,8788800
2024-06-06,106.3314437866211,106.82083052752658,106.04966926298877,106.74668330707188,7057600
2024-06-07,106.57861328125,107.03340050894796,106.0546119225359,106.44514073892974,6398600
2024-06-10,106.85050201416016,107.13721720531119,106.14854725359857,106.21775384850032,6734800
2024-06-11,108.83773040771484,108.86738929930613,106.52918698243774,106.57862349705862,12719200
2024-06-12,111.24513244628906,112.36727488086724,109.71763928008494,109.92031841737422,17821200
2024-06-13,112.12505340576172,112.58972190787067,111.44286878276068,112.27829602850485,12693600
2024-06-14,112.54522705078125,112.60949300225275,111.892708897736,111.96685611639386,7864600
2024-06-17,114.25068664550781,114.65109673206739,112.4364783569642,112.82205899905509,11602600
2024-06-18,114.39404296875,114.76973478368963,113.93925575815399,114.36438408111688,8677800
2024-06-20,113.10877990722656,114.97736543469063,112.72813987964602,114.9081588426717,13243000
2024-06-21,112.91104125976562,113.57838887819445,112.39692871721736,113.13349046590857,13560200
2024-06-24,110.14285278320312,112.24251245714491,110.11314186548914,111.73740418745342,13748600
2024-06-25,112.16327667236328,112.22269850692591,110.32607353989613,110.9500330275415,9126200
2024-06-26,112.03453826904297,112.5644006456843,111.16297764027186,111.99492118990018,9459600
2024-06-27,112.0890121459961,112.64363614824363,111.68294274707536,111.81664944625479,7923600
2024-06-28,112.02957916259766,114.08962189955751,111.87606770661674,112.48021492809232,12488200
2024-07-01,112.87638854980469,113.06456780023788,110.56874452780822,112.19796396656926,9281600
2024-07-02,113.44091033935547,113.45081649816683,111.89588203693246,111.89588203693246,7076600
2024-07-03,114.97107696533203,115.02554950157145,113.18339698389187,113.27748659704947,6249200
2024-07-05,115.32268524169922,115.83274287882423,114.62444835958945,115.0998382174023,6671800
2024-07-08,116.11004638671875,116.44678021499759,115.4959930128053,115.69407840254432,7671000
2024-07-09,116.01596069335938,116.98160338790521,115.3523916167161,116.70429138908028,8678600
2024-07-10,117.69964599609375,117.78383701290439,116.15957452936637,116.81323745265102,8749400
2024-07-11,114.7531967163086,117.9274444388829,114.42141216921463,117.87792119941824,14106000
2024-07-12,115.77826690673828,117.00636615191675,114.66901134439897,115.07012388635182,9767600
2024-07-15,115.98624420166016,117.13015991995881,115.32762445799443,116.36755195982134,8628000
2024-07-16,115.59999084472656,116.31803244937292,114.77300416283067,116.25861060948596,7652200
2024-07-17,111.10355377197266,113.06950689596653,111.0490812336686,112.95561251812536,12440400
2024-07-18,111.11345672607422,112.34155589692804,109.71203378665572,112.32175113638188,10837200
2024-07-19,109.37529754638672,111.2025947071512,109.13265332641852,110.5241701728455,8472800
2024-07-22,111.96520233154297,112.09395216249011,110.3508385847154,110.82127908738211,10601600
2024-07-23,111.51952362060547,112.52478338919076,111.37096146310043,111.4997188591579,5530800
2024-07-24,106.90424346923828,110.41027562780057,106.64673623331625,110.06362807490409,14300800
2024-07-25,105.76033020019531,108.38489563456571,104.2202511619703,106.79034405584328,21158000
2024-07-26,107.1023178100586,107.95406609197632,106.19609699070944,107.18650126678261,11697800
2024-07-29,106.62693786621094,108.41956735398136,106.31495807236898,107.95407609211739,7343800
2024-07-30,103.94788360595703,107.12708045590901,103.15060785382215,107.02308468120226,10694600
2024-07-31,108.35022735595703,108.74143371321618,106.40407905942031,107.15678841136766,14614000
2024-08-01,104.30937957763672,109.30596740993673,103.20012405200305,108.0531065868959,16991400
2024-08-02,101.37777709960938,102.3731306257447,99.65942516433087,101.53623784643109,18621600
2024-08-05,98.0005111694336,99.89218717746942,94.45981850483292,95.03425486335347,31430000
2024-08-06,99.33260345458984,101.34312309603328,98.19859378731843,99.25336929231975,24575800
2024-08-07,97.72319793701172,102.23449017058083,97.58949878674571,101.73928798272993,17653600
2024-08-08,101.37284088134766,101.62539127114908,98.05003095213692,99.49107109931195,14477200
2024-08-09,101.82842254638672,102.41275746803188,100.6993622264407,101.31340806868677,9535600
2024-08-12,102.66036224365234,103.4526887503976,101.66995788831356,102.14535530359782,8580200
2024-08-13,105.8147964477539,105.84946422675041,103.8042768391501,103.93303423978229,9999600
2024-08-14,106.39419555664062,106.93396414046688,104.96306150271519,106.46847286407143,8922400
2024-08-15,109.45452880859375,109.56347388429553,107.53809893761375,107.77084454877803,9518800
2024-08-16,109.63774871826172,109.85068956368613,108.5780164607748,108.87514076167894,6706400
2024-08-19,111.44524383544922,111.45019313665448,108.93456534252282,109.38025180510205,13004200
2024-08-20,111.05403137207031,111.82159621534632,110.4003684636792,111.15307784695894,7221600
2024-08-21,111.70770263671875,112.09395971175839,110.771770869325,111.12336016666828,7538800
2024-08-22,109.13760375976562,112.5941127214549,108.90980744140316,112.33165618110257,9083600
2024-08-23,110.90547943115234,111.39077543376436,109.48920094679923,110.22209803019895,10681000
2024-08-26,109.51394653320312,111.22239990334687,108.95437327214167,110.80642437712049,6268800
2024-08-27,110.17753601074219,110.41028164039118,108.30071551260984,108.83553477502542,7656000
2024-08-28,108.65726470947266,110.2468670799881,107.74609448424685,110.03392620694241,9002200
2024-08-29,107.67676544189453,110.21715509550128,107.39945342438303,108.68697458514154,13314800
2024-08-30,109.10789489746094,109.52881220776597,107.67676093005295,108.85038765362492,10048400
2024-09-03,104.09645080566406,108.0333065204081,103.50220216056765,107.95407236023719,14765800
2024-09-04,103.82904052734375,105.01257343932566,102.71483561855044,103.04167087194769,12330000
2024-09-05,103.67057800292969,104.95809911979964,102.98719658579567,103.08128620771244,8874800
2024-09-06,100.98162841796875,103.83399027654896,100.51613715618761,103.58638918463863,12441000
2024-09-09,102.6355972290039,102.74949916655433,101.2886467457968,102.23448468734762,10922000
2024-09-10,104.17072296142578,104.39356241423437,102.35828130703725,103.34373629048768,10123000
2024-09-11,107.72627258300781,107.88969019954847,102.87329754909345,104.5272709196295,12768800
2024-09-12,108.61763763427734,109.07817956242869,106.88938696885583,107.64704565293162,10604200
2024-09-13,109.1623764038086,109.43473913060174,108.31062799793878,108.75135766268185,8047400
2024-09-16,108.74639892578125,109.09303893154014,107.74113913098776,108.37499730042842,6897800
2024-09-17,108.533447265625,110.0041981601774,107.983772612548,109.83583125358778,6990000
2024-09-18,107.54304504394531,109.5684199304578,107.4390568287097,108.80581197938568,12741600
2024-09-19,110.73709869384766,111.4254293572806,109.95963527333852,110.56378248080456,13934000
2024-09-20,110.19733428955078,110.6925364415934,109.21187928675928,110.3013300662012,14492800
2024-09-23,110.17699432373047,110.43992229644894,109.83965563033995,110.29605904656368,7490600
2024-09-24,110.93106079101562,111.15430053290987,109.44774394372656,110.63836851675966,7025800
2024-09-25,111.24855041503906,111.73471810334074,110.66316591255956,110.71277053476962,6111600
2024-09-26,112.7219467163086,113.54546068226188,111.53628796089698,113.42143776822401,9244800
2024-09-27,111.67022705078125,112.91541429589259,111.25350433561894,112.88068424889681,6093800
2024-09-30,111.99765014648438,112.06710267591421,110.62843989354263,111.18406012898137,5500400
2024-10-01,109.26914978027344,111.72976782279271,108.61927089617436,111.6652734826198,11295400
2024-10-02,110.07777404785156,110.57882388073666,108.67383379380342,109.29394834578099,4532400
2024-10-03,110.53417205810547,111.3428038167633,109.74043001214594,109.75531215508686,5784800
2024-10-04,111.76448059082031,112.04229826370515,110.58874584374335,111.96292178573805,5009200
2024-10-07,110.99555206298828,112.00261753927,110.71773437146395,111.26343823190344,4430400
2024-10-08,113.06920623779297,113.2577234842447,111.54124307069009,111.7942546529822,7864800
2024-10-09,114.33424377441406,114.4929891669638,112.80628057611382,113.15850898013514,7579800
2024-10-10,114.30447387695312,114.60212431203594,113.25275447767284,113.57025281694901,5692200
2024-10-11,114.5029067993164,114.76087656394814,113.8629519335125,114.03162126933586,8849000
2024-10-14,115.99615478515625,116.23427666080323,115.17759900987295,115.23216939489183,9810200
2024-10-15,113.44623565673828,116.36822276199258,113.02456229323754,116.08544688609395,14179400
2024-10-16,113.79846954345703,113.97210465840068,112.57312249504874,113.80342773511664,5758800
2024-10-17,114.1457290649414,115.45045256257724,114.1457290649414,115.38595822398443,6051200
2024-10-18,114.55252838134766,114.97420175547701,114.30944073996149,114.74103806694039,4537000
2024-10-21,115.08830261230469,115.10318475596591,113.9869785628275,114.19533614384241,6322400
2024-10-22,114.96923828125,115.36114734858114,114.15069009808917,114.47810482949886,6169200
2024-10-23,113.32221984863281,114.71624384057375,112.35484257787964,114.54260872310799,6083600
2024-10-24,113.65460968017578,113.93737800837887,112.97992467617597,113.78359079499984,4832800
2024-10-25,114.24494171142578,115.52982482628585,114.08123812979774,114.29951209522106,8314800
2024-10-28,114.21022033691406,115.0634985810052,114.18541424044764,115.0634985810052,5899200
2024-10-29,115.74810791015625,116.08048840871729,114.00186317510078,114.42850229872917,7451600
2024-10-30,113.90760803222656,114.99900818634148,113.83319731003436,114.69143377493624,8341200
2024-10-31,110.25141143798828,112.65745140773114,110.21172319746728,112.65745140773114,12110200
2024-11-01,111.07989501953125,111.90836725505132,110.22165092323819,110.37047994806856,11565800
2024-11-04,110.99555206298828,111.79425994794532,110.52425892453687,111.18406174861077,6311800
2024-11-05,112.55823516845703,112.64753560252666,111.3378463678915,111.3378463678915,7273000
2024-11-06,115.76300048828125,115.97631628444343,114.38882436846924,114.73112885045839,10967800
2024-11-07,117.7820816040039,117.916028472413,116.51208815914768,116.56665854481375,10463000
2024-11-08,117.6530990600586,118.04004994650776,117.2264599327226,117.63325115473621,7236400
2024-11-11,117.00321960449219,117.71262703611131,116.30372855572574,117.63821631592675,7267200
2024-11-12,117.15204620361328,117.30087522029393,116.2293153839031,116.92384827182674,7530800
2024-11-13,116.74524688720703,117.60844906841625,116.38310210849184,116.90399227619214,6329600
2024-11-14,116.34838104248047,117.13716499651585,116.15986378185882,116.93377316084113,6602000
2024-11-15,113.46112823486328,115.05853643483007,113.0840937241468,114.90971499087155,11229800
2024-11-18,113.82823944091797,114.30944899714683,112.97000291651085,113.46113642630611,6166800
2024-11-19,114.7608871459961,114.85514577463525,113.11385916500465,113.11385916500465,6906800
2024-11-20,114.66167449951172,114.8997963906965,113.13371118903912,114.86010814720596,8874400
2024-11-21,115.82748413085938,116.36822981882915,114.00187036927126,115.77291374289025,10591800
2024-11-22,115.88701629638672,116.15490246554324,115.20240737444723,115.6191225574721,7090800
2024-11-25,115.88204956054688,116.96353332045429,115.35619360975804,116.76013392220335,11137200
2024-11-26,116.46247863769531,116.82463100986214,115.96638696380364,116.40790825077691,6229400
2024-11-27,114.8849105834961,115.74314705856595,113.86792113952457,115.67369452711102,6369400
2024-11-29,115.95149993896484,116.19458757405357,115.03869311416464,115.15279207482519,4168400
2024-12-02,117.05281829833984,117.4893813539948,116.00606465880898,116.035828945375,9398200
2024-12-03,117.47450256347656,117.50426685089207,116.3285320794334,116.55672999612406,5576000
2024-12-04,119.62258911132812,119.68211769055102,118.59567570118324,118.94293836291402,10840000
2024-12-05,119.01734924316406,119.57296946732396,118.85363809074028,119.43406441128398,5638000
2024-12-06,119.47872161865234,119.99466121883988,119.09673646497025,119.22571758013788,6654200
2024-12-09,118.6998519897461,119.45887161361934,118.3972357784807,119.03223248904449,8032400
2024-12-10,117.05281829833984,118.62046966204855,116.68074957674959,118.29801313124001,11234400
2024-12-11,118.74945831298828,119.12649281949093,117.57372350030776,117.98052229526947,8689600
2024-12-12,118.08470153808594,118.521264637157,117.70270882639875,117.9904429080812,7218200
2024-12-13,118.59071350097656,119.61761930665236,117.64813479984399,119.15129193247996,8677000
2024-12-16,119.7763671875,119.8805421931964,118.49149165219282,118.74449566435611,9442600
2024-12-17,119.05207824707031,119.51840563351543,118.47165189471572,118.92805532811185,8145000
2024-12-18,115.21233367919922,119.78133378084736,114.94443993481593,119.4539114576048,16927200
2024-12-19,115.33635711669922,116.76013781237671,115.18752809912385,116.38311086164296,13383400
2024-12-20,117.05779266357422,118.00036379964993,114.19534163553746,114.5525282400996,14924800
2024-12-23,118.29806518554688,118.34775108928741,116.76759832213595,117.39369530082894,7973400
2024-12-24,119.52044677734375,119.52541309309818,118.54154424025774,118.72043017551613,4653400
2024-12-26,119.59994506835938,120.03722345373762,118.75520893655582,119.13781994160084,7150800
2024-12-27,118.00985717773438,118.94900641719505,116.84709483855728,118.79496722914952,8726400
2024-12-30,116.50920867919922,117.4384177473239,115.57005939721992,116.29056946736716,7950400
2024-12-31,115.54023742675781,116.90672481315605,115.1625851510247,116.82721827277423,9381200
2025-01-02,115.26693725585938,116.7824974944553,114.17871518975015,116.45453870535043,12766600
2025-01-03,117.1452407836914,117.2694669138968,115.7439663955371,115.97254581126599,9117600
2025-01-06,118.63595581054688,119.7838040546675,118.1688643420632,118.48191662033659,8975400
2025-01-07,116.25579071044922,119.25709082677186,115.84832534402017,119.25709082677186,10006800
2025-01-08,116.21602630615234,116.54397751207293,115.09799118673347,116.52410466832295,10023800
2025-01-10,113.68181610107422,115.01352416468495,113.0109919625391,114.99364373776586,11665800
2025-01-13,112.87683868408203,112.95634523129817,111.53022402594452,111.85321653069951,10656000
2025-01-14,113.17498016357422,114.06444357440198,112.27558412067602,113.75139127445946,7220200
2025-01-15,115.42594146728516,115.76384046561316,114.34269331081427,114.7203379963236,10465400
2025-01-16,114.53649139404297,116.43963660775995,114.5116446517118,116.36509638076645,5368400
2025-01-17,116.33031463623047,116.74274628760594,115.81850359971706,116.60361363198061,6742600
2025-01-21,117.29927825927734,117.58748378700504,115.90794410485992,116.7179008882643,6744200
2025-01-22,119.94778442382812,120.22604974801683,118.71546331006608,118.88440903087188,10243800
2025-01-23,120.16145324707031,120.18629240704803,118.90925174845012,119.02353766369558,7604400
2025-01-24,118.90925598144531,120.53910223924868,118.52663736893714,120.53910223924868,6607600
2025-01-27,113.08056640625,114.77500507424563,112.03706387076954,113.58243724697768,20705600
2025-01-28,116.09676361083984,116.35515606613104,112.64327895537002,113.84578689961185,11260600
2025-01-29,115.15265655517578,115.92285249785996,114.03462138167274,115.86819269720225,9050000
2025-01-30,115.36631774902344,115.76384286853573,114.15884344410492,114.94891978550797,8840200
2025-01-31,114.69052124023438,117.13529035970932,114.38244289047147,116.43962712406383,10741800
2025-02-03,113.14515686035156,113.83585383481535,111.55506392440915,112.1513478276174,13752800
2025-02-04,114.77500915527344,114.95389509394036,113.49299452518736,113.53274779846463,8371200
2025-02-05,116.37006378173828,116.3949105226823,114.51661215615947,114.87935031102741,5398000
2025-02-06,116.68809509277344,116.92660715112405,115.85329151530384,116.37007648758541,6808000
2025-02-07,115.68931579589844,117.72165349477744,115.30172328864586,117.16014895210061,8552800
2025-02-10,117.3787841796875,117.6719560214206,116.56882740057155,116.60361435577435,6054200
2025-02-11,117.43344116210938,117.90549891974158,116.64833114380612,116.72783768336717,6456200
2025-02-12,117.1800308227539,117.31916348567182,115.64956394849534,115.77875639773013,8555600
2025-02-13,118.83968353271484,118.91421617578682,117.22474388742617,117.38872328434559,7829600
2025-02-14,119.24217987060547,119.34155925950638,118.52166982337208,118.74030902825092,4557000
2025-02-18,120.33039855957031,120.34530508837153,119.30180257931907,119.85834078915559,6024000
2025-02-19,120.34033203125,120.81736370270467,119.35646321269118,120.19623305777793,5604200
2025-02-20,119.95772552490234,120.38506372797116,118.6906174451619,120.22605063745185,5987400
2025-02-21,116.70795440673828,120.0421868498402,116.64832829460435,119.99249336828811,9057600
2025-02-24,115.03836822509766,117.48811156917176,114.8942692435223,117.16015275048927,7447600
2025-02-25,113.54765319824219,114.89923414757328,112.77248333245319,114.7948884406502,10433600
2025-02-26,114.78495025634766,115.86819852842018,113.90542708592362,114.66072411970659,7630600
2025-02-27,110.6059799194336,115.5303057385908,110.55629401464942,115.41104591921795,10100000
2025-02-28,112.0668716430664,112.1811575554332,109.16991748878108,110.10906669355042,14172200
2025-03-03,108.6581039428711,112.87185189601348,107.85312109518156,112.64328007657214,12516200
2025-03-04,108.57363891601562,110.49169068939737,106.46676099648832,107.85312886984734,17721000
2025-03-05,110.0991439819336,110.45690827974198,107.45064183984283,108.91153483719856,11931000
2025-03-06,107.04317474365234,109.54260396503022,106.52639735990901,107.83822503789295,16432000
2025-03-07,108.593505859375,108.86680485021708,105.65680603315822,106.91894012428222,11263400
2025-03-10,103.97727966308594,106.6456547363916,102.89899767273559,106.44689594433291,21561800
2025-03-11,103.55489349365234,105.2990331197865,102.50642470825962,103.65924677351985,14832800
2025-03-12,105.18475341796875,106.09906356904378,103.92758549017266,105.40339263709187,10981600
2025-03-13,103.18718719482422,105.11517144112872,102.7846957750419,104.8816333087213,12383000
2025-03-14,106.30775451660156,106.41707411787746,104.50398867771041,104.53877563364424,10040800
2025-03-17,107.04814147949219,107.80841240175475,105.91519973415889,106.2232857050208,10148800
2025-03-18,105.41828918457031,106.39719167975196,105.03070427179559,106.28787208054256,11486600
2025-03-19,106.78975677490234,108.04195075963909,105.51768236250602,105.95992710091195,8838600
2025-03-20,106.02947998046875,107.1972009548968,105.41828201315097,105.57729508560585,7145200
2025-03-21,106.31769561767578,106.46179459392731,104.32013730205642,104.70772222539374,10425400
2025-03-24,108.3311996459961,108.59003819026827,107.8035572962837,108.08728620705566,8200200
2025-03-25,108.68960571289062,108.83395769387576,108.20676143868775,108.26151720984912,7481800
2025-03-26,106.26542663574219,108.61493456846385,105.84729579910712,108.35608841439144,7873000
2025-03-27,105.28480529785156,106.13600726751407,104.72729751613859,105.53867641632533,6577800
2025-03-28,102.73121643066406,105.16036294865941,102.38276646534176,104.73725706937005,10667600
2025-03-31,102.7809829711914,103.01493874638074,99.91876549582787,100.93920976700869,14219000
2025-04-01,103.53263092041016,103.62222712589056,101.53654048295239,102.37280971147041,9480200
2025-04-02,104.29920959472656,105.16036163995058,101.97459201887831,102.05423815827359,9292000
2025-04-03,97.18099975585938,99.90384050229656,97.10136120991733,99.301534597088,19451400
2025-04-04,90.77957916259766,94.89619663053405,90.7447387260426,94.14953121193601,33804600
2025-04-07,91.3221664428711,95.47859959349155,85.84163713098569,87.07612189234928,44557800
2025-04-08,89.46544647216797,95.9913023990414,87.82776369672011,94.72196969468443,25811400
2025-04-09,101.476806640625,102.03431437929372,89.53513519233341,89.64962935653904,36988800
2025-04-10,96.7529067993164,98.65939349741932,93.4476680369918,97.98739914818341,19747600
2025-04-11,98.73406219482422,99.15716804985739,95.54828512126852,96.27006018789159,14423200
2025-04-14,99.6350326538086,101.86009615020595,98.5598326564609,101.79538271841542,11904400
2025-04-15,99.9984130859375,100.75503619107835,99.53050152875136,99.78934767441311,7200000
2025-04-16,96.52393341064453,98.35077396650227,94.84641986837903,97.3153969645783,13222400
2025-04-17,96.00126647949219,97.21584349829719,95.59308571936398,97.21584349829719,7480800
2025-04-21,93.5223388671875,94.72197558351554,92.18331761244741,94.48304476640327,8973400
2025-04-22,95.80216217041016,96.35469492928225,94.21425236808972,94.7667851269618,9312800
2025-04-23,98.57975006103516,100.52605988135298,98.17655192135004,99.47575014670983,13413800
2025-04-24,102.25831604003906,102.39770057502967,99.39112351865045,99.5504157897977,9317000
2025-04-25,103.77156829833984,103.9657010179745,101.85014883931338,101.94970271686145,6518400
2025-04-28,103.6023178100586,104.14986789130556,102.05423121002927,103.63715824650076,5574400
2025-04-29,104.08516693115234,104.51823046227878,103.10454569764578,103.10454569764578,9144400
2025-04-30,104.51823425292969,104.90649969398123,101.44695116385577,102.0393069918758,10203800
2025-05-01,106.05138397216797,107.79360335065074,105.95680513348883,106.80302445537143,11532800
2025-05-02,107.82347106933594,108.3262230806981,106.97725172927657,107.26596328679778,8125400
2025-05-05,107.25102996826172,108.01760316484243,106.84284920448418,106.89760497534522,6757000
2025-05-06,106.36000061035156,107.14151407220001,105.33458130269511,105.65813328387752,7958200
2025-05-07,107.42524719238281,107.89315876168855,105.62827201829998,106.36000477532512,8169400
2025-05-08,108.45066833496094,109.48107033065124,107.52480284720727,108.49049140486662,8704400
2025-05-09,108.31626892089844,109.13262282685727,107.75875356393304,108.93350748670049,7330000
2025-05-12,113.34381103515625,113.3836341029782,111.77083403581997,112.910747515237,13478200
2025-05-13,115.79287719726562,116.17119255839958,113.6225692880074,113.75199616227906,12757200
2025-05-14,116.54452514648438,117.00247905029535,115.86256552839158,116.335459729232,10248000
2025-05-15,116.70380401611328,117.36087323373185,115.77296355329375,115.91234049118736,9536400
2025-05-16,116.9228286743164,117.0821209457685,115.91234206314712,117.0821209457685,8111600
2025-05-19,116.75359344482422,117.01741463944866,115.15572597967947,115.1955490499684,11863000
2025-05-20,116.31554412841797,116.33545946076205,115.4344767613011,116.0268325732194,10273200
2025-05-21,114.13030242919922,116.83323531067575,113.66737349554188,115.2254102379178,18643600
2025-05-22,114.16017150878906,115.18559087894667,113.90630798171743,114.18506187704486,11372000
2025-05-23,112.90079498291016,113.6375027824299,112.04960060536766,112.17404484966706,12004000
2025-05-27,115.58380889892578,115.74310117237488,114.27466065558174,114.65794344705552,14208400
2025-05-28,115.10594940185547,116.18612451646868,114.93669945931205,115.72318798422086,10789200
2025-05-29,115.30008697509766,116.96763533938737,114.70773113991932,116.84817372252728,14011800
2025-05-30,114.94168090820312,115.30008093094392,113.20443656451441,115.2453251609287,13494000
2025-06-02,115.95714569091797,116.02683416413014,114.49866278887966,114.63803973530399,12878800
2025-06-03,117.69935607910156,117.78895987805062,116.02682525496147,116.11144642340186,14312400
2025-06-04,117.87358856201172,118.24193866041759,117.29119041586634,117.84869819430148,10899200
2025-06-05,117.54006958007812,119.25242344429456,117.03233498185739,118.22202154750599,15885200
2025-06-06,118.65011596679688,119.19767365857449,118.31162368584155,118.67500633378197,9026000
2025-06-09,119.23251342773438,119.96922119442786,119.0234480180838,119.11304422415967,11100600
2025-06-10,119.8995361328125,120.07873614553174,118.76460525074862,119.21260908028358,9831600
2025-06-11,119.63571166992188,120.67606368407249,119.01847310616387,120.18824439438261,9599600
2025-06-12,120.74575805664062,121.02451193255528,119.59091189016742,119.61081962610128,11210400
2025-06-13,119.05330657958984,120.25792583006113,118.61526045379188,119.34699314326205,13193800
2025-06-16,120.97970581054688,121.33810581988752,119.77011147562729,119.77011147562729,13866200
2025-06-17,120.12353515625,121.32317181258185,119.83979865379698,120.47197749616949,10525400
2025-06-18,120.26789093017578,121.02451403183518,119.65562739956631,120.4172255364271,11066000
2025-06-20,119.73526763916016,121.10415429085307,119.17278483447754,120.69598112981278,11490600
2025-06-23,121.10044860839844,121.20515076132438,119.0412200428161,119.85394368648414,12277000
2025-06-24,123.27434539794922,123.42391989230272,122.18738922125587,122.33198804321329,11329400
2025-06-25,124.32640075683594,124.51088104595384,123.80286718148665,123.91256022043838,9228600
2025-06-26,125.18399810791016,125.383435849257,124.39121520711042,124.88483388782775,11288400
2025-06-27,125.03441619873047,126.00170522274705,124.4660102661105,125.52304399145869,12196600
2025-06-30,126.26097106933594,126.60500763594355,125.52304230540464,126.13133729979972,13365200
2025-07-01,125.1341323852539,126.12136211903483,124.27653641996964,125.85710369336651,15144800
2025-07-02,126.45542907714844,126.54019049900074,124.73027052309592,124.8200152257411,11950200
2025-07-03,128.12075805664062,128.50469131217787,127.09363921488116,127.14350245514733,7112800
2025-07-07,127.10360717773438,127.96121074167179,126.5352012635436,127.62714074271425,11560800
2025-07-08,127.78669738769531,128.03100747281528,127.25817293256334,127.77173993791499,15715200
2025-07-09,128.55453491210938,129.03817941540967,127.6022109635234,128.24042846310422,12933600
2025-07-10,128.1307373046875,128.9883332855102,127.45762161469521,128.87364935677473,9988600
2025-07-11,127.56731414794922,128.31521708583114,127.36288551899325,127.5224341895491,9239000
2025-07-14,127.46260833740234,127.77672240756056,126.24601830347252,127.25319642127609,8125200
2025-07-15,128.5944366455078,129.2525949015491,128.54956429388565,128.94843978572146,15657000
2025-07-16,128.99331665039062,129.0681039057108,127.04877193143975,128.63931349779162,17782600
2025-07-17,130.16502380371094,130.36945242907356,128.89359491810984,129.14787156555568,11955000
2025-07-18,130.0802764892578,130.70850463044417,129.73124902050174,130.66363227865403,10281000
2025-07-21,130.2498016357422,131.13731255778328,130.07528789828115,130.22486240689062,9246600
2025-07-22,129.0431671142578,130.23980872926,128.1157748078713,130.15006403176267,13448800
2025-07-23,129.78111267089844,129.9506355169045,128.6093949833752,129.37724628738772,10091800
2025-07-24,130.32957458496094,130.58385123946323,129.59662908973502,130.10020672606754,12159600
2025-07-25,130.62872314453125,130.95780226535925,130.02042814229605,130.28967746226883,8002000
2025-07-28,131.67080688476562,131.70571267595176,130.85809842223637,131.12733254135026,11517600
2025-07-29,131.67579650878906,133.26134717061674,131.45143474501631,132.52840164337564,13739000
2025-07-30,131.969970703125,132.41870944968196,130.93288526183503,131.81540530393454,13934600
2025-07-31,131.00267028808594,133.6303122791215,130.3644604065076,133.6303122791215,16414400
2025-08-01,128.17559814453125,129.6215406571036,127.5323974126451,129.57666831061707,19438000
2025-08-04,130.77830505371094,130.8032290638709,129.38221051391469,129.38221051391469,12377000
2025-08-05,129.6963348388672,131.37662095038732,129.3971706301647,131.26195224194007,11176000
2025-08-06,131.15724182128906,131.32677988088992,129.73623838294728,129.82099219662317,10167000
2025-08-07,131.27691650390625,132.8325522105371,130.18497697595873,132.61815701602217,10318000
2025-08-08,132.58824157714844,132.73781608059267,131.42649047460856,131.77052704865474,11015800
2025-08-11,131.6907501220703,133.10180222077435,131.38661022355527,132.50347376923295,9425400
2025-08-12,133.73004150390625,133.76494729664932,131.6159738401962,132.34891940717128,11153800
2025-08-13,133.77989196777344,134.64745451742772,133.2912565644297,134.50287090323496,13990200
2025-08-14,133.49070739746094,133.94941267677535,132.79265248490776,133.10179847972734,15484400
2025-08-15,132.47854614257812,133.31120289024912,131.950029285124,133.31120289024912,13373200
2025-08-18,132.7627410888672,132.8824159086452,132.18436097766786,132.31400235904218,12233800
2025-08-19,130.44424438476562,132.7428073687702,130.1999342896969,132.71289246799137,17367000
2025-08-20,129.5617218017578,130.1151626712796,127.56232308144656,130.1151626712796,23064200
2025-08-21,129.09303283691406,129.7661485133505,128.5346010869035,129.24759822428757,15148600
2025-08-22,130.8431396484375,131.69574478259597,128.59443982607434,128.95343386405554,13756000
2025-08-25,130.54893493652344,131.36664939481264,130.18994094295408,130.838132573186,10691800
2025-08-26,131.14727783203125,131.3217915677789,130.46918644482597,130.65864241516286,11081000
2025-08-27,131.85528564453125,132.00486013613988,130.67358629632992,131.27690558343906,11538600
2025-08-28,132.89736938476562,133.18156093494375,131.3566911693036,132.0148341858402,12380600
2025-08-29,130.8580780029297,132.33892629148295,130.3794092113913,132.3139870661879,17481200
2025-09-02,129.5367889404297,129.65646376317005,127.78171544019534,128.54457586461857,18226000
2025-09-03,130.30963134765625,130.56889890110554,129.33735139400275,130.19993830271136,15636600
2025-09-04,130.95281982421875,131.00765873346018,129.24759450736062,129.77611134243026,24397400
2025-09-05,131.0625,132.24419939156402,129.73124132746247,132.19433615382366,38561800
2025-09-08,132.04473876953125,132.52340756468226,131.72065056723227,131.75056546491385,20556000
2025-09-09,132.29904174804688,132.43864968768227,131.3616676321559,132.33893842572797,19355000
2025-09-10,134.6973114013672,135.60477058641902,134.0541106365641,134.97652727121027,25957200
2025-09-11,135.1510467529297,135.734417744214,134.93166067211544,135.54494656386314,23429200
2025-09-12,135.06129455566406,135.54991471353028,134.77209691240282,135.4202885574247,15612200
2025-09-15,136.27789306640625,136.3078079670911,135.111166291324,135.27569824509064,16268000
2025-09-16,135.80421447753906,136.68674969199205,135.63968252454114,136.59201410155785,16081400
2025-09-17,135.3355255126953,135.87899981979425,133.93445523106314,135.714467869108,18948600
2025-09-18,137.67396545410156,138.07783180884496,136.42746060214697,137.09060970441607,20882600
2025-09-19,139.070068359375,139.19969452478912,137.7786758651036,138.22742981162241,15670800
2025-09-22,141.11595153808594,141.23078285054396,138.80945256894785,138.86436195598495,15771200
2025-09-23,139.89781188964844,141.1509161381065,139.2787557202176,140.92125349048885,16456400
2025-09-24,139.0341033935547,140.27223085228349,138.10551922626738,140.27223085228349,13471000
2025-09-25,138.78948974609375,139.13396847546906,136.9173293628281,137.77103023160677,21349600
2025-09-26,139.20884704589844,139.33365773381462,137.98071414279363,138.9392516940092,16534000
2025-09-29,139.9527130126953,140.74652239037502,139.62820827323807,140.00763763759522,16107400
2025-09-30,140.716552734375,140.85635532916947,139.65816055312146,139.9527119442681,18215200
2025-10-01,142.09446716308594,142.19432180601964,139.95770883114778,139.99765678259303,17411200
2025-10-02,142.86331176757812,143.44741727190205,142.2192843333542,143.41746392479212,17607800
2025-10-03,142.14439392089844,143.7220028117827,141.6551305495505,142.99311267543115,17458000
2025-10-06,143.58221435546875,144.50081916420856,143.50733099197785,144.06148311748967,17945600
2025-10-07,142.62367248535156,144.53078354482062,141.86982625441328,144.32109487535672,15588400
2025-10-08,145.1248779296875,145.12987523266398,142.8782855281644,142.95316889441253,14037800
2025-10-09,144.8802490234375,145.18977708406126,144.1263876117588,145.05996909643997,11989400
2025-10-10,138.98419189453125,145.44937615205762,138.92926727129216,145.18477811272535,44574600
2025-10-13,142.3690643310547,142.84333581084107,141.3406102303762,142.14939629817346,22030400
2025-10-14,140.54183959960938,141.97466393771106,138.90930596135206,140.50189164530605,26956800
2025-10-15,141.93470764160156,143.0729805014596,140.18735801769878,142.51383105951945,20937600
2025-10-16,142.03956604003906,143.59220374895733,141.071033842803,142.95817091290292,23166200
2025-10-17,142.2891845703125,142.7135287297586,140.29719558830828,141.19584170193065,25511600
2025-10-20,143.87677001953125,144.4908440897704,143.01807187605652,143.10294984765562,13805200
2025-10-21,143.95166015625,144.4658796059338,143.25772062039186,143.7869167439235,12503800
2025-10-22,142.52880859375,144.20127486244084,140.73652893982793,143.88674949052924,20723200
2025-10-23,144.32608032226562,144.55572771419946,141.96965400544428,141.96965400544428,11923400
2025-10-24,146.56768798828125,147.06194869851694,145.81384175414078,146.02851249201018,14359600
2025-10-27,149.27359008789062,149.4033980851239,148.3849385556575,148.624580573085,15167000
2025-10-28,150.7513427734375,151.34046082197602,149.4832771055589,149.9974965499488,15055200
2025-10-29,151.83470153808594,152.76328574939558,150.70640803620324,152.11927356504074,21506200
2025-10-30,149.96754455566406,151.74982968401343,149.9176172310079,150.97101217355478,19218600
2025-10-31,150.1123046875,151.59007418019846,149.24362718790522,151.4802401670341,16303800
2025-11-03,150.72637939453125,151.87962891986567,149.90263191010374,151.55012687895876,13983600
2025-11-04,146.74742126464844,148.97403975637806,146.5027971823794,148.00052549474717,16722600
2025-11-05,147.32154846191406,148.5147460057959,146.26315621794882,146.48782156068953,14447000
2025-11-06,144.3610382080078,147.24666074934427,143.6171713715503,147.0868994096938,24797400
2025-11-07,143.86178588867188,143.8967365360879,140.58675482186487,143.12789847132976,25547000
2025-11-10,147.5412139892578,147.82078871929272,145.67405092030742,146.43289443959077,18286400
2025-11-11,146.2831268310547,146.83228168169433,145.30959734913895,146.56768362678758,14871600
2025-11-12,146.73744201660156,147.5062649145692,145.85377256073136,147.5062649145692,13179200
2025-11-13,143.07797241210938,146.11835881483378,142.29915497080455,145.9186647696211,22385800
2025-11-14,143.85679626464844,145.15982777284742,139.9327555382445,140.4369803586344,27429600
2025-11-17,141.605224609375,144.06648777438318,140.46195441612323,142.50885279154375,24675400
2025-11-18,139.3037109375,141.1059852783042,138.02565065199957,140.38207716008105,36747600
2025-11-19,140.27223205566406,141.8448436259452,138.9542239203219,139.3136792994444,27668800
2025-11-20,135.86891174316406,144.0365310784285,135.55438637208076,143.50233767788,56551800
2025-11-21,136.39312744140625,138.21036315612787,133.53745825911813,136.0935787397744,44959000
2025-11-24,139.6431884765625,140.1374491704387,137.22685534050976,137.3117333136174,20124800
2025-11-25,140.0176239013672,140.37707930748732,136.44804112023326,138.41505886543507,21303400
2025-11-26,141.67510986328125,142.27918933706104,140.57676969669987,141.67011256026225,13358800
2025-11-28,142.8932647705078,142.91822081447927,141.59023323164357,141.9746599114287,6792200
2025-12-01,142.95816040039062,143.38750183992323,141.0710234690624,141.50536221136886,12846600
2025-12-02,144.43092346191406,145.2946189161062,143.42745588091145,143.84681796838237,15719000
2025-12-03,144.77540588378906,144.87526053198317,143.01307951649295,143.73199032358576,11623200
2025-12-04,145.31459045410156,145.574191198462,144.27615700530072,144.97011173880202,9995200
2025-12-05,146.3779754638672,147.0868916130084,145.46935003290903,145.9885667414107,6628000
2025-12-08,147.4064178466797,148.1552819645991,146.69748644468365,147.20670856002425,8272800
2025-12-09,147.7958221435547,148.02546953350188,146.73742999303053,147.11684410779566,6978200
2025-12-10,148.50474548339844,148.9940088676394,146.59764974037876,147.46632725776678,8961100
2025-12-11,147.7458953857422,147.90565671660877,144.89022634813838,146.83726995657756,9769300
2025-12-12,143.47238159179688,146.85724677214185,143.0430249112489,146.7174594138498,14873200
2025-12-15,142.08448791503906,144.4109609291408,141.8049131974,144.20127227307177,10790300
2025-12-16,142.34408569335938,142.75346839126453,141.08599949017676,141.6950762342837,10790900
2025-12-17,139.17889404296875,142.62366599081642,139.10900798011673,142.50385260553884,18178700
2025-12-18,141.3256378173828,142.20430997539594,140.57677365607992,141.64516050599863,12319500
2025-12-19,144.38101196289062,144.40097070355637,142.35408758068488,142.37404632135062,14265900
2025-12-22,145.16000366210938,146.00999450683594,144.64999389648438,146.00999450683594,8864500
2025-12-23,145.9499969482422,145.97999572753906,144.36000061035156,144.74000549316406,7546100
2025-12-24,146.3000030517578,146.5,145.67999267578125,145.7899932861328,3676300
2025-12-26,146.52999877929688,146.97999572753906,146.24000549316406,146.61000061035156,5052900
2025-12-29,145.8699951171875,146.3800048828125,145.0399932861328,145.35000610351562,9822300
2025-12-30,145.41000366210938,146.25999450683594,145.3800048828125,145.85000610351562,6387400
2025-12-31,143.97000122070312,145.8000030517578,143.89999389648438,145.7100067138672,9528400
2026-01-02,144.3000030517578,146.52000427246094,143.41000366210938,145.6300048828125,15299500
2026-01-05,144.6199951171875,146.38999938964844,144.25,146.00999450683594,17476300
2026-01-06,146.64999389648438,146.77000427246094,144.6300048828125,145.2100067138672,14985700
2026-01-07,146.52999877929688,147.3800048828125,146.0399932861328,146.52999877929688,13957100
2026-01-08,144.24000549316406,145.92999267578125,143.5,145.92999267578125,16870100
2026-01-09,146.14999389648438,146.5800018310547,144.02999877929688,144.57000732421875,15652600
2026-01-12,146.7899932861328,147.2899932861328,145.0500030517578,145.19000244140625,12867200
2026-01-13,146.47999572753906,147.52000427246094,145.85000610351562,146.85000610351562,16552200
2026-01-14,144.6999969482422,145.92999267578125,143.32000732421875,145.5,22104200
2026-01-15,145.4600067138672,147.57000732421875,145.30999755859375,146.92999267578125,17370900
2026-01-16,145.6199951171875,146.9499969482422,145.02000427246094,146.72000122070312,14156700
2026-01-20,141.83999633789062,144.10000610351562,141.61000061035156,143.08999633789062,20029200
2026-01-21,143.80999755859375,145.0399932861328,141.9600067138672,142.77999877929688,27892800
2026-01-22,144.8800048828125,145.6999969482422,144.16000366210938,145.61000061035156,12971600
2026-01-23,145.08999633789062,145.8300018310547,143.75,144.52999877929688,14654500
2026-01-26,146.0800018310547,146.7100067138672,144.88999938964844,145.27000427246094,10195600
2026-01-27,148.0500030517578,148.6199951171875,147.02999877929688,147.4199981689453,12436200
2026-01-28,149.22999572753906,149.89999389648438,148.61000061035156,149.0,19497400
2026-01-29,146.8699951171875,147.92999267578125,143.27000427246094,147.83999633789062,25581000
2026-01-30,143.8800048828125,146.75,142.99000549316406,146.0399932861328,18341400
