Price,Close,High,Low,Open,Volume
Ticker,XLU,XLU,XLU,XLU,XLU
Date,,,,,
2020-01-02,26.448549270629883,26.838168444078814,26.349071193818244,26.82988005373237,38215400
2020-01-03,26.502431869506836,26.597764170555553,26.40709956845812,26.469273564474864,35978600
2020-01-06,26.52730369567871,26.606057640461586,26.42782561111369,26.469275471828496,20889000
2020-01-07,26.4899959564209,26.50243012234437,26.340779640738056,26.46098184849927,26140600
2020-01-08,26.477569580078125,26.593627627058698,26.436119712888363,26.50243791924122,25482800
2020-01-09,26.622636795043945,26.65165090610841,26.440260575609624,26.44440477098292,23286200
2020-01-10,26.693096160888672,26.78842687403045,26.647502111194576,26.6599362770565,21165800
2020-01-13,26.85474967956543,26.933503622000522,26.68480762742674,26.68480762742674,25342200
2020-01-14,26.933502197265625,26.94179058757254,26.734546044591216,26.854748258996477,22990000
2020-01-15,27.310684204101562,27.356278254175905,26.987383239793036,26.991529015881778,31771800
2020-01-16,27.480627059936523,27.509641168823848,27.323119186861874,27.33141073928722,21797600
2020-01-17,27.671295166015625,27.70859766975956,27.39773082268903,27.472338992478004,26517600
2020-01-21,27.924129486083984,27.936563652083077,27.621551076803396,27.73346489539646,47753000
2020-01-22,28.01117515563965,28.089925937138997,27.936566988434326,27.978015267481506,21683200
2020-01-23,28.259857177734375,28.26814556545161,27.97800456085158,28.007018661311584,25938600
2020-01-24,28.334474563598633,28.438096836530956,28.139664184517734,28.18525823759202,28803000
2020-01-27,28.264009475708008,28.516848050482643,28.185255543869857,28.31789191405487,22544400
2020-01-28,28.38007164001465,28.500273868897438,28.22256374450561,28.293029300954935,35056800
2020-01-29,28.454675674438477,28.49612394954131,28.284733635525974,28.396647456834376,21599600
2020-01-30,28.71994400024414,28.73652394018821,28.367628972758258,28.438091345795396,28808600
2020-01-31,28.591459274291992,28.782123879247965,28.442242946534993,28.66606743817049,40949000
2020-02-03,28.68263816833496,28.71579804801909,28.570727527276247,28.637044124344328,27095800
2020-02-04,28.396648406982422,28.753109276935145,28.367634297209563,28.666066947616567,41384200
2020-02-05,28.512704849243164,28.583167235513542,28.272300418355158,28.334474414246994,32610200
2020-02-06,28.520992279052734,28.682642765546746,28.450529895155487,28.54171799775225,29908200
2020-02-07,28.429811477661133,28.628767676449087,28.421523085433154,28.5873193907062,21392800
2020-02-10,28.53757667541504,28.53757667541504,28.371780386845142,28.47540267191368,16279600
2020-02-11,28.641199111938477,28.736533006118176,28.570736716671547,28.58731666184633,20539400
2020-02-12,28.66192626953125,28.748968614332526,28.50441836363254,28.595606485510455,16094800
2020-02-13,28.981082916259766,28.99766286305586,28.64120191269356,28.68679597580745,27175200
2020-02-14,29.17588996887207,29.200758305043554,28.99351373747816,29.034965180832152,21108200
2020-02-18,29.42043685913086,29.470173525820858,29.20490076247159,29.287800477456223,30069600
2020-02-19,29.101276397705078,29.34582658644743,29.10127639770508,29.304375150785617,22391000
2020-02-20,29.204898834228516,29.22147877613076,28.968640196147568,29.10956812116634,28810200
2020-02-21,29.151016235351562,29.34168082273379,29.122002127756453,29.151016235351562,23457200
2020-02-24,28.811138153076172,29.188321588719216,28.798703986075978,29.02667109311493,40884200
2020-02-25,28.205984115600586,28.88988859095643,28.15624428588527,28.840151923541942,56276600
2020-02-26,27.919981002807617,28.45881800072612,27.9158352271097,28.20597944225824,52384600
2020-02-27,26.664081573486328,27.96143117265323,26.655790021527142,27.808069084413486,87206200
2020-02-28,25.772930145263672,26.08379694349588,25.15948651982348,26.054782835486233,180526200
2020-03-02,27.289958953857422,27.327264614694506,25.843392979543882,25.905566972738587,84351600
2020-03-03,26.954225540161133,27.870246067373415,26.84645748922414,27.30654064104265,126558000
2020-03-04,28.483688354492188,28.52099085152343,27.294103628676567,27.310683570346182,62856400
2020-03-05,28.04433250427246,28.42566169665725,27.71273997732004,28.015315233035974,67070200
2020-03-06,27.816362380981445,27.928273041045205,26.780139682128915,27.302396807794793,70997800
2020-03-09,26.303476333618164,27.045412157727696,25.888987258403947,26.340780413633457,74339400
2020-03-10,26.54802894592285,27.041268839904685,25.36258824890512,26.73454778180576,81616800
2020-03-11,25.213369369506836,25.97188349975513,24.856908537777493,25.955303558476967,64307800
2020-03-12,22.66840934753418,24.264193404278632,22.38655662013907,23.8331243410684,77766400
2020-03-13,23.903587341308594,23.945037202952385,22.23734243199195,23.945037202952385,54277200
2020-03-16,21.18868064880371,23.42277646552475,21.105782519226523,21.744096061475478,56293400
2020-03-17,23.89944076538086,24.102541114330656,21.570012532125116,21.80627118593689,77946000
2020-03-18,22.859071731567383,23.215530986270302,21.64876288381362,22.469451012774275,85692800
2020-03-19,21.528562545776367,22.747161469881885,21.462244355298882,22.64768339359047,65459000
2020-03-20,19.82086944580078,21.72751875128594,19.67994308279358,21.72751875128594,56358400
2020-03-23,18.809436798095703,19.75555955135516,18.185664436426052,19.75555955135516,64018000
2020-03-24,20.831459045410156,20.919374377826525,19.395529909006154,19.52949415261807,54902800
2020-03-25,21.363134384155273,22.259021031944446,20.232811064110276,20.86076917390419,61255000
2020-03-26,23.184213638305664,23.435396241021245,21.375694427209364,21.593386761486887,61794400
2020-03-27,23.309803009033203,24.15126609571841,22.372051615736044,22.48508425669016,50186200
2020-03-30,24.17220115661621,24.318724074438,23.41027719300283,23.51075119163779,59519000
2020-03-31,23.1967716217041,23.983812869596573,23.121416523662273,23.983812869596573,67456400
2020-04-01,21.802705764770508,22.58555974055527,21.384067035926037,22.279953660136403,53420600
2020-04-02,22.485090255737305,22.639987766323426,21.4468661914682,21.56827183047451,53121600
2020-04-03,21.681299209594727,22.51438934954693,21.513843086529185,22.23808786437475,31872000
2020-04-06,23.355854034423828,23.59029069015991,22.47671178447368,22.47671178447368,41379600
2020-04-07,23.062807083129883,24.021490132480302,23.033502500571572,23.98381258390819,49163200
2020-04-08,24.318723678588867,24.519670075607845,23.008384017903026,23.20095744875705,64925600
2020-04-09,25.465791702270508,25.86349717117578,24.595022480249238,24.687123500996055,87722800
2020-04-13,24.657819747924805,25.33601398594523,24.410822854259727,25.33601398594523,27830400
2020-04-14,25.382068634033203,25.41974618656191,24.946683937474877,25.18949358945308,34175600
2020-04-15,24.54479217529297,24.98436257591305,24.40664061102311,24.68294214258261,25671600
2020-04-16,24.548974990844727,24.75410867221166,24.30616535669573,24.649448989203638,20800000
2020-04-17,25.340198516845703,25.4741627652466,24.733173714957804,25.07227002004391,21555000
2020-04-20,24.38152313232422,25.181123134390013,24.34384557842666,25.181123134390013,28761000
2020-04-21,23.97962760925293,24.268489375087633,23.711699058956494,23.941950057056236,40783200
2020-04-22,24.67875099182129,24.87969737054442,24.268485268972412,24.431754101873718,31190800
2020-04-23,24.26429557800293,24.821085744630825,24.126145655029653,24.754103625042024,24830400
2020-04-24,24.415006637573242,24.51966630306249,23.992182291667774,24.306161288135517,23973800
2020-04-27,24.670377731323242,24.85039249287652,24.53222619930242,24.557345095209797,25481000
2020-04-28,24.762481689453125,25.285780105570222,24.649449039934225,25.017849975055043,28643400
2020-04-29,24.536415100097656,25.17693181670797,24.435941106815676,25.164373166415203,23575600
2020-04-30,23.971256256103516,24.398268010751107,23.74937820988692,24.360590456018077,38733800
2020-05-01,23.39353370666504,23.707512767950526,23.25956943494164,23.690766834740078,26918600
2020-05-04,23.569358825683594,23.62796798900004,23.129788503830316,23.272125727733084,24027600
2020-05-05,23.761934280395508,24.046608752559926,23.623784326039868,23.65308891020561,23653600
2020-05-06,22.953962326049805,23.862407603346078,22.920470461108735,23.845661670875543,48150400
2020-05-07,23.04606056213379,23.422836038225977,23.00838301452457,23.217702368580245,42266200
2020-05-08,23.5107479095459,23.602848929022343,23.217700517831606,23.326547467572823,26553200
2020-05-11,23.410274505615234,23.498189843196077,22.995823101650632,23.3265480461742,31326400
2020-05-12,23.20514678955078,23.5735493486009,23.159096270046998,23.468889657721444,43734400
2020-05-13,23.00838279724121,23.15909298625483,22.7446415634473,23.15909298625483,39645000
2020-05-14,23.255380630493164,23.32236276196918,22.464153703376468,22.778132744104045,46233200
2020-05-15,22.94559097290039,23.100486866692048,22.59393435119762,23.092113899868156,69347600
2020-05-18,23.887523651123047,24.038232234431035,23.485629304695596,23.485629304695596,45994600
2020-05-19,23.494007110595703,23.85403670502317,23.48982142560522,23.78705456631435,32655800
2020-05-20,23.623783111572266,23.887525952485348,23.531682082083258,23.73681575767787,23583200
2020-05-21,23.38515853881836,23.72844215241885,23.339108025314403,23.560986030037174,33868200
2020-05-22,23.644718170166016,23.665649789829644,23.30980746460733,23.385162572980562,23838000
2020-05-26,23.79960823059082,24.260111735064044,23.774490931951437,24.071724010369536,35071800
2020-05-27,24.08428382873535,24.260112912644875,23.75356047041822,24.21824808458075,32984600
2020-05-28,24.795969009399414,24.900628680178738,24.37314464212208,24.39407625688198,42582000
2020-05-29,24.988544464111328,25.118323041404707,24.590838960206394,24.73736187248927,29511800
2020-06-01,25.285781860351562,25.440677755117274,24.837838512827382,24.980174158788206,29112800
2020-06-02,25.449045181274414,25.46579111138161,25.109947283012794,25.38206305782543,27998600
2020-06-03,25.754653930664062,25.934668705818126,25.566266189574932,25.58719780592262,25682800
2020-06-04,25.29414939880371,25.670924866275225,24.967611724981666,25.616501388311587,43679200
2020-06-05,25.616506576538086,26.106314783454117,25.4992882282417,25.524407130153875,44260000
2020-06-08,26.303068161010742,26.38679461665774,25.47834947765369,25.66254991584876,31919000
2020-06-09,25.775585174560547,26.077005555947704,25.49091072480155,26.064445308736612,37283600
2020-06-10,25.624874114990234,25.947226101492458,25.54114605666838,25.775584300573602,25052000
2020-06-11,24.62432861328125,25.256473955039343,24.444313841547217,25.185304544433365,69420400
2020-06-12,24.56153678894043,25.12251282562274,24.26011794920174,25.09320823838398,46404800
2020-06-15,24.728986740112305,24.909001500563843,23.91682827450246,24.126147614843333,33434000
2020-06-16,24.842021942138672,25.46579434347193,24.708057678238106,25.327642798023223,34226600
2020-06-17,24.76667022705078,24.950870715829744,24.528046249572043,24.94668503068986,24374400
2020-06-18,24.762481689453125,24.82946382283691,24.481992907984743,24.611771490094593,26507600
2020-06-19,24.067543029785156,25.063902129368593,24.029865477482918,24.95924243930461,58531600
2020-06-22,24.302242279052734,24.454210701838,23.829452882852845,24.053183277335247,25906400
2020-06-23,24.057409286499023,24.580854368873176,23.989867933601943,24.551305127625255,25244400
2020-06-24,23.83789825439453,23.985644452994453,23.55084711684657,23.875890364079194,28538400
2020-06-25,23.542402267456055,23.799904143633483,23.268014652769004,23.78723903459494,43502400
2020-06-26,23.2933406829834,23.774572905067735,23.13715164483431,23.5086281890639,57463400
2020-06-29,23.732370376586914,23.745033879355688,23.230029962583227,23.479089049019215,29730600
2020-06-30,23.821016311645508,23.951878401488887,23.597285858012583,23.736589208853427,33743800
2020-07-01,24.378232955932617,24.483766431932327,23.79990995834187,23.842122704616536,39777400
2020-07-02,24.441547393798828,24.703269896016604,24.3782266803741,24.551301472047367,24295200
2020-07-06,24.141834259033203,24.69060955131162,23.943432444897297,24.530198237708106,30775400
2020-07-07,24.04474639892578,24.13339413086593,23.761917460741575,23.875893806227353,22681000
2020-07-08,24.260032653808594,24.34023750486536,23.960316399201034,24.006751379928097,24359400
2020-07-09,23.93498992919922,24.15449972729939,23.60150379687514,24.141834616621495,35750400
2020-07-10,24.386672973632812,24.45421432595672,23.926547007703405,23.934989878033,27166400
2020-07-13,24.41199493408203,24.65261103682967,24.298018631152242,24.386666329993492,35531600
2020-07-14,24.639951705932617,24.783477275455954,24.386672046920985,24.41622128679525,67894200
2020-07-15,24.54286003112793,25.053641566727546,24.496425053289286,24.872123895347066,26940400
2020-07-16,24.855241775512695,24.922783127743184,24.500649273724413,24.563968385639516,30126400
2020-07-17,25.416683197021484,25.484224560500664,24.96922226783935,24.990328641992882,45901600
2020-07-20,25.083192825317383,25.399793215736445,25.040980084053317,25.32803123352496,24255200
2020-07-21,25.197168350219727,25.48844173065496,25.066307890314327,25.146512740266438,30216000
2020-07-22,25.58553695678711,25.678406933790157,24.838359730758373,25.08319656515764,29694200
2020-07-23,25.615081787109375,25.796599468885326,25.46311334559343,25.577089676730388,38277400
2020-07-24,25.44622802734375,25.927460359916225,25.302702453566624,25.665737823138937,35397000
2020-07-27,25.138071060180664,25.47155719631104,24.956553371416682,25.45467145542302,22638600
2020-07-28,25.517993927001953,25.733281501979853,25.053645682643218,25.074753665355928,37792000
2020-07-29,25.636186599731445,25.703727946266987,25.446226059377512,25.56442462354925,18205600
2020-07-30,25.636186599731445,25.640408839690824,25.323808475871843,25.45044829933689,25475800
2020-07-31,25.67840003967285,25.745941383819865,25.3195853405128,25.56864434898854,24228000
2020-08-03,25.399795532226562,25.665740335320642,25.26471281548643,25.661519704934452,19303800
2020-08-04,25.67840003967285,25.792374749541896,25.3195853405128,25.382906055162415,41663600
2020-08-05,25.349138259887695,25.75016575352151,25.24782703410808,25.733280012453942,23658600
2020-08-06,25.49688720703125,25.539099951255245,25.19295029561699,25.323812379212125,27576000
2020-08-07,25.95701026916504,26.05832148797128,25.391350864839684,25.395571494659617,30942200
2020-08-10,25.948564529418945,26.151188554934922,25.86413744954247,26.04143286800172,21208600
2020-08-11,25.387128829956055,26.028772458730028,25.319587480101575,25.978116848917367,50996000
2020-08-12,25.754383087158203,25.927457885165552,25.454668467979356,25.463111337432483,34570600
2020-08-13,25.712173461914062,25.767051314844398,25.513770031536392,25.64885273850884,31627200
2020-08-14,25.488441467285156,25.691065515317426,25.420900117941066,25.657294035488984,17336600
2020-08-17,25.45467185974121,25.678403904278966,25.357581263562263,25.509549713342498,19020400
2020-08-18,25.340696334838867,25.53909977400317,25.20983586246493,25.43778693413058,24294600
2020-08-19,25.26470947265625,25.416677911459868,25.214053863159307,25.40401441166383,18042800
2020-08-20,25.04098129272461,25.290040342954967,24.973439937254323,25.163400502737296,25932000
2020-08-21,25.083192825317383,25.129627806895567,24.829913157107274,25.06208645468535,18933400
2020-08-24,25.302705764770508,25.311148636134362,24.922786215275412,25.154959541685702,14985800
2020-08-25,25.062084197998047,25.353357561556432,24.977657112759204,25.349135321622498,23573200
2020-08-26,24.783475875854492,24.990322153605874,24.69060753162829,24.973436414541943,23329800
2020-08-27,24.863683700561523,25.040979139558807,24.711715261242258,24.855240830564586,38907200
2020-08-28,24.93544578552246,24.96077439562039,24.67794388562166,24.914339415597254,16995800
2020-08-31,25.01142692565918,25.163395346908136,24.89322998038226,24.89745060972246,19975600
2020-09-01,24.724382400512695,24.948112852269876,24.627291796725373,24.931228720103455,26620400
2020-09-02,25.492664337158203,25.60664067612515,24.677945833304523,24.779258671379452,37298400
2020-09-03,25.205615997314453,25.767054884323365,24.969222032521742,25.501110063618455,38871400
2020-09-04,25.062084197998047,25.39979092864072,24.737040966531755,25.25626697714121,35792200
2020-09-08,24.92278480529785,25.11696600474175,24.68638925142291,25.087416761796504,28990800
2020-09-09,25.252046585083008,25.577089840335077,25.08319240224903,25.108521012767973,30869400
2020-09-10,24.817249298095703,25.184505294786096,24.787700057575375,25.154956054265767,36280400
2020-09-11,24.876346588134766,24.956551435662437,24.682165413922867,24.87212434808382,25332600
2020-09-14,25.218278884887695,25.349139358048166,24.973440459739898,24.998769072438524,20927200
2020-09-15,25.387128829956055,25.762827689166155,25.25204613024709,25.47577654970641,23342600
2020-09-16,25.35335922241211,25.530654663746567,25.188725670770772,25.298481371864998,23082200
2020-09-17,25.14651107788086,25.285816008934244,24.948107670736718,25.192946054898655,22775400
2020-09-18,24.703269958496094,25.159173621244243,24.64839211407671,25.142289493225896,31969600
2020-09-21,24.549571990966797,24.664528558656777,24.230248733215326,24.524025545648332,30371200
2020-09-22,24.702844619750977,24.86889243512968,24.54531228518168,24.562341622638602,21247400
2020-09-23,24.32392120361328,24.775230438852326,24.302633307940894,24.732654647507548,21576400
2020-09-24,24.596406936645508,24.77097025689827,24.14935468957498,24.298371563877783,31328200
2020-09-25,25.00088119506836,25.02642601460538,24.400553573518756,24.489963690222275,22576000
2020-09-28,25.064746856689453,25.31594788842608,25.022171071308506,25.111581195105757,20359600
2020-09-29,25.056232452392578,25.3116920481513,24.941277502087654,25.14138565097882,18435800
2020-09-30,25.28188705444336,25.405357479122063,25.069004883681504,25.21376482476605,24208200
2020-10-01,25.53734016418457,25.601205452960023,25.294654665496672,25.34574592201998,26142000
2020-10-02,25.839635848999023,25.971623372145945,25.27762707973145,25.3329768957817,33890000
2020-10-05,26.163217544555664,26.23559669868213,25.733194675839922,25.907757980443606,22076800
2020-10-06,26.38461685180664,26.682650592535918,26.065293594600636,26.180250162094246,32776800
2020-10-07,26.546405792236328,26.657105429511976,26.35055458679425,26.52086097145122,24403600
2020-10-08,27.031782150268555,27.07435794009906,26.6443366158268,26.661365957261633,27235600
2020-10-09,27.02752113342285,27.193568972454923,26.84444233034592,27.18079656150234,17091200
2020-10-12,27.197830200195312,27.380907397114022,26.976432518326153,27.044554757042643,14970200
2020-10-13,27.010486602783203,27.082867378335287,26.70819433963263,27.010486602783203,20210400
2020-10-14,26.976430892944336,27.15950970299448,26.83592787046587,27.04455312755633,22338800
2020-10-15,26.959396362304688,27.108413223257134,26.65284553501741,26.720967760618805,19124000
2020-10-16,27.248920440673828,27.35110298279551,26.96365908440839,26.9934624612074,16081000
2020-10-19,27.019001007080078,27.380899997934517,26.942363306213657,27.236141700922218,26603000
2020-10-20,27.180797576904297,27.329816081620564,27.02752214309885,27.12970630702321,24979400
2020-10-21,27.108415603637695,27.287235852482773,27.03177951424846,27.121189638670998,14200000
2020-10-22,27.49160385131836,27.53843818951692,27.070098055855503,27.14673414435249,15212000
2020-10-23,27.568239212036133,27.674680290074885,27.41496379979442,27.627845955871923,14485000
2020-10-26,27.559722900390625,27.610812534371515,27.176534403915838,27.355354619496197,20763200
2020-10-27,27.538440704345703,27.81944351087424,27.40645478372809,27.61081987059894,19601800
2020-10-28,26.738000869750977,27.50437637533655,26.682651049455398,27.1552497380791,34026600
2020-10-29,26.81038475036621,27.138223532808777,26.295208592720872,26.64007834093865,29847800
2020-10-30,26.559179306030273,26.827409663986884,26.303719734053757,26.66136183549126,34824600
2020-11-02,27.142471313476562,27.180790161473823,26.652841769529545,26.921073705510366,29911800
2020-11-03,27.534177780151367,27.832214752987166,27.372388508034085,27.483088140705895,30157400
2020-11-04,27.12118911743164,27.798154491349973,27.091385743196913,27.372390146097235,36662200
2020-11-05,27.36387062072754,27.86201732935548,27.342584354341447,27.40644965014748,31525200
2020-11-06,27.30426788330078,27.62359116085455,27.23188871998644,27.38090559984666,18955400
2020-11-09,27.81092643737793,28.922171619789502,27.78538161655324,28.096187764334005,46072200
2020-11-10,28.21114730834961,28.292040327617322,27.84498970011385,27.95994464766495,31172000
2020-11-11,28.31758689880371,28.568786297865117,28.206887261905486,28.355904129850735,19459000
2020-11-12,27.862018585205078,28.215400507722176,27.644877869006745,28.15153845736151,53020200
2020-11-13,28.138765335083008,28.21540305074711,27.94717267008492,27.998265563302425,26324800
2020-11-16,28.42403221130371,28.504925238322816,28.087677946004455,28.487897520873748,27375000
2020-11-17,27.866273880004883,28.377193020980986,27.82369809700455,28.240948566385498,16811200
2020-11-18,27.321298599243164,28.045099970772117,27.312784741181936,28.011038041878546,25581400
2020-11-19,27.048809051513672,27.312784121967734,26.857216390398534,27.29149460481083,26996200
2020-11-20,27.053062438964844,27.240398135375074,26.916818000818893,27.00196955653875,18632200
2020-11-23,27.057321548461914,27.21059695977371,26.933849508887196,27.159505697390426,16930600
2020-11-24,27.346845626831055,27.414966233695168,27.138220380722096,27.274463218612418,21807000
2020-11-25,27.419225692749023,27.427739550766788,27.074355973191977,27.31278460174326,22985200
2020-11-27,27.146730422973633,27.436251894345297,27.036032422175477,27.41070382807837,12073200
2020-11-30,26.75503158569336,27.087127256065994,26.6485904991214,27.070097916577666,26889400
2020-12-01,26.942363739013672,27.32129369707261,26.925334401784568,26.955137772137842,30174800
2020-12-02,27.12118911743164,27.133961528057355,26.64433350551396,26.814638269117804,24397600
2020-12-03,26.840185165405273,27.104158609130934,26.767804380932137,27.07861216328828,18753600
2020-12-04,26.57195472717285,26.92959686913657,26.422937844755555,26.86573156286504,21005000
2020-12-07,26.720970153808594,26.852957688303263,26.478284601858025,26.482543154930628,17391400
2020-12-08,26.64007568359375,26.814639004971294,26.43570898716361,26.546407005335805,21005400
2020-12-09,26.593238830566406,26.70393846243613,26.414418597154974,26.661361056270092,22969800
2020-12-10,26.456995010375977,26.665620245162053,26.33352296579161,26.580467054960348,21602800
2020-12-11,26.499570846557617,26.533631146121863,26.32074899531911,26.34629543811373,13351400
2020-12-14,26.363330841064453,26.90831037692969,26.33778601655481,26.686912694259796,27208800
2020-12-15,26.88275909423828,26.95088132095151,26.354812243251278,26.486798143917028,22357200
2020-12-16,26.57195472717285,27.070099893269052,26.537894421546987,26.933853798278975,24312800
2020-12-17,26.75077247619629,26.94662366972442,26.661360736401313,26.665619289047815,25389800
2020-12-18,26.52086067199707,26.85295633175012,26.39313169702759,26.755030730134788,20877400
2020-12-21,26.1997013092041,26.31133484433951,25.899147215994564,26.31133484433951,27915400
2020-12-22,26.148178100585938,26.25981163501885,26.070892716021604,26.191113697393664,24177000
2020-12-23,26.096649169921875,26.478781488111576,26.092356266095283,26.272687708792,11543400
2020-12-24,26.281282424926758,26.29416441574581,26.010785186049887,26.15247398195374,7272400
2020-12-28,26.397205352783203,26.568951001753128,26.298452177886258,26.41867314943247,11739000
2020-12-29,26.39291000366211,26.586121793494947,26.319917536350893,26.461607929308567,15165000
2020-12-30,26.526012420654297,26.611885240769183,26.36714876806884,26.410084359182378,11847200
2020-12-31,26.9210262298584,26.959668916286272,26.46160853448686,26.53030646170444,18184000
2021-01-04,26.24263572692871,26.968259405307215,26.09235950602143,26.968259405307215,25260600
2021-01-05,26.238340377807617,26.3757362349461,26.02365914629276,26.298450860569726,16666600
2021-01-06,26.89097023010254,27.067008765997098,26.328504840835667,26.38861532071853,35961800
2021-01-07,26.538896560668945,27.08848003335628,26.513134221178746,27.03695699226383,24758800
2021-01-08,26.762161254882812,26.81797719193498,26.526010606247876,26.573240735974863,26930600
2021-01-11,26.513134002685547,26.770750843912744,26.31562764855217,26.66341022042009,16657200
2021-01-12,26.37143898010254,26.560359492648367,26.053711707364336,26.47019377778112,24619000
2021-01-13,26.886674880981445,26.972547694472716,26.405789418473088,26.453019547787672,26687400
2021-01-14,26.78363037109375,26.916731683744423,26.629059625407233,26.895263888596357,26067000
2021-01-15,27.045541763305664,27.12712004012265,26.629059657797924,26.72781282590937,27564800
2021-01-19,26.942493438720703,27.217285141611352,26.90385075313372,27.191524443145195,18993200
2021-01-20,27.10135841369629,27.221581018021563,26.775043659985567,26.933907313904744,44796200
2021-01-21,26.942493438720703,27.092769639399105,26.89526330768242,27.036953700797266,13975600
2021-01-22,26.98114013671875,27.07130587053449,26.762165977753668,26.865212062717944,18760000
2021-01-25,27.522132873535156,27.560777198117588,26.856621391916615,26.886676632913804,37848600
2021-01-26,27.24734115600586,27.513547058897444,27.135707637742268,27.483491817907716,19473600
2021-01-27,26.513134002685547,27.23016858143027,26.39291302849791,27.028369323027874,39287400
2021-01-28,26.830860137939453,27.23875315386393,26.534599000110305,26.603296926381688,25465800
2021-01-29,26.68488121032715,26.955378418010895,26.51742845209546,26.693467019365464,27760600
2021-02-01,26.81368637084961,27.05412830393418,26.59041769163691,26.856621962361046,16109400
2021-02-02,27.03266143798828,27.449143569103335,26.792219496633518,26.903853021135674,28698600
2021-02-03,26.946786880493164,27.127119962795334,26.886676399021702,27.002604458097142,16266800
2021-02-04,27.157175064086914,27.195817750246977,26.85662102038508,26.933906392705204,22702200
2021-02-05,27.303159713745117,27.453435924085817,27.165763853465666,27.27739737573478,11920000
2021-02-08,27.092771530151367,27.371857794188433,26.98972545331986,27.363270348137828,21531400
2021-02-09,27.13141441345215,27.23016758691211,26.908145728195244,27.140001859564478,12386800
2021-02-10,27.238754272460938,27.350389430916238,27.054128280920718,27.290278947696226,19621200
2021-02-11,27.084186553955078,27.31604105289196,27.04124932238313,27.225875323422734,17422600
2021-02-12,26.886674880981445,27.127118431179465,26.74498613092538,27.002602933511508,20216000
2021-02-16,26.586124420166016,26.890973030860533,26.54748336869196,26.856623245699723,31723200
2021-02-17,26.607593536376953,26.654823671463827,26.427260442216866,26.616180982564373,20358200
2021-02-18,26.766454696655273,26.882382752528198,26.564653824814872,26.564653824814872,15419600
2021-02-19,26.36715316772461,26.783635350149446,26.3456853685857,26.77075336035563,17935400
2021-02-22,25.851913452148438,26.324213143231326,25.60717697976163,26.29415790191279,35602800
2021-02-23,26.066598892211914,26.156764630726652,25.8218623803073,25.95496535470149,26213200
2021-02-24,25.761749267578125,26.04942134821322,25.7359869286709,26.002192850381835,23673600
2021-02-25,25.52989387512207,25.834740857246466,25.405378356940123,25.710226976952473,31360400
2021-02-26,25.057594299316406,25.77462884627305,25.04900685327115,25.6157651891554,38014800
2021-03-01,25.61147117614746,25.899143235712618,25.371027610954535,25.37532051484736,31427400
2021-03-02,25.5341854095459,25.718811393960667,25.39249501494899,25.650113467519436,29306200
2021-03-03,25.23362922668457,25.49554056086475,25.018948020030344,25.49554056086475,45849800
2021-03-04,25.21216583251953,25.68446391440856,25.074769967319526,25.250808521975028,44172600
2021-03-05,25.624347686767578,25.744568632409084,25.096232141129832,25.31950078152659,33606600
2021-03-08,25.98501968383789,26.212581293359865,25.628648009111462,25.697345946206095,38423800
2021-03-09,26.328506469726562,26.414379291109604,26.092357439339086,26.1267055851596,22224400
2021-03-10,26.508840560913086,26.590418843473735,26.246929182839555,26.319920019148363,27421200
2021-03-11,26.440143585205078,26.775045811701826,26.427261596417384,26.461611382667286,17168800
2021-03-12,26.796510696411133,26.878088973055238,26.431553265560193,26.556067132461664,20043800
2021-03-15,27.14000129699707,27.208699226583825,26.835154336823834,26.835154336823834,24417200
2021-03-16,27.174352645874023,27.243050579417517,27.002606993071318,27.07559946877324,29243400
2021-03-17,26.732107162475586,27.157176736411827,26.70634646204106,27.152883832302027,34407000
2021-03-18,26.633350372314453,26.8136834403066,26.448724400795474,26.706342835371736,29627600
2021-03-19,26.706348419189453,26.93820456741875,26.358564196845506,26.64194338760754,38712600
2021-03-22,26.667844772338867,26.78896340653061,26.47751360418883,26.646215030418084,25641000
2021-03-23,27.065811157226562,27.16962832421525,26.60296299005935,26.6591973575998,26117200
2021-03-24,27.074459075927734,27.269115206469966,26.884129553907368,26.979293489858716,22058400
2021-03-25,27.36428451538086,27.455125160882183,27.039858117482115,27.160978428111214,28309600
2021-03-26,27.455123901367188,27.481076955932966,27.096091245440043,27.359958300978224,20770200
2021-03-29,27.7492733001709,27.87904188576634,27.385915650102202,27.398892178638132,32775600
2021-03-30,27.498376846313477,27.66275332300371,27.29506914225234,27.66275332300371,22111200
2021-03-31,27.701688766479492,27.753598177619615,27.455124838976793,27.511357559201638,22259200
2021-04-01,27.67572784423828,27.72330898525184,27.489723288062436,27.658424711078297,21046600
2021-04-05,27.978532791137695,28.155884173194366,27.749271997138692,27.775225052991864,29288200
2021-04-06,28.125600814819336,28.129927423638744,27.74494174460066,27.948249456050434,17258600
2021-04-07,28.090999603271484,28.242397919071554,27.948251205416092,28.103976130306382,15798400
2021-04-08,28.06937026977539,28.25104825140031,28.00881094256708,28.16453586974153,19909800
2021-04-09,28.039085388183594,28.21211341953698,27.982852680593705,28.095318095773482,15751200
2021-04-12,28.065044403076172,28.264025526344014,27.969882100828347,28.043417957207264,14201400
2021-04-13,28.398120880126953,28.450026984677038,27.900666476696877,27.952575881482502,18250800
2021-04-14,28.523563385009766,28.523563385009766,28.255369769810446,28.328905610995104,15125400
2021-04-15,28.83934211730957,28.852318644728275,28.510592421916197,28.527892258317227,23863400
2021-04-16,29.07292938232422,29.185398119846166,28.88692478959924,28.94748411744125,22376000
2021-04-19,28.925853729248047,29.137811347804686,28.856641192441977,29.090228553809364,21503400
2021-04-20,29.293537139892578,29.36707298729287,28.908551467931638,28.925854602655615,29548800
2021-04-21,29.046977996826172,29.436290341208466,28.93883586228865,29.32382159722335,19230200
2021-04-22,28.83934211730957,29.12483892146451,28.813389062472165,29.025346710861342,17983600
2021-04-23,28.8004093170166,28.94748101164322,28.726873469703293,28.852315420891646,16881600
2021-04-26,28.63603401184082,28.830691821277945,28.549521630025982,28.813388684867814,12578400
2021-04-27,28.415424346923828,28.60575223288958,28.367841550373495,28.592775706600502,20942000
2021-04-28,28.376489639282227,28.506261494281844,28.242394475955226,28.428399041329147,15158200
2021-04-29,28.63603401184082,28.653337148250955,28.376493566160477,28.376493566160477,19223600
2021-04-30,28.8609676361084,28.86961755304202,28.52356477169559,28.696589512251116,20484600
2021-05-03,28.856643676757812,29.124837329617467,28.80906087866601,28.925856219522505,21544000
2021-05-04,28.748502731323242,28.87827460420429,28.55817153116059,28.826365195004705,23445600
2021-05-05,28.264022827148438,28.748500711600144,28.10397460210658,28.748500711600144,23562800
2021-05-06,28.48030662536621,28.506262977858224,28.151556962665747,28.341884846272453,23305400
2021-05-07,28.566823959350586,28.78310820801293,28.454355225980166,28.463008444058666,18110800
2021-05-10,28.856643676757812,29.14646377405467,28.62738290426222,28.62738290426222,26442000
2021-05-11,28.501937866210938,28.865297118065683,28.302956754576364,28.82636423740038,28210000
2021-05-12,27.835783004760742,28.471659243556324,27.822806477476885,28.471659243556324,29553800
2021-05-13,28.372167587280273,28.54087234596785,27.84443676610901,27.866063211925237,28222800
2021-05-14,28.510589599609375,28.692267565958375,28.441377059913258,28.441377059913258,18910600
2021-05-17,28.277000427246094,28.661986079134465,28.233740942573878,28.497607957944826,25124000
2021-05-18,28.272676467895508,28.367842062714924,28.142904602189827,28.216443752882054,19532400
2021-05-19,28.2250919342041,28.25104498565447,27.896338981479254,28.138579562545928,26238000
2021-05-20,28.47165870666504,28.64468676773726,28.268350982422866,28.27700420060615,25679600
2021-05-21,28.618732452392578,28.726874573267274,28.415424737110452,28.540869993353375,20487800
2021-05-24,28.566823959350586,28.80473465273773,28.54952082342931,28.75715515424888,19343000
2021-05-25,28.22076416015625,28.597099891822705,28.155878233974406,28.597099891822705,20427400
2021-05-26,28.2250919342041,28.346210574619725,28.142902870964033,28.238068459929288,16841600
2021-05-27,28.03476333618164,28.324586738402033,28.026113418313983,28.324586738402033,16996200
2021-05-28,28.1861629486084,28.28997845682421,28.099647274898974,28.203462783114784,19565000
2021-06-01,28.013137817382812,28.315934456295913,27.94825188040548,28.25104851931858,22052200
2021-06-02,28.16021156311035,28.31593650301767,27.943927291043092,28.05639603658417,20491400
2021-06-03,28.32890510559082,28.419744078416286,27.935269556680467,28.030435137802904,23707200
2021-06-04,28.28565788269043,28.44570943802248,28.251051605823573,28.402453242057014,14469600
2021-06-07,28.337562561035156,28.380818749769844,28.264023409926967,28.31160620760582,13822400
2021-06-08,28.09532356262207,28.41974994694905,27.974204907177732,28.398123501468756,18363600
2021-06-09,28.346210479736328,28.398119882698737,28.103973199715927,28.16453251972103,18760800
2021-06-10,28.532217025756836,28.562496687857855,28.29862964659084,28.367842188670686,16654400
2021-06-11,28.59710121154785,28.61873095468509,28.39812011557999,28.532215282371595,18198400
2021-06-14,28.657665252685547,28.73120111108863,28.484637179791946,28.601432531595425,13733000
2021-06-15,28.744173049926758,28.899897960645482,28.61007788245498,28.692266946510827,32781000
2021-06-16,28.31160545349121,28.921528589181907,28.298628927240017,28.817713078936784,46277600
2021-06-17,28.467334747314453,28.623059686750757,28.20779428166597,28.289983360878484,25708800
2021-06-18,27.72764015197754,28.32458679331085,27.68438396208393,28.302957048246174,36079800
2021-06-21,28.086843490600586,28.156590246905004,27.65963421490172,27.81656857392038,27886600
2021-06-22,27.916833877563477,28.169672955245478,27.90375656766048,28.08684555803687,16608600
2021-06-23,27.620403289794922,27.899396993662158,27.53757589069245,27.899396993662158,25666400
2021-06-24,27.594249725341797,27.663998158180977,27.472190383606684,27.655279396209355,15215800
2021-06-25,27.89067840576172,27.91247447721165,27.576809655495005,27.607326151045296,18273600
2021-06-28,28.06940460205078,28.208901433728,27.964782809759573,28.004014734668722,16735200
2021-06-29,27.616039276123047,28.14787199024093,27.533213551356088,27.982220540707015,24688000
2021-06-30,27.563732147216797,27.6988704499295,27.45911033983518,27.59424697961424,19077400
2021-07-01,27.864521026611328,27.960425732740383,27.507060147500333,27.616042163398408,22993200
2021-07-02,27.908113479614258,27.93862831137197,27.768618293674425,27.93862831137197,18629400
2021-07-06,28.02581787109375,28.04325539414993,27.5855295600607,27.903758535567942,18156400
2021-07-07,28.208908081054688,28.213268293472108,27.881961992967543,28.03889638131878,24199200
2021-07-08,28.126073837280273,28.296088821554747,28.008374737562175,28.051966873536777,20513000
2021-07-09,28.160945892333984,28.23941305912021,27.929904602870774,28.16530610322945,21484200
2021-07-12,28.252498626708984,28.274296361693338,27.99530264840412,28.13043929287838,17323000
2021-07-13,28.038890838623047,28.29609010652656,27.938625928048165,28.204542293195743,22493200
2021-07-14,28.28301239013672,28.40507504521674,27.916834402498495,28.04761082985474,20720000
2021-07-15,28.60124397277832,28.62304170893751,28.178393167883712,28.187113592694423,28574600
2021-07-16,28.88895034790039,29.037167614032057,28.601239564970914,28.631754395370514,33106600
2021-07-19,28.431228637695312,29.00229333266773,28.10864280417099,28.771251992743533,45585000
2021-07-20,28.55328369140625,28.840997764712757,28.457379000304083,28.457379000304083,33779200
2021-07-21,28.239421844482422,28.636118012722292,28.21762743495766,28.57072813241306,22456800
2021-07-22,28.28301239013672,28.409431931354852,28.191467893227163,28.26993507998782,22875400
2021-07-23,28.64483642578125,28.67099104875811,28.300452811159566,28.35276538298091,16216800
2021-07-26,28.653547286987305,28.740731551722416,28.453017491536826,28.588157425502715,17936800
2021-07-27,29.14615249633789,29.194104852525882,28.466105737115324,28.63175721475822,34285800
2021-07-28,28.923824310302734,29.185380464802076,28.71022050547942,29.133071229422377,24948200
2021-07-29,29.00229263305664,29.08512002683038,28.836641171376243,28.976138014335284,30247800
2021-07-30,28.758174896240234,29.228978003274033,28.692785021507678,28.98485602599696,25265200
2021-08-02,28.980501174926758,29.085122986324837,28.78869174914076,28.823566794895928,23564200
2021-08-03,29.14615249633789,29.281289140576373,28.888953192614355,29.02409316272024,25994400
2021-08-04,29.102561950683594,29.137433672298574,28.740740816254046,29.02845164331625,32378000
2021-08-05,29.4207820892334,29.460017341751975,29.067681445901023,29.141788413487603,31790800
2021-08-06,29.40334701538086,29.616954164481275,29.32052294360233,29.39026970540884,20000800
2021-08-09,29.394624710083008,29.50360670836659,29.233330155311307,29.425139536567745,16865200
2021-08-10,29.425146102905273,29.525411027082008,29.290009459154682,29.42078589075827,15834200
2021-08-11,29.699785232543945,29.834925227779515,29.490541571966318,29.490541571966318,18488800
2021-08-12,29.730289459228516,29.83491457803882,29.634388089119312,29.647465397503893,18920200
2021-08-13,29.939538955688477,29.974413998302705,29.730292025870227,29.791321687511566,23580800
2021-08-16,30.122629165649414,30.336232990081015,29.909025341217813,29.93954017327947,25796600
2021-08-17,30.14006805419922,30.14442826636779,29.83927660604856,30.039806455393936,23037200
2021-08-18,29.987491607666016,30.201095425546566,29.887226690614323,30.135705551457825,31411200
2021-08-19,30.10955047607422,30.353669121382687,29.97005363220265,30.00056846286621,27723000
2021-08-20,30.48444938659668,30.506247119956246,29.900304056405403,30.057238424166215,23581600
2021-08-23,30.09210968017578,30.471368242180166,30.035440236786652,30.462647819586923,21830800
2021-08-24,29.89594841003418,30.105192025146575,29.695421893106758,30.07903740472435,25331000
2021-08-25,29.952613830566406,30.048518527026562,29.721572512294316,29.891584173885736,16329800
2021-08-26,29.87850570678711,29.96568997698808,29.813115841203018,29.952612669044605,16631800
2021-08-27,29.869789123535156,30.004929083343498,29.813119673207236,29.909024378275365,21005000
2021-08-30,29.91338348388672,30.000567762069707,29.760806008265945,29.861070921456708,23691400
2021-08-31,29.87850570678711,30.04851736178571,29.752086186888995,29.90030011140399,22580200
2021-09-01,30.27084732055664,30.37110891773314,29.922103521819388,29.96133877896432,26667400
2021-09-02,30.54547691345215,30.54547691345215,30.305715166727932,30.336229995777657,20598800
2021-09-03,30.292638778686523,30.497525491047824,30.218531809580064,30.453933351918554,18942000
2021-09-07,29.89159393310547,30.270852631330015,29.839281356356864,30.266492418467315,26290200
2021-09-08,30.427778244018555,30.510602309271384,29.804401019486015,29.874147775797187,29176200
2021-09-09,30.262123107910156,30.44085519700143,30.235968490332677,30.33187318927268,16355000
2021-09-10,29.839271545410156,30.27519956404795,29.830554448418813,30.240327850215724,24654400
2021-09-13,29.786970138549805,30.126993550293108,29.69978251639273,30.092118501430278,26236400
2021-09-14,29.68670082092285,29.97877182881875,29.61259384743295,29.882870447408582,28103200
2021-09-15,29.64746856689453,29.843634865367584,29.481813774002703,29.643108355011275,19812800
2021-09-16,29.39899444580078,29.76517248225022,29.35539897167018,29.643113136767074,31464000
2021-09-17,28.94562339782715,29.49489367610523,28.91946545304536,29.337959310882923,25108000
2021-09-20,28.892475128173828,29.147228682278744,28.576229799085024,28.883692025054877,45678600
2021-09-21,28.813411712646484,29.173579233390182,28.795842156628478,28.97592759252541,26417600
2021-09-22,28.79584503173828,29.028635807881965,28.68603780894971,28.918828585093397,24787600
2021-09-23,28.642120361328125,29.01107443390537,28.61576769580513,28.795849828630704,19333200
2021-09-24,28.611373901367188,28.82659515132945,28.541099011013607,28.637726566368404,23660200
2021-09-27,28.273164749145508,28.85294674771888,28.23363240664821,28.563054072906958,21783400
2021-09-28,27.917388916015625,28.29073447869236,27.833934354386873,28.246808908750598,40471600
2021-09-29,28.281946182250977,28.47959782991365,27.926171876038044,28.00083997839503,30867600
2021-09-30,28.057941436767578,28.404930979968608,28.018410770387053,28.387361422571658,27142600
2021-10-01,28.057941436767578,28.281947429240404,27.96131054660958,28.22923875704956,29001200
2021-10-04,28.4444637298584,28.523525063753436,28.014017945085303,28.027195951084636,40402600
2021-10-05,28.37417984008789,28.580617912476292,28.339040731798413,28.479593813906504,26130400
2021-10-06,28.813411712646484,28.83537449543153,28.11942932966101,28.286338436306977,33152400
2021-10-07,28.659683227539062,29.094518862352473,28.62893734126034,28.866121328717732,27540200
2021-10-08,28.448854446411133,28.712394467880344,28.42689501198908,28.655292566071747,17795800
2021-10-11,28.062334060668945,28.38736250730635,28.02280339277788,28.330263956872248,25420200
2021-10-12,28.25119972229004,28.33465427678878,28.027193744242332,28.1018618450832,20996000
2021-10-13,28.580625534057617,28.602588320357796,28.11065072626982,28.259986949748793,26205400
2021-10-14,28.932008743286133,28.989107293698552,28.6069769457216,28.677255177968167,21398000
2021-10-15,28.848548889160156,29.07694639997013,28.80023345111479,28.975925648457043,29602400
2021-10-18,28.57184410095215,28.729966788617947,28.41811128996253,28.655295321461228,20702000
2021-10-19,28.932008743286133,28.97153773563691,28.71239429409145,28.791455629843558,21413600
2021-10-20,29.38880157470703,29.502998653674496,29.019847628131625,29.05059351109208,27799600
2021-10-21,29.38880157470703,29.50739188011168,29.349269238872207,29.40636777835594,17372800
2021-10-22,29.538145065307617,29.59085374243439,29.401985171543554,29.46786682913859,21399800
2021-10-25,29.410770416259766,29.59085589626272,29.340495526026384,29.494224990022207,15160200
2021-10-26,29.568893432617188,29.797291017196073,29.38881130168882,29.437123404288315,19391400
2021-10-27,29.37123680114746,29.713834795918824,29.340490913182094,29.639166689581568,22263600
2021-10-28,29.564495086669922,29.56888831380062,29.309744880946738,29.344880644841023,15443600
2021-10-29,29.38880157470703,29.67869084961279,29.243855261729195,29.555707317770956,26666800
2021-11-01,29.49422264099121,29.568890753120762,29.28778451247362,29.38002218352496,16182800
2021-11-02,29.520572662353516,29.661125770100423,29.30974467625837,29.604027222001825,19864800
2021-11-03,29.410770416259766,29.5864626684197,29.173586378501504,29.472262201858094,20992200
2021-11-04,29.248252868652344,29.42833833863194,28.94518718537202,29.366846556456174,32183000
2021-11-05,29.524965286254883,29.65234206114982,29.314133953416626,29.344879840387794,21584400
2021-11-08,29.08574104309082,29.564498980834443,28.945187915849026,29.56010910417596,19670200
2021-11-09,29.235071182250977,29.318525736083004,29.0462026427181,29.13844029908762,16489400
2021-11-10,29.472257614135742,29.498613626040235,29.239466840457272,29.257036398043443,25833200
2021-11-11,29.29217529296875,29.467864165408546,29.13844250300827,29.454687835080605,15747400
2021-11-12,29.27461051940918,29.35367186534703,29.14723372033981,29.28339362404628,18179000
2021-11-15,29.661121368408203,29.67429769670249,29.34048620974752,29.4019779758208,19003800
2021-11-16,29.520572662353516,29.731403999499086,29.503003105003852,29.674302100350065,13213400
2021-11-17,29.54692840576172,29.590853979244258,29.300961279303174,29.450300856832126,19001800
2021-11-18,29.393198013305664,29.55571391727052,29.292177240042896,29.498615365037242,15305000
2021-11-19,29.560102462768555,29.625984108352704,29.353664370471204,29.432725696222313,20606000
2021-11-22,29.740188598632812,29.898311271683234,29.45908236899886,29.53814370552407,23154000
2021-11-23,29.77093505859375,29.946627293246262,29.590852947586644,29.735795941453116,19036400
2021-11-24,29.788497924804688,29.84998969046057,29.60402262783703,29.757752041976744,15931600
2021-11-26,29.322925567626953,29.770937621054284,29.24825409951328,29.577675811196915,21854600
2021-11-29,29.75776481628418,29.841219398806494,29.314142587001655,29.551326649656133,22821800
2021-11-30,28.888084411621094,29.621599250190332,28.861731748923642,29.617206022723856,48623000
2021-12-01,28.940793991088867,29.639169733818697,28.92322443172545,29.081347114945384,46024600
2021-12-02,29.30974578857422,29.582065560202626,29.011070004395886,29.011070004395886,35050200
2021-12-03,29.604028701782227,29.61281180537088,29.024246684464085,29.454689132370426,42771400
2021-12-06,30.05643081665039,30.36828290297463,29.784107718949535,29.797284048490663,47222000
2021-12-07,30.280437469482422,30.355105568443545,29.981761722587798,30.06082304826726,21789000
2021-12-08,30.24969482421875,30.45173971124917,30.08717892873645,30.306793373471752,25994400
2021-12-09,30.210159301757812,30.381458282536716,30.003721209267823,30.319966512567373,23783400
2021-12-10,30.3726806640625,30.517627012753888,30.214557983862942,30.333148318487243,23403600
2021-12-13,30.74602508544922,30.89536131307416,30.34193527429265,30.34193527429265,27500000
2021-12-14,30.561546325683594,30.803120199456725,30.416599990789464,30.74162842423808,35005000
2021-12-15,31.062273025512695,31.08862569114808,30.526413150586034,30.526413150586034,45364600
2021-12-16,31.22039031982422,31.409258876653183,31.005165750868787,31.031521762995254,30209200
2021-12-17,30.750411987304688,31.255525822867693,30.684526991179062,31.101793048224526,43674000
2021-12-20,30.779632568359375,30.810620126599176,30.20857324303401,30.45647708634296,30091200
2021-12-21,30.735370635986328,31.080661597702186,30.571577297335228,30.877028553033632,32355800
2021-12-22,30.8681697845459,30.912437240859717,30.64240136673787,30.68666882305169,18967800
2021-12-23,30.86374855041504,31.023114128747633,30.83276098670543,30.885880594555537,14505400
2021-12-27,31.01425552368164,31.01425552368164,30.784062698652917,30.877025380533215,15707400
2021-12-28,31.29315185546875,31.302003998154632,31.03639581149084,31.058531234292545,16104000
2021-12-29,31.46135711669922,31.51005232565076,31.27543179746061,31.32855138730593,13755400
2021-12-30,31.576459884643555,31.60744744245674,31.3462637031252,31.54547232683037,18672400
2021-12-31,31.687131881713867,31.797802219347076,31.448083547139255,31.510058666022598,18618800
2022-01-03,31.372827529907227,31.682703114464374,31.014253350759027,31.673850973787268,43299600
2022-01-04,31.275432586669922,31.678270788518866,31.266577069878913,31.372823007030572,29321800
2022-01-05,31.25773048400879,31.611876915988343,31.22674292451488,31.253302724826607,44486400
2022-01-06,30.9345703125,31.386107163182256,30.899158372701628,31.257729171415363,36259600
2022-01-07,31.1691951751709,31.31970521157726,30.677818611200838,30.86817172496753,39272000
2022-01-10,30.965553283691406,31.18689391724857,30.81504327401975,31.142626466015145,31169800
2022-01-11,30.68667221069336,31.054098555701728,30.48303918725748,30.939000454667255,33653800
2022-01-12,30.784059524536133,30.86374229755906,30.500743748763615,30.589278662171107,28113600
2022-01-13,30.9345703125,31.054096163664937,30.753072722340278,30.77078038093473,33949000
2022-01-14,30.722078323364258,30.992114146368273,30.567140566900424,30.93456342440329,32547200
2022-01-18,30.354665756225586,30.549446667706587,30.115617376878347,30.49632367983232,35534800
2022-01-19,30.491893768310547,30.76192969384946,30.35466361439083,30.363515756382945,32051200
2022-01-20,30.531736373901367,30.974417769196695,30.496321051703898,30.584855979806555,29529600
2022-01-21,30.474180221557617,30.8416065250053,30.41663286624513,30.682240980796436,48542600
2022-01-24,30.182008743286133,30.53615510577855,29.407316530550236,30.438764687223635,57602000
2022-01-25,29.70833969116211,30.066910431750113,29.571109581038797,29.7127674494406,52218600
2022-01-26,29.46486473083496,30.089046952858954,29.30107481979414,29.765888134438494,49234200
2022-01-27,29.72605323791504,30.097903949640894,29.57996758228388,29.739333137992297,44982000
2022-01-28,30.08462142944336,30.111181227284735,29.42059946428598,29.64636787810879,50050400
2022-01-31,30.65567398071289,30.682233772711285,29.84556655086567,29.907541650455002,52580000
2022-02-01,30.24842071533203,30.735369577322494,29.96510489099609,30.571576244313167,41020200
2022-02-02,30.695518493652344,30.739789323794636,30.173157822830888,30.226277415177393,45723800
2022-02-03,30.558290481567383,30.748643581163048,30.474179951372207,30.606985696165605,34289800
2022-02-04,30.314817428588867,30.58484991900873,30.00936624559921,30.292682012254126,37029200
2022-02-07,30.270545959472656,30.394499559994575,30.08462062477519,30.261693819559085,27543600
2022-02-08,30.292680740356445,30.491885969443725,30.2174257318026,30.394498922874742,38853200
2022-02-09,30.425491333007812,30.580429133398056,30.33252527538292,30.509598494710662,35231800
2022-02-10,29.65522003173828,30.27054678287257,29.593244918486654,30.12446451728823,45060000
2022-02-11,29.672927856445312,30.004938841043565,29.544549870447142,29.78359818464473,36059800
2022-02-14,29.42060089111328,29.819014765007882,29.137285109097242,29.77031954834351,37112200
2022-02-15,29.283369064331055,29.717194852827326,29.15056332158874,29.602100145000342,34174400
2022-02-16,29.349769592285156,29.473719807673064,29.062026090911758,29.323206419423414,32184600
2022-02-17,29.36747932434082,29.509140599535435,29.00890850932885,29.216969285532578,29159800
2022-02-18,29.314359664916992,29.557832382041838,29.18155390838294,29.270092205202538,33686800
2022-02-22,29.283369064331055,29.49142981851186,29.08416045021758,29.42059918841187,34421400
2022-02-23,28.787565231323242,29.425027402527288,28.75657767452251,29.336489113532068,34583600
2022-02-24,29.017763137817383,29.075310496057334,28.45555594565007,28.601641598171394,57320000
2022-02-25,29.916410446166992,29.951825769479058,29.208120866881245,29.27452037635247,42528000
2022-02-28,30.07134437561035,30.11561183533097,29.699490283697646,29.734905602430416,36705200
2022-03-01,29.810152053833008,30.270540932864638,29.584387060928716,30.00936063140644,33464600
2022-03-02,30.173160552978516,30.283830883567685,29.80573424484876,29.823441903029885,29259800
2022-03-03,30.704381942749023,30.85489199646681,30.26612830572197,30.292688108756632,41471200
2022-03-04,31.381677627563477,31.40823742525625,30.562717883929597,30.6246929968063,48683600
2022-03-07,31.788936614990234,31.859767229749842,31.186889899091966,31.4525013270509,61944000
2022-03-08,31.29756736755371,32.03684772446815,31.284287468593096,31.87305442337638,53129800
2022-03-09,31.07622718811035,31.567603721526144,31.018679832602267,31.5233362651822,50953800
2022-03-10,31.284290313720703,31.346265432766767,30.819476920875235,30.84160896202558,34039800
2022-03-11,31.178049087524414,31.5410476765661,31.147061526657104,31.33298689186096,24988400
2022-03-14,31.142627716064453,31.536613789419405,30.983262183315237,31.37724825667019,41004600
2022-03-15,31.541038513183594,31.607441375005106,31.262150546401053,31.443648099497352,29004400
2022-03-16,31.483491897583008,31.638429660499327,31.036382886833124,31.501199552972007,40011800
2022-03-17,31.616302490234375,31.842070933571293,31.439229267566024,31.501207766282135,31830000
2022-03-18,31.34626007080078,31.757953792550193,31.275432822888142,31.61629591933481,37038000
2022-03-21,31.555709838867188,31.702771587011433,31.38191082740842,31.390825515151384,36294400
2022-03-22,31.60028076171875,31.676038618018517,31.350720470440628,31.676038618018517,29286400
2022-03-23,31.64484214782715,31.827552461109576,31.413107848106204,31.56908089601985,27990000
2022-03-24,31.97015380859375,32.01026310275562,31.64929305512725,31.711685668263176,26591400
2022-03-25,32.433631896972656,32.44700053370517,32.01027586730343,32.086033742093335,28922000
2022-03-28,32.64307403564453,32.64307403564453,32.273192653790076,32.46481766126042,30959800
2022-03-29,32.946109771728516,32.946109771728516,32.57177103507729,32.629706313344855,38114600
2022-03-30,33.21794891357422,33.22686020227377,32.879262143713284,32.977303319196,35229200
2022-03-31,33.18229675292969,33.485331566196706,33.16447077568368,33.19566538587481,35701200
2022-04-01,33.645755767822266,33.668039085267154,32.95947106999371,33.1555533836467,38013800
2022-04-04,33.387290954589844,33.50761545304095,33.04415023669843,33.50761545304095,28391000
2022-04-05,33.59674835205078,33.979998442546986,33.39621201630756,33.40066596157601,38140600
2022-04-06,34.26520919799805,34.28749252538289,33.55218692114239,33.703702667492415,56489200
2022-04-07,34.18053436279297,34.265206921279294,33.86858819988259,34.25183828572002,42033800
2022-04-08,34.29639434814453,34.416718842871205,34.00672817190186,34.30530903662075,34388600
2022-04-11,33.82847595214844,34.36324167402819,33.779455364314416,34.31867843053113,46335800
2022-04-12,33.95771789550781,34.135974319622825,33.61457708405217,33.73489821535367,45313800
2022-04-13,33.890865325927734,34.05129572320692,33.66804570747971,33.96216583585318,35313000
2022-04-14,33.9086799621582,34.13595687173593,33.85966278554022,33.957700538732944,28427000
2022-04-18,33.72597885131836,34.14042349319996,33.56554844801208,33.948798478137334,29878000
2022-04-19,33.94434356689453,34.011190139723624,33.72598126894691,33.824022455768514,33030400
2022-04-20,34.22063446044922,34.389976131892816,34.1181359488141,34.305306996149646,36652400
2022-04-21,33.65467834472656,34.2072735231317,33.627941074788836,34.10923233341601,36817000
2022-04-22,33.088714599609375,33.64576366694287,33.06643127693296,33.61011171064368,54683400
2022-04-25,32.86144256591797,33.22241272776077,32.31776205051368,33.204586746932634,59671800
2022-04-26,32.53165817260742,33.151096323349556,32.51828954200905,32.74556646205219,41106200
2022-04-27,32.37568664550781,32.856977769037194,32.26873419582031,32.55394299495837,49067800
2022-04-28,32.73665237426758,32.85251950816934,32.36231711083309,32.53165876810722,39902600
2022-04-29,31.756256103515625,32.65198861000244,31.707235510628337,32.594056727480144,54338200
2022-05-02,31.430931091308594,32.054826628657494,31.034312489699346,31.907764882004948,65832200
2022-05-03,31.551259994506836,32.06819975217926,31.404198227254398,31.546802650056197,42152800
2022-05-04,32.255367279052734,32.31330255678569,31.613649079219908,31.74733881253784,56580200
2022-05-05,31.925588607788086,32.30883855087083,31.640379822232124,32.04145573940673,54849200
2022-05-06,32.17961120605469,32.28210973390472,31.72951459238266,31.73842928173891,55359800
2022-05-09,31.938961029052734,32.264279144915086,31.671578185854223,31.983524269592934,51419400
2022-05-10,31.551259994506836,32.42025516471194,31.17692125967859,31.983527207405256,65578400
2022-05-11,31.778535842895508,32.30884767198074,31.502241666363332,31.528978935070864,72101800
2022-05-12,31.45766830444336,31.82309569856041,31.123438917103552,31.74288050960057,49892000
2022-05-13,31.83201026916504,31.88103085636041,31.32398182001072,31.73396909477429,30208800
2022-05-16,31.930057525634766,32.06820462497753,31.711695213779848,31.845384967994676,23213600
2022-05-17,32.25982666015625,32.26428400486887,31.586910406779044,32.08157027118746,29901800
2022-05-18,31.94788360595703,32.38015428584699,31.86321104805252,32.313307708551754,37456600
2022-05-19,31.881032943725586,32.02363737036963,31.430936340897503,31.800817741240955,36552200
2022-05-20,31.97015380859375,32.05928368453284,31.528971972555873,31.965699864764634,31358000
2022-05-23,32.35341262817383,32.50047441374633,32.03255178690948,32.33558664810825,27082200
2022-05-24,32.99959182739258,33.06198105796767,32.17070244979997,32.415802027071244,32311400
2022-05-25,32.9773063659668,33.08425884003038,32.76339801788178,33.03523824776002,27723800
2022-05-26,33.070892333984375,33.31153796608214,33.044155063737314,33.18230215995789,23290000
2022-05-27,33.587825775146484,33.587825775146484,32.90154103905306,33.04414543876357,23241200
2022-05-31,33.124359130859375,33.40065323035068,32.98175473758605,33.275874811231134,31041000
2022-06-01,33.070892333984375,33.24469139050642,32.76785747133808,33.24469139050642,22422200
2022-06-02,33.29370880126953,33.324903413559916,32.55840334018728,33.23131957668876,25038200
2022-06-03,33.13327407836914,33.33826770384899,33.070884861916895,33.15555739851236,17691200
2022-06-06,33.280330657958984,33.53880217162854,33.24022136792768,33.43184633151625,20345800
2022-06-07,33.48087692260742,33.51207153531484,32.990674408651806,33.195668063580236,19820000
2022-06-08,32.825782775878906,33.333811155851464,32.77676219535901,33.333811155851464,19971400
2022-06-09,32.037010192871094,32.963940787229745,32.01472686706166,32.807967706438184,25767600
2022-06-10,31.791894912719727,32.07710709294534,31.524512106212367,31.72059441763096,32800600
2022-06-13,30.330204010009766,31.45767068461679,30.17868830826439,31.386370177900556,52721400
2022-06-14,29.563705444335938,30.477267243065526,29.22947601552622,30.36585743346229,51342600
2022-06-15,29.755329132080078,30.209883039060916,29.3943624529745,29.826633039040765,51664800
2022-06-16,29.18045997619629,29.38545362594264,28.94872565912114,29.38545362594264,48754400
2022-06-17,28.908620834350586,29.43001796724506,28.667975219178253,29.225024309866665,43129400
2022-06-21,29.458894729614258,29.620608968510812,28.937814753799664,29.009689272049535,37266400
2022-06-22,29.76884651184082,29.98895967096056,29.29268978597497,29.301675815047496,28582200
2022-06-23,30.469614028930664,30.523516502870823,29.903614062393828,29.9440443450154,41140200
2022-06-24,30.99967384338379,31.06256234190618,30.510038045269614,30.63132545468146,30075200
2022-06-27,31.2512264251709,31.323100950043273,30.81100352824256,30.932290932173192,23276800
2022-06-28,31.134435653686523,31.597116823026976,31.09400879912266,31.35454884131104,26371800
2022-06-29,31.156896591186523,31.278180579277088,30.95924505649611,31.18384782694747,30329400
2022-06-30,31.50278663635254,31.73637546120495,30.923311016872507,30.96374130189824,37737800
2022-07-01,32.27540588378906,32.329311763195584,31.538709334391996,31.6644862925088,34255800
2022-07-05,31.174856185913086,32.22599520184094,30.685220506157112,32.20353698760663,44053600
2022-07-06,31.49828338623047,31.78577456353428,31.08052223371632,31.327583143530283,28518200
2022-07-07,31.466846466064453,31.763320312244083,31.430909203749962,31.66000496704738,16799400
2022-07-08,31.363523483276367,31.502776072093464,31.26020472478382,31.435397998256484,12564600
2022-07-11,31.561182022094727,31.619577508185685,31.170371970717877,31.242246501752536,13232800
2022-07-12,31.408451080322266,31.808243743699435,31.27818106019754,31.377006829062253,19140800
2022-07-13,31.27817726135254,31.615081381291493,31.08951177670655,31.11646300960857,38159200
2022-07-14,31.27817726135254,31.32310055241048,30.703194778336613,30.77506930229657,18925000
2022-07-15,31.336570739746094,31.38149059585566,30.79752218493531,31.309616084348082,17484200
2022-07-18,30.900846481323242,31.309621700559898,30.887370864789695,31.264701836392764,15422000
2022-07-19,31.098495483398438,31.26919232430707,30.99517671971316,31.10298507043621,22715400
2022-07-20,30.685224533081055,31.165874248488326,30.644797685854773,31.15239863274623,34085200
2022-07-21,30.766082763671875,30.7795583798997,30.478591526925328,30.77057577813644,26029400
2022-07-22,31.188339233398438,31.30962321523368,30.94127482777797,31.01314935565524,19543000
2022-07-25,31.579137802124023,31.588120401264295,31.053564932548817,31.138915046623357,17292000
2022-07-26,31.76780891418457,31.866634658239253,31.516254967256636,31.552188797413848,17934400
2022-07-27,31.794763565063477,31.880113703598145,31.529733974910776,31.619573700719794,20684200
2022-07-28,32.93574523925781,33.003126745837335,32.32931853437366,32.35626976613916,29715600
2022-07-29,33.21874237060547,33.357998393571116,32.86836266042124,32.87285567462418,24547600
2022-08-01,33.25468063354492,33.2816318652446,32.90430091278601,33.11542803354222,23148800
2022-08-02,33.18730163574219,33.59608029230415,33.16035040200528,33.40292178713556,22916600
2022-08-03,33.3939323425293,33.47478946263667,32.62130182803911,33.137885366716894,21960400
2022-08-04,33.46580123901367,33.708372558583115,33.30408702596738,33.411895358943205,17328200
2022-08-05,33.34452438354492,33.52869684874447,33.03007849034774,33.37596863014806,22050200
2022-08-08,33.3939323425293,33.78923534179455,33.23671111653321,33.632014115798455,16899000
2022-08-09,33.76677322387695,33.82966171339261,33.4747889927453,33.4972506363576,16213600
2022-08-10,33.91500473022461,33.99136881901811,33.66794041099276,33.91949774343744,15778600
2022-08-11,33.910518646240234,34.251915749712595,33.811692898353584,33.96442453431449,16048200
2022-08-12,34.463043212890625,34.46753622706747,34.072233231481256,34.139614735471234,15798800
2022-08-15,34.75054168701172,34.786478953598696,34.33278038764559,34.395668890589626,15571000
2022-08-16,34.849361419677734,34.97513840377777,34.6382342990102,34.67417155937186,15577600
2022-08-17,34.790958404541016,34.94369002945124,34.67865704955261,34.70561170522228,21286000
2022-08-18,34.92123031616211,35.0290420904641,34.79994635402932,34.822404569968064,16559000
2022-08-19,34.90326690673828,35.06049157764954,34.7460456629931,34.87631567271513,17286600
2022-08-22,34.42710494995117,34.7999462909472,34.337265232027924,34.73705780296782,26453000
2022-08-23,34.22047424316406,34.440583972872105,34.0812216384541,34.36421986236444,15747000
2022-08-24,34.328277587890625,34.37319744473759,34.09019926215285,34.17554938917787,15002200
2022-08-25,34.53940200805664,34.53940200805664,34.14859208672953,34.40913203428094,14601800
2022-08-26,34.00933837890625,34.66967082556918,33.977894139882544,34.55287646898182,17732400
2022-08-29,34.112667083740234,34.36422106938509,33.636506918841874,33.83415843737199,22477400
2022-08-30,33.614051818847656,34.130638882014146,33.488274814354874,34.10368421878974,20560600
2022-08-31,33.3939323425293,33.83864821670271,33.38045672703902,33.632014115798455,22012800
2022-09-01,33.87458038330078,33.92398982361486,33.263660773707386,33.263660773707386,28160000
2022-09-02,33.5107307434082,34.27887176302386,33.411904981732604,33.959936258540125,25536800
2022-09-06,33.5960807800293,34.06325492552536,33.510730635735314,33.69939612896466,32900400
2022-09-07,34.647216796875,34.69662967293303,33.72185462190788,33.75779188216204,31509800
2022-09-08,34.62026596069336,34.84936171347311,34.436093497327306,34.516947193074,25150600
2022-09-09,34.75951385498047,34.95716533470587,34.52143553285597,34.82689535281098,21181400
2022-09-12,35.09193420410156,35.136854067785535,34.74604405668655,34.85385241496127,22680600
2022-09-13,34.1575927734375,34.880814032659565,33.991385474770546,34.737068383898034,35156200
2022-09-14,34.43609619140625,34.629251271466885,34.13512589375109,34.17106315722724,22297400
2022-09-15,33.57810974121094,34.162078238011375,33.49275960303519,34.162078238011375,36110000
2022-09-16,33.452335357666016,33.71287537972134,33.39393644714245,33.45682837243693,32222400
2022-09-19,33.90050506591797,33.90502851141013,33.25831382114918,33.34876202872469,21462800
2022-09-20,33.407562255859375,33.67891037596688,33.16334791264906,33.67891037596688,23408400
2022-09-21,32.95078659057617,33.85075906347588,32.93721970385769,33.624635083826234,30461200
2022-09-22,32.83320617675781,33.0548067446015,32.66135316807598,32.92365785267875,34700800
2022-09-23,32.453311920166016,32.557327010243085,32.03724120872425,32.51210290801924,32420600
2022-09-26,31.670927047729492,32.41261349544126,31.35435482628365,32.37191283141756,35939000
2022-09-27,31.137269973754883,31.928703868623487,30.98350733036183,31.87895631920151,38286000
2022-09-28,31.471935272216797,31.666402041633155,31.08752517929003,31.49907249727419,45882600
2022-09-29,30.210161209106445,31.381481618149632,30.14684677890831,31.30912374808505,40662000
2022-09-30,29.626768112182617,30.47246968295371,29.56345366678944,30.35488768458266,45553000
2022-10-03,30.495079040527344,30.662412022155184,29.902635337258552,30.110668977716465,50894000
2022-10-04,31.141796112060547,31.168929886681322,30.517695143134826,30.707638466236794,33993000
2022-10-05,30.449851989746094,30.743813815349267,30.110666064137277,30.743813815349267,34411400
2022-10-06,29.445863723754883,30.36844993772895,29.414206505890096,30.318702388173143,51342000
2022-10-07,28.835329055786133,29.46847861253162,28.63634057524593,29.35993661829125,42166800
2022-10-10,28.88507652282715,29.228784210972226,28.844374137700452,28.89412168898742,33035600
2022-10-11,28.781057357788086,29.15642395954421,28.62729299595372,28.776535637670417,34320000
2022-10-12,27.822296142578125,28.79010655091211,27.80420580919882,28.735837275963338,41833000
2022-10-13,28.518760681152344,28.631822685830763,27.29316723929444,27.401707522869003,61429800
2022-10-14,28.107213973999023,29.02075341856019,27.967016472512302,28.81271975198445,39305800
2022-10-17,28.69512939453125,28.966479167701213,28.49161749595098,28.49161749595098,28247400
2022-10-18,29.219741821289062,29.378027921816123,28.93030339450295,29.26496592852848,32083800
2022-10-19,28.83985137939453,29.034316406680755,28.591115357099653,28.83985137939453,25686800
2022-10-20,28.11173439025879,28.848899081300875,27.976060341188187,28.848899081300875,31037000
2022-10-21,28.631820678710938,28.8443760594773,28.021284861133093,28.215751633562796,31087200
2022-10-24,28.871509552001953,29.09763180459326,28.55945908373313,28.785583061513478,20061000
2022-10-25,29.450389862060547,29.527271190993517,28.89864677135893,28.966484658808493,28403600
2022-10-26,29.436817169189453,29.75791624740278,29.310188296282906,29.608673597029487,27068800
2022-10-27,29.671993255615234,30.006655828678447,29.58606502657225,29.64937947416857,24514600
2022-10-28,30.486040115356445,30.549354560944387,29.75339709449502,29.794097759353626,27185800
2022-10-31,30.201120376586914,30.53578292481459,30.02022048957415,30.409154039019164,21789600
2022-11-01,30.31869888305664,30.495075283680887,30.07900805402254,30.382013311466494,21479000
2022-11-02,30.024749755859375,30.84784112346312,30.011182865519707,30.219216568279002,42680400
2022-11-03,30.15589714050293,30.422721807528646,29.57702024560511,29.73982980359243,28656400
2022-11-04,30.341312408447266,30.4634212835334,29.8121831507485,30.219206983739063,24298400
2022-11-07,29.762439727783203,30.332273172968318,29.292101394497852,30.282525617018436,28592800
2022-11-08,29.970474243164062,30.15589758430343,29.708173018438426,29.803144686932306,24827800
2022-11-09,29.73530387878418,30.079013300371074,29.676512885114363,29.848365870718723,25781800
2022-11-10,31.137269973754883,31.191540968681938,30.178506549355955,30.63075448928087,35830400
2022-11-11,30.78904151916504,31.218675695073166,30.495079659154083,31.13727092538364,30624000
2022-11-14,30.422718048095703,30.974461098607797,30.409151161669676,30.807131565516055,20490600
2022-11-15,30.757381439208984,30.96993850975727,30.38653828964955,30.743814553919137,27241600
2022-11-16,31.033260345458984,31.19154646223496,30.7709556660139,30.7709556660139,26462200
2022-11-17,30.490558624267578,30.779997061519857,30.341315959640465,30.694072289771373,23247200
2022-11-18,31.137269973754883,31.16892719153451,30.761903355526492,30.775473692041725,23483000
2022-11-21,31.277463912963867,31.367912105562432,31.064906864942124,31.087517187903078,22876400
2022-11-22,31.54429817199707,31.738764951072547,31.34530794679097,31.42671272524997,14904800
2022-11-23,31.897050857543945,31.91061774547047,31.453849750178197,31.453849750178197,14333400
2022-11-25,32.08247375488281,32.181968865488145,31.992022085978707,32.01463586579933,8983000
2022-11-28,31.752328872680664,31.98297629849641,31.6166565548429,31.860867417026498,18262600
2022-11-29,31.51716423034668,31.584998670057345,31.331740894128416,31.55786489417308,19004400
2022-11-30,32.304073333740234,32.37191122078297,31.426711148844912,31.458368369414423,32946400
2022-12-01,32.276939392089844,32.79250181034215,32.19553461813536,32.620645370672555,30706200
2022-12-02,32.123172760009766,32.209100978438734,31.80207711532546,31.933229440682968,20708200
2022-12-05,31.942272186279297,32.06438106774309,31.82016675519362,31.87895774788256,22903000
2022-12-06,32.14125442504883,32.15934475301731,31.774934772224544,31.897040173040217,25649600
2022-12-07,31.99201774597168,32.385474688977204,31.874435767914953,32.16839416343466,28297800
2022-12-08,32.20005416870117,32.31763960731692,31.878958523200417,31.996543961816165,19920000
2022-12-09,32.03272247314453,32.313113988182785,32.00106525530544,32.086990017795564,23837200
2022-12-12,32.76536178588867,32.77440867687632,32.082469882573214,32.20457530788284,22763800
2022-12-13,32.86486053466797,33.371379524516975,32.507584209289426,33.22666030604274,27388400
2022-12-14,32.824161529541016,33.32615709874586,32.58447063531102,32.977924197394785,26637400
2022-12-15,32.426177978515625,32.751797068069024,32.27241532532551,32.69752952006224,26308000
2022-12-16,31.874441146850586,32.18196993054543,31.47646069125816,32.18196993054543,39263400
2022-12-19,31.7476806640625,32.053168686004355,31.542505308955125,31.71120744175229,19664600
2022-12-20,31.756805419921875,31.93006455233432,31.524270771692215,31.729446151617744,15964000
2022-12-21,32.199073791503906,32.21275168545275,31.84343115578458,31.948300807075505,16484800
2022-12-22,32.00301742553711,32.148920765805194,31.474115642934045,32.148920765805194,14103800
2022-12-23,32.331302642822266,32.35409797560613,31.939186741393456,31.943743720784095,11349400
2022-12-27,32.531917572021484,32.600310527591624,32.19907718878248,32.404252576882676,12211400
2022-12-28,32.22187042236328,32.7416512850571,32.17171582345335,32.6048688614382,14431200
2022-12-29,32.454410552978516,32.63679062725547,32.358661796670496,32.381457131823495,11555200
2022-12-30,32.14435577392578,32.47719956997449,31.843428220352198,32.422484520613054,14700200
2023-01-03,32.14435577392578,32.344974142974834,31.706645814862917,32.235544044251974,25774200
2023-01-04,32.43616485595703,32.72797151730723,32.2401069292427,32.29026152528193,20872600
2023-01-05,31.733997344970703,32.31305356758488,31.63824863038446,32.1899455926818,19572800
2023-01-06,32.37233352661133,32.52735429911868,32.048610608778404,32.09420474900939,19620400
2023-01-09,32.591190338134766,32.83739939162052,32.27202439862854,32.367773136897426,23438800
2023-01-10,32.600303649902344,32.61854199944732,32.217308745286395,32.50455492374836,17215000
2023-01-11,32.86475372314453,32.91034785662393,32.59574242198013,32.60030287891089,21371800
2023-01-12,32.64133834838867,32.951383343131916,32.61398256252031,32.90578920714812,25797800
2023-01-13,32.522796630859375,32.63222326081663,32.28114456200759,32.50455827943152,23793600
2023-01-17,32.477203369140625,32.77812747930662,32.42248831337865,32.54559284058066,19530400
2023-01-18,31.697525024414062,32.61854255990814,31.656491346189938,32.61854255990814,29020400
2023-01-19,31.378368377685547,31.71576921568362,31.30085798546886,31.68385296720556,28394000
2023-01-20,31.565311431884766,31.57898932824713,30.931539912008006,31.360132550617905,26621000
2023-01-23,31.574420928955078,31.879905466253394,31.319090984778526,31.455873392611853,19652600
2023-01-24,31.733997344970703,31.829746059556946,31.200538730014895,31.606332392189046,20658800
2023-01-25,31.3054141998291,31.37836412420016,30.986248279702778,31.268937498338712,25983000
2023-01-26,31.410276412963867,31.46043100154493,31.081993098109393,31.141268600219345,20360000
2023-01-27,31.410276412963867,31.547062287022992,31.21877897216852,31.341883475934306,15425800
2023-01-30,31.268938064575195,31.624577214022317,31.24613925607842,31.296293851883505,15561000
2023-01-31,31.5014705657959,31.510591481029945,30.986250170590083,31.35556722954054,19442400
2023-02-01,31.55618667602539,31.77960040618731,31.12759408955922,31.351011298331187,30944600
2023-02-02,31.624584197998047,31.975662967556122,31.328217015139103,31.574429591116818,24997000
2023-02-03,30.963455200195312,31.464997706998847,30.548540517464133,31.341889700175543,25362200
2023-02-06,31.2278995513916,31.255258816123767,30.79475003760648,30.849465088461187,31414200
2023-02-07,31.2142276763916,31.314536882993227,30.78107807909582,31.08656267839328,21124400
2023-02-08,30.68988037109375,31.045519504870008,30.534859611697794,31.031841611818557,22471400
2023-02-09,30.270414352416992,30.931538148719884,30.220259749540467,30.762839465053638,20715200
2023-02-10,30.872257232666016,30.899613015966608,30.265845193034885,30.302321889841856,30963400
2023-02-13,31.0591983795166,31.13670875298311,30.88593580516871,30.88593580516871,16183800
2023-02-14,30.926979064941406,31.24158107776687,30.762837371897675,31.02728826386925,14150400
2023-02-15,31.127595901489258,31.150394713053522,30.74916137123825,30.74916137123825,11020000
2023-02-16,30.890506744384766,31.036410105730425,30.562223311704393,30.822113782807932,18399600
2023-02-17,31.223346710205078,31.369250053208415,30.735482080917972,30.8996202980129,21873200
2023-02-21,30.639719009399414,31.081989339619952,30.616923685552198,30.995361543226352,16969000
2023-02-22,30.521181106567383,30.872259776082664,30.43911027129491,30.63516818452306,26750200
2023-02-23,30.361600875854492,30.657968017809146,30.229378907173707,30.657968017809146,21406600
2023-02-24,30.370725631713867,30.480152282456295,29.97404923968312,30.097157265552543,23150400
2023-02-27,30.16554069519043,30.81298643553805,30.101704733933193,30.521179806688153,21720600
2023-02-28,29.636642456054688,30.17466164286284,29.636642456054688,30.02875831145435,41151800
2023-03-01,29.148778915405273,29.50897853873939,29.011994754696296,29.481622750180577,47276000
2023-03-02,29.700477600097656,29.71871595297968,29.06670962154033,29.107745045872356,30688600
2023-03-03,30.20657730102539,30.22481565192333,29.527215253473432,29.819021910620975,30175200
2023-03-06,30.35248565673828,30.44367394772132,30.183783491948304,30.2248206579179,24243200
2023-03-07,29.85550308227539,30.457354837575494,29.709599731857498,30.379840965001716,24055200
2023-03-08,30.083473205566406,30.142745237864442,29.73239103339013,29.84637811915467,27407400
2023-03-09,29.84181785583496,30.443669533442414,29.741512141741904,30.16554424268873,34067200
2023-03-10,29.3721923828125,29.98772197029242,29.221728589830104,29.98772197029242,41666400
2023-03-13,29.823583602905273,30.480146869368735,29.294681840793988,29.33571552305613,67671200
2023-03-14,30.215702056884766,30.461914635737013,29.919338349176318,30.047003357778834,35118400
2023-03-15,30.626049041748047,30.822106966316646,29.98316369376899,30.129067022847266,48336800
2023-03-16,30.831222534179688,31.009042076948827,30.393512622854946,30.51205666562827,31646800
2023-03-17,30.534862518310547,30.822108735562878,30.306888336126487,30.758276242840136,35814600
2023-03-20,30.77370262145996,30.874751160896917,30.571605542586045,30.580793684852786,38838000
2023-03-21,30.15363311767578,30.860969317651207,29.749439000976007,30.824223760815016,51865000
2023-03-22,29.561126708984375,30.27305704114406,29.547348000042486,30.11229609215676,35793200
2023-03-23,29.257980346679688,29.855081628831396,29.111001623446175,29.570308819457455,33769000
2023-03-24,30.172006607055664,30.181191244356548,29.262573327300803,29.290132495577343,36112000
2023-03-27,30.208751678466797,30.479745813281102,30.126075917502217,30.263870020526387,28273800
2023-03-28,30.291425704956055,30.6129440921859,30.135262334436817,30.135262334436817,22038800
2023-03-29,30.732362747192383,30.782883506501964,30.452184014457547,30.452184014457547,19807800
2023-03-30,30.865554809570312,31.017127578413177,30.691018699667033,30.80584591771491,20585600
2023-03-31,31.090621948242188,31.10440065517657,30.787476378689867,30.966606577334794,23444000
2023-04-03,30.879344940185547,31.10899943519013,30.704805281262388,30.975799407577533,24071400
2023-04-04,31.03550910949707,31.090627451239442,30.778297189865174,30.86097295035394,21613800
2023-04-05,31.839296340942383,31.926566162986074,31.164111622339327,31.168705693038785,37674400
2023-04-06,32.064353942871094,32.133250980343625,31.738245036699915,32.09650542645842,33350400
2023-04-10,32.000057220458984,32.009245362847786,31.56371507172958,31.880639403401204,20463000
2023-04-11,32.027618408203125,32.11947880735323,31.871451524548426,31.95412728548336,17274000
2023-04-12,31.995468139648438,32.22512265054141,31.880640884201952,32.08732854230573,25109200
2023-04-13,32.000057220458984,32.087327051904694,31.393769480032553,31.85307848048438,32892400
2023-04-14,31.64179039001465,31.830108724323598,31.494811679632804,31.765805757547096,18129400
2023-04-17,31.816333770751953,31.871452113810847,31.499412934849914,31.69691595049886,15613800
2023-04-18,31.65097999572754,31.894413167543046,31.53155869293632,31.830110197789857,15566200
2023-04-19,31.894420623779297,31.990875100958082,31.683138887447214,31.729069090258562,20634600
2023-04-20,31.885223388671875,32.009238755574664,31.69690855956792,31.92196894214299,14737400
2023-04-21,31.97709083557129,32.20215124322494,31.78877248123408,32.091918074777126,14075600
2023-04-24,32.137855529785156,32.19297037433529,31.77500095141331,31.96790991583884,13579000
2023-04-25,32.10569381713867,32.28022994307959,32.009239365625355,32.01842400204375,20503200
2023-04-26,31.352432250976562,31.958719970110987,31.315686691210974,31.85767143288034,29513800
2023-04-27,31.729063034057617,31.756620449634507,31.416732808605865,31.444290224182755,24933400
2023-04-28,31.68313217163086,31.87144701451558,31.485629187581548,31.637198474306143,24246800
2023-05-01,31.738252639770508,32.04598884271896,31.582089254721943,31.60964667461293,21016200
2023-05-02,31.352432250976562,31.793368455415287,31.173302027431127,31.710692698067433,22931000
2023-05-03,31.26516342163086,31.715287782518807,31.228417860691117,31.526969410889794,23714400
2023-05-04,31.50400161743164,31.628017005833456,31.026323356493364,31.32028082672436,29262200
2023-05-05,31.70610237121582,31.784184066751294,31.398366156399625,31.398366156399625,22833200
2023-05-08,31.60964584350586,31.903603328779845,31.5040032296185,31.67394882439394,16573400
2023-05-09,31.56830596923828,31.650981721177875,31.343242058583748,31.53615448260895,20562200
2023-05-10,31.857677459716797,31.940353232705256,31.53616251156731,31.76581704717412,21416600
2023-05-11,31.53156852722168,31.885234971168178,31.384589764195198,31.876050331588452,29748200
2023-05-12,31.70610237121582,31.908199469542808,31.51778748761556,31.70610237121582,23748200
2023-05-15,31.30649757385254,31.871445581351793,31.177888133075268,31.82551539034153,26370200
2023-05-16,30.612943649291992,31.329464523424615,30.594570869923288,31.26975561866335,28008000
2023-05-17,30.502710342407227,30.718582614473572,30.374100887395183,30.709397976954524,34176600
2023-05-18,30.410844802856445,30.442996288809958,30.14444477395638,30.360320538608185,32335600
2023-05-19,30.364913940429688,30.723174348663314,30.34654116253962,30.553228781366997,24945000
2023-05-22,30.374101638793945,30.599165562445677,30.263868464591713,30.442998686763875,18989400
2023-05-23,30.268463134765625,30.56701467904565,30.185787376414996,30.259274992588058,24128000
2023-05-24,30.070959091186523,30.33735913715053,30.02043482370199,30.22712246032098,23127600
2023-05-25,29.666763305664062,30.02961779553897,29.455481609834845,30.015839087761943,32252200
2023-05-26,29.666763305664062,29.6897301547919,29.36362122182186,29.620833111657568,33187800
2023-05-30,29.551939010620117,29.86886333804051,29.506008812040957,29.71729052890471,31165800
2023-05-31,29.82293701171875,29.956137057867885,29.377406668728536,29.565725062879032,34266200
2023-06-01,29.602462768554688,29.919387090495984,29.418741977414278,29.87805096376423,37306400
2023-06-02,29.910202026367188,30.025029271318193,29.38199599874269,29.450893046563174,46091600
2023-06-05,30.05258560180664,30.378694545162872,29.910200944576967,29.974503919083872,24089000
2023-06-06,30.029619216918945,30.240900922748672,29.946943462094325,30.19038015992468,25723200
2023-06-07,30.539453506469727,30.61294462628997,29.86886280723259,30.052587102533735,38529600
2023-06-08,30.672657012939453,30.71858721591341,30.30061781332559,30.530272332445232,29318200
2023-06-09,30.493526458740234,30.704808193675003,30.475153676887235,30.681844844546124,26632600
2023-06-12,30.43840980529785,30.599170779386096,30.314397901208373,30.516495008576435,22967400
2023-06-13,30.433815002441406,30.539454108955237,30.204160504846694,30.254684774657495,23737200
2023-06-14,30.41544532775879,30.778299891518433,30.355732909567394,30.544051298863494,28047200
2023-06-15,30.74614143371582,30.819629041592588,30.465962701171872,30.530265672157455,27402400
2023-06-16,30.911489486694336,31.15951320185439,30.796662264981872,30.81962560677514,27370800
2023-06-20,30.548965454101562,30.88695595315614,30.516555357857488,30.822135760667987,25850800
2023-06-21,30.794355392456055,30.8267654873372,30.10910884469487,30.442471839149746,21445400
2023-06-22,30.558225631713867,30.97029839172848,30.470253851788584,30.910109218979247,20000800
2023-06-23,30.10910987854004,30.752684307874834,30.067441269020126,30.646195506366922,25439200
2023-06-26,30.405431747436523,30.498034544818417,30.044289668735964,30.160040516136682,20535200
2023-06-27,30.41469383239746,30.521182633978793,30.317463544348428,30.428583368913674,17020800
2023-06-28,29.965579986572266,30.405431794400176,29.886870258002727,30.405431794400176,29447600
2023-06-29,29.965579986572266,30.132261489681596,29.66462707637844,29.72944726842812,29307800
2023-06-30,30.2989444732666,30.331354570875074,29.993360525156117,30.007250062354647,27858600
2023-07-03,30.525814056396484,30.539703593094444,30.13226187606676,30.234123188432577,16329200
2023-07-05,30.873065948486328,31.1045676417016,30.37765246630306,30.41932107551277,38338000
2023-07-06,30.49803352355957,30.715642142140226,30.331352026289196,30.627673903117547,30845600
2023-07-07,30.275794982910156,30.488776143696423,30.1970852450527,30.29894656813221,25787600
2023-07-10,30.146150588989258,30.326721625999607,29.905386851351803,30.22486031641726,24820200
2023-07-11,30.52118492126465,30.530446967926586,30.09522261814625,30.206342451038918,22871800
2023-07-12,30.965665817260742,31.002706936682767,30.558224100925212,30.613785780058247,26655000
2023-07-13,31.072153091430664,31.081411603560348,30.8545409658156,30.9656607735468,19835400
2023-07-14,30.951778411865234,31.086049829689053,30.7758383811491,30.993450557193366,20285600
2023-07-17,30.595264434814453,30.919365390346936,30.581374898496705,30.849914176322695,21260800
2023-07-18,30.359134674072266,30.831396617004668,30.090591837681377,30.567484803982126,36264600
2023-07-19,30.66933822631836,30.849909234393948,30.382278435241744,30.382278435241744,27154000
2023-07-20,31.229576110839844,31.275879274110352,30.595263750284563,30.752683201611,33329000
2023-07-21,31.69721031188965,31.822223200054353,31.299027130773457,31.354588806895034,36746000
2023-07-24,31.613868713378906,31.799070763032738,31.465707780142896,31.743509088406004,26484600
2023-07-25,31.669429779052734,31.76666005845347,31.47959671038804,31.576826989788778,16701600
2023-07-26,31.669429779052734,32.02131331338533,31.521268848665624,31.586089034932783,23158200
2023-07-27,31.10919761657715,31.678689784536612,31.044377427255508,31.544418383103107,32130200
2023-07-28,31.03974151611328,31.43792463491496,30.886949580016974,31.312911766314407,26432200
2023-07-31,31.05363655090332,31.289769263751797,30.910106633503002,31.164756373005652,25047000
2023-08-01,30.673974990844727,31.17864699701181,30.65545443110893,31.01659651486805,26919600
2023-08-02,30.673974990844727,30.81750491325269,30.49803497200801,30.54896562817256,30335000
2023-08-03,29.974842071533203,30.60452703998592,29.947062995183686,30.58137898717331,41266400
2023-08-04,29.627588272094727,30.24801289725578,29.497946119377474,30.053552317506604,36497800
2023-08-07,29.62295913696289,29.877610669338253,29.61369885644878,29.738711760280324,25131800
2023-08-08,29.761857986450195,29.77574752326033,29.34515598618592,29.618328062831328,30350200
2023-08-09,29.826677322387695,30.09058911150006,29.697036939305907,29.747967594435966,26387400
2023-08-10,29.73407745361328,30.127629617807603,29.646105681552218,29.947058583266262,27384400
2023-08-11,29.89613151550293,29.93780366132284,29.669260822506107,29.761860096094566,24336200
2023-08-14,29.659996032714844,29.89612875069436,29.530355648705864,29.877608191202285,21549600
2023-08-15,29.1784725189209,29.50257523038218,29.159951960273354,29.488683928287678,30379000
2023-08-16,29.30811309814453,29.437755243349322,29.19236225512957,29.30348384155972,25028400
2023-08-17,29.243295669555664,29.62758935243159,29.2294061322722,29.340525962975647,23752800
2023-08-18,29.396087646484375,29.465537099124145,29.210885573675927,29.238666414462553,25675600
2023-08-21,29.210886001586914,29.38682779671053,28.979384290294014,29.30811629643764,24162000
2023-08-22,29.294221878051758,29.3775626215287,29.081240763040732,29.19236057686492,27057800
2023-08-23,29.409971237182617,29.484051698083633,29.20625041125921,29.451641606828034,26772000
2023-08-24,29.238666534423828,29.76185912475121,29.21088569352322,29.35904664589071,25933800
2023-08-25,29.460906982421875,29.609067929858096,29.261815378138614,29.280335938122594,24981000
2023-08-28,29.45627212524414,29.673882494969078,29.396082962457236,29.51183379796409,17326400
2023-08-29,29.567394256591797,29.655366023598997,29.37293193087585,29.493313791132774,23746200
2023-08-30,29.433124542236328,29.66462623079645,29.322004720809392,29.470165660190453,22480800
2023-08-31,29.150691986083984,29.576656008347847,29.14143170666328,29.548875170085736,27542200
2023-09-01,29.002531051635742,29.40534349229243,28.77566038756036,29.30348395108658,28775400
2023-09-05,28.558048248291016,29.00253106341812,28.40062703048962,28.984010504566733,37650600
2023-09-06,28.622867584228516,28.655277678142795,28.43766553367464,28.599717769463695,38940200
2023-09-07,28.997901916503906,29.22940360436885,28.79417930080342,28.868259770271493,33748600
2023-09-08,29.25255584716797,29.303486505319103,28.956233944708107,29.048834980781276,32521400
2023-09-11,29.37293243408203,29.52572439020625,29.210881965057233,29.220142244175456,27023600
2023-09-12,29.409971237182617,29.493311976473446,29.1738385537861,29.368300867537204,22094800
2023-09-13,29.761857986450195,29.896129396340843,29.42386571640042,29.42386571640042,30120800
2023-09-14,30.19708251953125,30.21560307955008,29.905388114779267,29.947060257930534,26201000
2023-09-15,30.06744384765625,30.377655297693877,30.035033748882704,30.14615358290117,34802000
2023-09-18,30.045034408569336,30.14305257618677,29.83499242562369,30.08704066852266,19135000
2023-09-19,29.881668090820312,30.129051352628707,29.87233455313876,30.021696083462064,24889000
2023-09-20,29.9096736907959,30.22239881616993,29.820989064383145,30.00302330518651,18736000
2023-09-21,29.596948623657227,29.942348272162285,29.58294653673468,29.886336363412358,25628600
2023-09-22,29.540939331054688,29.736975675635048,29.344901205944407,29.46625856447218,24595400
2023-09-25,29.498929977416992,29.522267382087378,29.190871606390317,29.36823730630912,24729800
2023-09-26,28.616764068603516,29.410246542841165,28.5374147528618,29.377573818868083,46833400
2023-09-27,28.065994262695312,28.630767699572626,27.991313492368807,28.56075369840965,52042200
2023-09-28,27.459213256835938,28.229358380318004,27.41720521151655,28.1733482467355,77189800
2023-09-29,27.505884170532227,27.921296015038262,27.356522648474545,27.69725373195174,45737800
2023-10-02,26.226974487304688,27.34718769832261,25.91424935270899,27.34718769832261,111645400
2023-10-03,26.53036880493164,26.619051662522914,25.638866337775166,26.021605505002764,115236400
2023-10-04,26.502363204956055,26.71707197866563,26.086951306686476,26.665728614963992,58997200
2023-10-05,26.34833335876465,26.511696978721513,26.091618335748183,26.4323494434653,56290000
2023-10-06,26.721738815307617,26.78708426726374,25.564185976360513,26.0216059205834,68207400
2023-10-09,26.9877872467041,26.9877872467041,26.56304005877408,26.675062097367995,40487600
2023-10-10,27.35652732849121,27.370529417163965,26.987790228847846,26.987790228847846,61414400
2023-10-11,27.799945831298828,27.823283239791785,27.31451990031276,27.510556268289747,53347400
2023-10-12,27.370527267456055,27.823280424636465,27.123147557506325,27.659915020654793,55086600
2023-10-13,27.678585052490234,27.855952540166207,27.482548708635143,27.55256092549914,39568800
2023-10-16,27.963306427001953,28.06599314982794,27.51988859178877,27.7345955753977,39554800
2023-10-17,27.88862419128418,28.06599167213694,27.683252536975093,27.725260577689433,36960400
2023-10-18,27.645912170410156,28.02865131810689,27.46854468374853,27.86061914974639,46727000
2023-10-19,27.370527267456055,27.8139451060778,27.35185663033873,27.557230077569407,39363800
2023-10-20,27.08580207824707,27.571227884756293,27.081135309957226,27.305177578993096,40044800
2023-10-23,26.857097625732422,27.244503558992673,26.623719999746974,26.83842698832639,41041200
2023-10-24,27.547897338867188,27.659917611001916,27.17916023365262,27.263176328018726,47194400
2023-10-25,27.701923370361328,27.757935282332948,27.389198207571333,27.501218470454624,41309400
2023-10-26,27.939971923828125,28.187351657577363,27.767272965203006,27.77660650412966,47174600
2023-10-27,27.412534713745117,27.97730812027056,27.328518629076715,27.818611269289125,40502400
2023-10-30,27.622575759887695,27.80461002199181,27.319184136027523,27.529224354043798,28539200
2023-10-31,27.86062240600586,27.88862836418249,27.53856189936012,27.73459826500619,21364600
2023-11-01,28.17801284790039,28.34604501624917,27.62724153188156,27.89796042100569,46523000
2023-11-02,28.705446243286133,28.854807772353524,28.19201620968321,28.238691019818067,51100200
2023-11-03,28.873477935791016,29.24221498361957,28.86414261781094,29.20487371169928,45147200
2023-11-06,28.79880142211914,29.018175195167842,28.77079546404628,28.924825562651854,38240000
2023-11-07,28.588754653930664,28.850138194614434,28.542079848340208,28.81279692571831,37684600
2023-11-08,28.378721237182617,28.47673942062168,28.061327497973164,28.467405881700923,43295600
2023-11-09,28.005311965942383,28.518741973106078,27.99130987972894,28.43005912620465,32195600
2023-11-10,28.154678344726562,28.23402766819536,27.967975520530647,28.131340936834597,28030200
2023-11-13,27.8186092376709,28.159342100903125,27.77660119840458,28.09399487718791,31159600
2023-11-14,28.929489135742188,28.952826541292712,28.388053136532427,28.44406326595967,57318200
2023-11-15,28.84080696105957,29.260885612443154,28.775461511768565,28.85014227960542,49662800
2023-11-16,28.994834899902344,29.22821251901415,28.97149749409715,29.07885098522499,34650400
2023-11-17,29.07418441772461,29.18620467857768,28.915487564407808,29.15353195411804,23879000
2023-11-20,28.98550033569336,29.097522379215075,28.602761172833304,28.938825522868466,28316600
2023-11-21,29.04617691040039,29.106855587096398,28.775459810694084,28.96216082898433,20288400
2023-11-22,29.18620491027832,29.19554022884518,28.910819244410902,29.148865416540854,17919600
2023-11-24,29.260887145996094,29.265555695778673,29.069517557101413,29.18153960499271,9798600
2023-11-27,29.307559967041016,29.368236862160405,29.07418236280695,29.28422256272357,24833200
2023-11-28,29.400911331176758,29.6156182994991,29.19553790014685,29.31222670213027,29415200
2023-11-29,29.167531967163086,29.526931888718643,29.06484525784452,29.410243093776533,35806400
2023-11-30,29.293556213378906,29.330897484855164,29.050845070902543,29.251548173233033,30483600
2023-12-01,29.652957916259766,29.657626465455635,29.116190493173068,29.30756005801786,29342800
2023-12-04,29.536270141601562,29.7836516222264,29.386908611672922,29.512932736399566,30515800
2023-12-05,29.326231002807617,29.568942147656138,29.20954219909859,29.564275378940906,22536600
2023-12-06,29.718307495117188,29.727642814277818,29.414917634781993,29.456925680739797,26817800
2023-12-07,29.652957916259766,29.867666666024267,29.51760025858649,29.760311400877104,21876600
2023-12-08,29.596948623657227,29.73230806567474,29.377573099044696,29.606283941782216,24002800
2023-12-11,29.788320541381836,29.82566181682449,29.442922646187355,29.442922646187355,22448800
2023-12-12,29.66696548461914,29.844331204534594,29.43825461979231,29.8303291162597,21768200
2023-12-13,30.787174224853516,30.787174224853516,29.540938628305273,29.6996354760841,43452000
2023-12-14,30.385766983032227,31.132574693437586,30.325090080676187,30.973879612940223,64968200
2023-12-15,29.858335494995117,30.236406127996638,29.638959946096904,30.08237603267745,53129000
2023-12-18,29.790958404541016,30.111342098250127,29.72970810498693,29.941726990133148,32507000
2023-12-19,29.960573196411133,29.998264443759663,29.767400835828777,29.894612165573736,25377800
2023-12-20,29.352785110473633,30.007686456985514,29.34807437873971,29.92287890734912,36651800
2023-12-21,29.404611587524414,29.607207196996043,29.197305246408337,29.4517260931816,31753600
2023-12-22,29.503551483154297,29.795667153315478,29.44701372005665,29.512974743221083,26447400
2023-12-26,29.682592391967773,29.79566972522679,29.44701626187279,29.456439522752977,19075000
2023-12-27,29.663745880126953,29.72028544542699,29.512977300600006,29.626054633896835,18984400
2023-12-28,29.875762939453125,29.918166712197184,29.56951326993458,29.56951326993458,17346400
2023-12-29,29.838071823120117,29.899320319443255,29.6401869503672,29.809802042068807,22478000
2024-01-02,30.27153205871582,30.342205615128265,29.649611232577822,29.71086152831506,30758600
2024-01-03,30.384611129760742,30.441150700394637,30.054805954246742,30.262114118630866,32866400
2024-01-04,30.290376663208008,30.57777980505293,30.2526836228925,30.41758618101512,26622400
2024-01-05,30.403453826904297,30.549509872734905,30.111339937939896,30.247972723184148,27190400
2024-01-08,30.62489891052246,30.63432037471413,30.243266705142403,30.337495725485944,23434400
2024-01-09,30.375185012817383,30.511819591632943,30.30922398781763,30.464705087291158,28805400
2024-01-10,30.37047576904297,30.51182289196349,30.26211275679634,30.375188298368762,21853800
2024-01-11,29.663745880126953,30.276245256421316,29.5695150685968,30.27153272732803,44353600
2024-01-12,29.833362579345703,29.95586318008721,29.715574507949896,29.861632363509898,19537400
2024-01-16,29.508264541625977,29.767397907554297,29.437590988507747,29.687301094200095,30454000
2024-01-17,29.079517364501953,29.60720737979382,28.85807523247897,29.33865074182276,39178000
2024-01-18,28.768558502197266,28.961730862676884,28.60365412788819,28.933461079203052,39464000
2024-01-19,28.730863571166992,28.84394090033464,28.547114483909837,28.796824597638466,28257600
2024-01-22,28.584806442260742,28.933459901702392,28.46230764679937,28.72144102753539,41676200
2024-01-23,28.636634826660156,28.726154909582206,28.467019719337646,28.594231049829528,41100200
2024-01-24,28.24557876586914,28.8816336073924,28.203174989947374,28.834519099614106,50878200
2024-01-25,28.754419326782227,28.759131855458076,28.353940659882856,28.62249728070772,50516800
2024-01-26,28.839231491088867,28.947596303057644,28.745000672806295,28.829808229530272,36653200
2024-01-29,29.02297592163086,29.13605324481,28.688458278068143,28.858073364185316,26054400
2024-01-30,29.01355743408203,29.18788326944396,28.763845510668176,28.95230713619147,36109000
2024-01-31,28.95231056213379,29.38105910349523,28.787406170961866,29.25384776080951,59642400
2024-02-01,29.503551483154297,29.503551483154297,28.697881619126285,28.829803665455152,51507200
2024-02-02,28.97115135192871,29.25384197040654,28.768555749675123,29.169034425402568,51839600
2024-02-05,28.36807632446289,28.707306517008767,28.353942332207875,28.688459995799953,39895000
2024-02-06,28.47173309326172,28.565963910936777,28.26442673221927,28.353945020493732,27557000
2024-02-07,28.490577697753906,28.64605700874021,28.339809118547635,28.584806711780402,23748600
2024-02-08,28.287982940673828,28.424617531382097,28.042983542704846,28.36336723256403,41755400
2024-02-09,28.396345138549805,28.42461491939961,28.1513457630942,28.207883527490687,29647800
2024-02-12,28.726152420043945,28.749709672396428,28.32567194083918,28.39634549519977,25219000
2024-02-13,28.250288009643555,28.71201699130167,27.8639433148418,28.5659609465005,45402200
2024-02-14,28.405771255493164,28.471732286806365,28.193752371055503,28.3539442173747,34871800
2024-02-15,28.88163185119629,28.905189103652997,28.49528715953619,28.49528715953619,34680800
2024-02-16,28.848649978637695,28.985284552671324,28.565959367874317,28.74028518460163,29914200
2024-02-20,28.829805374145508,29.159612306817817,28.768556876035923,28.796824860608595,22764000
2024-02-21,29.211442947387695,29.249135994541575,28.876925241762365,29.01827057398259,31565000
2024-02-22,28.985288619995117,29.107787422567917,28.76384647219827,28.980576090682707,31841600
2024-02-23,29.192590713500977,29.329225286751832,28.975861126670484,29.046534677607976,24572800
2024-02-26,28.617788314819336,29.07009404123815,28.565961280006164,29.051247519978233,25587000
2024-02-27,29.159610748291016,29.16903400841265,28.66961200578471,28.78740006135047,27487600
2024-02-28,29.249134063720703,29.29153604301462,29.06067243499903,29.12663346586063,22983600
2024-02-29,29.258554458618164,29.50355384808393,29.121921669955306,29.362208530358394,30675400
2024-03-01,29.079517364501953,29.173746376398107,28.72144064900508,29.169035644724577,42511000
2024-03-04,29.56951141357422,29.611915183656187,28.942879919366252,28.942879919366252,33020800
2024-03-05,29.484708786010742,30.139610128569974,29.362208194029424,29.659034615965314,49602800
2024-03-06,29.767398834228516,29.918167408091335,29.630764252508094,29.69672527891018,32652200
2024-03-07,29.960573196411133,30.087784526156096,29.904035426736694,30.012400234155745,21384200
2024-03-08,30.03595542907715,30.125473708032708,29.786245315941052,30.045378689594024,27511600
2024-03-11,30.186721801757812,30.2526828232634,29.88047214784983,29.993549468504433,20968200
2024-03-12,29.894611358642578,30.13961075035639,29.706149735077105,30.125474960341872,29489000
2024-03-13,30.097204208374023,30.365759031718813,30.03124318538024,30.130184719870915,25877800
2024-03-14,29.856916427612305,30.149032105403105,29.64489756382967,30.03124404744643,31869800
2024-03-15,29.899324417114258,30.059516270419547,29.734421831639715,29.76268981926199,35445000
2024-03-18,30.037086486816406,30.227105156983523,29.761561408441658,29.93732750044722,26843800
2024-03-19,30.303110122680664,30.331611652686377,30.022833600660466,30.108341814982033,19985400
2024-03-20,30.341110229492188,30.49787406787102,30.17009381515014,30.250852371768133,32620800
2024-03-21,30.293607711791992,30.626139440790297,30.279356947399194,30.421870027783573,40327800
2024-03-22,30.33636474609375,30.540634178822653,30.298360287840783,30.483627491443208,21059400
2024-03-25,30.478879928588867,30.49787853358289,30.293610911155227,30.421873240692825,23194200
2024-03-26,30.132095336914062,30.602388729172027,30.108343456563553,30.512132671131475,29830400
2024-03-27,30.972923278808594,30.97292327880859,30.322114143178183,30.355367138251964,34600400
2024-03-28,31.186689376831055,31.238944590640056,30.88740885696061,30.96816922104065,27492200
2024-04-01,30.99667739868164,31.224700528262556,30.79715942548877,31.19144753273041,22702600
2024-04-02,31.048931121826172,31.22944685679679,30.911167682912605,30.925418448264953,30212400
2024-04-03,30.925418853759766,31.129688283199027,30.811409105141557,31.04418006565923,26574200
2024-04-04,30.863664627075195,31.257952724231135,30.6546437323314,31.16769304253639,29356800
2024-04-05,30.95392608642578,31.034682846103816,30.51688204283475,30.66414842000007,32322400
2024-04-08,31.158185958862305,31.21044117557654,30.915915726064433,30.958668017392018,20142600
2024-04-09,31.329206466674805,31.390964616845835,31.13443996244704,31.224699643894187,24024200
2024-04-10,30.79240608215332,30.911167290989813,30.5216306709783,30.70214640366016,38280600
2024-04-11,30.730649948120117,31.006173183712846,30.52162907174249,30.968172353347686,25621200
2024-04-12,30.49787712097168,30.877914440733267,30.350614381108695,30.787654761821383,39844800
2024-04-15,30.21760368347168,30.835163448106055,30.103592120294653,30.706899306936705,29407800
2024-04-16,29.81856346130371,30.155844847370627,29.71405302139198,30.12259185506274,32907600
2024-04-17,30.440872192382812,30.51687747708929,29.956326270352136,30.01333113995806,28152800
2024-04-18,30.611886978149414,30.71639741030439,30.322109370557556,30.545380998469717,22288600
2024-04-19,31.082185745239258,31.148691736573152,30.659396104200326,30.692649099867275,37004600
2024-04-22,31.367206573486328,31.452714779758015,30.887410325833862,31.10118265366512,23458600
2024-04-23,31.514469146728516,31.713990709946753,31.276946755362868,31.352955660265827,22338000
2024-04-24,31.70449447631836,31.809004930466156,31.072687536405937,31.229449593322798,26127000
2024-04-25,31.789997100830078,31.918261226257506,31.352956755286367,31.628483608726434,31562400
2024-04-26,31.443218231201172,31.832754844025754,31.428967466292434,31.78999892499514,24547400
2024-04-29,31.870758056640625,31.927764744838765,31.633235625605398,31.661740781856803,29368200
2024-04-30,31.70449447631836,31.951519845086757,31.48597426505698,31.694995173352574,29724800
2024-05-01,32.070274353027344,32.360051960944055,31.576227343207123,31.699740001738196,42371800
2024-05-02,32.24129104614258,32.32204779021908,31.946761973017328,32.20328659329336,28609400
2024-05-03,32.49781799316406,32.60232480952561,32.20804036197379,32.49306653014169,29817000
2024-05-06,32.664085388183594,32.69733838320757,32.3980578036871,32.59757939813563,21221400
2024-05-07,33.03461837768555,33.06311990810895,32.73058997215432,32.801847422517305,28808200
2024-05-08,33.38140106201172,33.400403291524384,32.8826061284468,32.96336288564712,27708200
2024-05-09,33.88969421386719,33.92295082912222,33.28638891395791,33.35764635865376,48549200
2024-05-10,33.8564453125,34.13197219897648,33.76143779096552,34.079716974841126,39129200
2024-05-13,33.8564453125,34.136723662344586,33.78993932256494,33.970458687506934,21219200
2024-05-14,33.94670867919922,34.05121913881242,33.75668999120295,34.00371537288961,23566400
2024-05-15,34.45500183105469,34.550012974094436,34.24123310174817,34.2982361632675,29176600
2024-05-16,34.336238861083984,34.63551941594331,34.283983641165825,34.47400229320419,25322400
2024-05-17,34.364742279052734,34.445502657013016,34.174727240875576,34.29348845188857,21715600
2024-05-20,34.307743072509766,34.44075506390225,34.23173414925409,34.44075506390225,13830400
2024-05-21,34.61652374267578,34.63077451002367,34.279242292990666,34.28874159645425,16263400
2024-05-22,34.20798110961914,34.545262522603124,34.17472811465747,34.42650130855364,21128800
2024-05-23,33.628421783447266,34.15572180071,33.60941955655532,34.15572180071,28718600
2024-05-24,33.96570587158203,34.09871784615545,33.65217453925512,33.713932687667416,16366800
2024-05-28,33.932456970214844,34.13672641988891,33.86119951115553,33.99896296552222,17765200
2024-05-29,33.49541091918945,33.680678107088106,33.37189825248891,33.63792218910148,28118600
2024-05-30,33.94670867919922,33.970462374313136,33.542921232397774,33.60467576566693,18129600
2024-05-31,34.545257568359375,34.57851055855213,33.91344713039292,34.06070985491739,24777600
2024-06-03,34.15097427368164,34.521508680016694,34.02746159680175,34.48825568519956,36915800
2024-06-04,34.13671875,34.25547994698044,33.76143293262534,34.06546130695092,29419600
2024-06-05,33.941951751708984,34.12721894599917,33.884948691499346,34.09871741589435,17920400
2024-06-06,33.59041976928711,34.065464603174874,33.54291601075923,33.86594664277508,18184800
2024-06-07,33.224639892578125,33.56667278427153,33.215136965417315,33.30064518834066,16286800
2024-06-10,33.65217590332031,33.70918259086442,33.13437874927034,33.21988696843419,19591400
2024-06-11,33.44791030883789,33.495414069943685,33.16288049359381,33.36714992822292,22694800
2024-06-12,33.22937774658203,33.875438875796846,33.120119487197826,33.870691037947935,24912200
2024-06-13,33.305397033691406,33.42890971806421,32.958612674442506,33.28164333982188,22974000
2024-06-14,33.224639892578125,33.2673921918874,32.972866687388475,33.110626512477126,20280600
2024-06-17,32.858848571777344,33.124876129369184,32.8255955801164,33.04886722025601,21026400
2024-06-18,32.87310028076172,32.88260320682607,32.56432404545357,32.59282557503786,24573600
2024-06-20,33.15813064575195,33.22463663213201,32.8683530089655,32.977611290459414,27948000
2024-06-21,32.96336364746094,33.319647304371934,32.93960995394496,33.28164284446828,18990800
2024-06-24,33.39674377441406,33.50688663954249,32.932234407895706,32.95617962095345,17956800
2024-06-25,33.0806884765625,33.42068931485903,32.97533538371889,33.329701888580175,25099400
2024-06-26,32.94181442260742,33.01364640927477,32.74547390261845,32.956180089235566,13882000
2024-06-27,32.9992790222168,33.04237601985436,32.77420718070574,32.970544036932004,10899600
2024-06-28,32.63054275512695,33.04237555431795,32.47730289869726,32.99927855728758,23063000
2024-07-01,32.40547180175781,33.02801079061314,32.371950696421074,32.970544472810246,16757800
2024-07-02,32.57307815551758,32.63533424809976,32.42941783765232,32.482094383594216,16724200
2024-07-03,32.76941680908203,32.999278419530185,32.55871063729842,32.620966726339766,13241200
2024-07-05,32.82688522338867,32.965755768912175,32.67364535780351,32.82209545003479,13830600
2024-07-08,32.860408782958984,32.965758229923146,32.735900241148975,32.85561900924752,13634400
2024-07-09,32.9561767578125,33.233925129635445,32.8268821177025,32.860403220955185,21601200
2024-07-10,33.2674446105957,33.277020502403964,32.83166663603536,33.080683665363,13800000
2024-07-11,33.8756217956543,33.9666092290682,33.420691935638565,33.43505760332984,29766400
2024-07-12,34.1246337890625,34.34491585235692,33.84688541005054,33.99533549207961,16524200
2024-07-15,33.296180725097656,33.84688774813882,33.24350417876601,33.74153465547553,29827600
2024-07-16,33.554771423339844,33.61223773915646,33.396741794988905,33.497305107523225,15009200
2024-07-17,33.57392883300781,34.00012731980493,33.43505463510937,33.521252287131624,27516000
2024-07-18,33.545196533203125,33.87083169217529,33.48773021566929,33.530827213674826,13542600
2024-07-19,33.5835075378418,33.68886063841472,33.382380884126334,33.607452752890865,12985400
2024-07-22,33.86603927612305,33.94265737332917,33.645757223056975,33.76068619562924,12965400
2024-07-23,33.655330657958984,33.86124703111034,33.63138910274775,33.79899460333003,12686400
2024-07-24,34.03364181518555,34.167726213725,33.68885127406935,33.89476764426231,25284800
2024-07-25,33.75111770629883,34.37365312667372,33.60745371892856,34.19168190906143,26666000
2024-07-26,34.08153533935547,34.14857755192466,33.89477436812321,34.01928290012024,16706400
2024-07-29,34.23477554321289,34.34491840982497,33.933085583664926,34.21083398335921,15151200
2024-07-30,34.411956787109375,34.44068811714172,34.12463252620737,34.19646450481442,16696400
2024-07-31,34.8573112487793,34.93392934797926,34.52209656089147,34.89562212514241,21765400
2024-08-01,35.484642028808594,35.53252880520108,34.88125841638804,34.92435907261008,32567400
2024-08-02,35.54210662841797,36.18379743870744,35.05844180720506,35.93478402143023,48257200
2024-08-05,34.603511810302734,35.728867436505666,34.56520092981691,35.728867436505666,41099800
2024-08-06,34.8956298828125,35.297883213471586,34.7136550063959,34.73760022282769,29286400
2024-08-07,35.09196090698242,35.503793716769046,34.957876485847514,35.18294832997816,24758800
2024-08-08,35.130271911621094,35.34576421014375,34.85731329518005,34.957876611392386,23360400
2024-08-09,35.24999237060547,35.29787914442171,34.6466087906463,35.21647126358144,16708400
2024-08-12,35.3122444152832,35.32661008191434,35.04886533548367,35.25956786861798,15027000
2024-08-13,35.51816177368164,35.55168288122181,35.302669461427264,35.46069910562805,17075000
2024-08-14,35.49421310424805,35.70491560078874,35.230830416664716,35.43674679417733,16166000
2024-08-15,35.48942565917969,35.59477874112234,35.16858029400977,35.28829904103074,18807600
2024-08-16,35.647457122802734,35.76717587600556,35.37449851164134,35.5277383695999,13522800
2024-08-19,35.882102966308594,35.90604817709861,35.65224136471355,35.68097634836681,11505400
2024-08-20,35.805484771728516,36.001825289838884,35.767177545595516,35.882106531047654,15989800
2024-08-21,36.059295654296875,36.16943487876484,35.81027856210263,35.858165340285524,13451800
2024-08-22,36.01619338989258,36.174223039021214,35.87253306175212,36.09760127452485,14648000
2024-08-23,36.11675262451172,36.28914792157358,36.011399537026534,36.140697836586135,15050400
2024-08-26,36.35140609741211,36.499856190917676,36.236473457091726,36.24126323048673,13336400
2024-08-27,36.0640754699707,36.40407628521585,36.049709804379916,36.27478164137245,16666800
2024-08-28,36.0640754699707,36.37534495403428,36.035344138789135,36.174218328710616,10482800
2024-08-29,36.26042175292969,36.29394286249101,35.82943344890776,36.183799986202715,12758200
2024-08-30,36.53337478637695,36.58605132952123,36.1933739692352,36.3274583868656,17007400
2024-09-03,36.48069763183594,36.74408034314318,36.36576865486837,36.542950066542055,23627000
2024-09-04,36.791969299316406,37.06971769256304,36.60999445031443,36.657884875963276,27303200
2024-09-05,36.700984954833984,37.11760757966773,36.59084573506218,37.06972080352664,15545400
2024-09-06,36.35140609741211,36.85901247148399,36.346616324017106,36.7823907112704,19605800
2024-09-09,36.72013473510742,36.72492450804117,36.29872605509401,36.50942856833758,14366200
2024-09-10,36.89253616333008,37.04577604096847,36.66267452010906,36.7871830624174,23255400
2024-09-11,37.00746154785156,37.045772426905394,36.466334081940595,36.897322337479935,20766600
2024-09-12,37.088871002197266,37.15112709668763,36.85901302515694,37.088871002197266,19335000
2024-09-13,37.61084747314453,37.62042336674752,37.06971997317053,37.213380298375796,16238800
2024-09-16,37.898170471191406,38.003523564827745,37.630001617227364,37.73056493746388,19910600
2024-09-17,37.86943817138672,38.013098487975434,37.74492964085528,37.917324943582955,27963000
2024-09-18,37.582115173339844,37.90775035037714,37.41929575805787,37.802397255817034,47034800
2024-09-19,37.3618278503418,37.53422315165803,37.05534812656327,37.44802550099991,41536400
2024-09-20,38.34831237792969,38.42972025426995,37.778449936494916,37.83112648083896,44279200
2024-09-23,38.72870635986328,38.76245461785322,38.4442536039901,38.584068866601086,23340600
2024-09-24,38.45389938354492,38.940838025766446,38.371936172801604,38.51175144020565,28105200
2024-09-25,38.65639114379883,38.77209894200586,38.3189085330764,38.6660319276975,16359200
2024-09-26,38.39121627807617,38.752806296934565,38.28515296230284,38.58406502379076,19794600
2024-09-27,38.772098541259766,38.87816555447182,38.511753239271414,38.55032373103663,14804000
2024-09-30,38.94566345214844,38.96977092992472,38.50211381602837,38.84924089761266,19014200
2024-10-01,39.25904083251953,39.31689657009073,38.666031476839564,38.9022729798752,24362400
2024-10-02,39.278324127197266,39.350642875997636,38.940837858890326,39.0083380551792,16491600
2024-10-03,39.26386260986328,39.56277472148251,39.16743638169216,39.49527820090498,24205400
2024-10-04,39.20117950439453,39.244572220955746,38.801022664352324,38.926371227120235,25082800
2024-10-07,38.29962158203125,39.09511679736214,38.19837680332158,39.07101299954617,35284000
2024-10-08,38.318904876708984,38.588890939525015,38.31408264607749,38.46836092172725,26022200
2024-10-09,37.991065979003906,38.32854858326603,37.774109723448674,38.21284078727394,34288000
2024-10-10,37.8753547668457,38.328548848520775,37.85606952099947,38.029633055331004,26326600
2024-10-11,38.20802307128906,38.20802307128906,37.62948034467816,37.75001038591251,19332600
2024-10-14,38.69013595581055,38.72388421387428,38.19355286789385,38.26587161468306,18041800
2024-10-15,38.86369705200195,39.1481461124654,38.82030433532209,38.85887482164107,26427600
2024-10-16,39.63508987426758,39.71223084980026,38.88298375424477,39.056547270909135,19099600
2024-10-17,39.283145904541016,39.7749067697952,39.25421619838419,39.76526598659914,23527200
2024-10-18,39.50973892211914,39.52902416663391,39.07583379453193,39.24939731688053,14035200
2024-10-21,39.3554573059082,39.71704733374806,39.201179041161225,39.60133955475882,14811600
2024-10-22,39.21564483642578,39.29760804404794,38.90226973268851,39.090296266244565,17119200
2024-10-23,39.59170150756836,39.60616452115566,39.17225572211538,39.24457446833613,19645000
2024-10-24,39.33617401123047,39.67848249142893,39.2060032132061,39.59651928556335,13092000
2024-10-25,38.752811431884766,39.56759555939301,38.72388540359409,39.53384730029243,17518200
2024-10-28,39.05654525756836,39.25421256018394,38.86851873725531,38.96011904312322,14622800
2024-10-29,38.22248077392578,38.62746356887964,38.2128399904127,38.62264133798088,27733000
2024-10-30,38.13087463378906,38.44425341546421,38.063378118140164,38.37193466918775,20910600
2024-10-31,38.526222229003906,38.81067134658855,38.19838038602556,38.22730641743152,27516000
2024-11-01,37.66804122924805,38.63710363805408,37.634292970149545,38.52139584661413,30861000
2024-11-04,37.21966552734375,37.48965525032878,37.017175993817965,37.29198426882695,27956200
2024-11-05,37.7789306640625,37.7789306640625,37.08949878608868,37.200388025578405,19016200
2024-11-06,37.38840866088867,37.55232770052786,37.03645943124599,37.29198245085049,32958800
2024-11-07,37.45591354370117,37.83196665122386,37.258242527637655,37.57644357448586,37703200
2024-11-08,38.17426681518555,38.25622634327849,37.61500577536132,37.64393548043496,28857200
2024-11-11,38.28033447265625,38.506931495141295,38.09230793873977,38.179089698876936,26011000
2024-11-12,37.84160232543945,38.25140363911446,37.658398027567515,38.164625559820486,18703200
2024-11-13,37.77410888671875,38.101950700004764,37.615008371826036,38.087487685611684,16411800
2024-11-14,37.64393615722656,38.01516699474099,37.58608042432327,37.822318230014275,17707400
2024-11-15,38.20802307128906,38.25623435212581,37.600550633548146,37.672869393945746,23931400
2024-11-18,38.54067611694336,38.6467431113579,38.12605259965954,38.17426386667963,14660200
2024-11-19,38.78656005859375,38.79138228944936,38.21283964844629,38.3960439598309,11750400
2024-11-20,38.80584716796875,38.989055166439094,38.61299838560845,38.85888067507495,12196800
2024-11-21,39.480812072753906,39.529023343895226,38.675672442012775,38.86369897426288,21764000
2024-11-22,39.268680572509766,39.664018906359786,39.25421755807254,39.6061668486109,15761400
2024-11-25,39.340999603271484,39.65437840535367,39.05172827761273,39.58205965436786,14253800
2024-11-26,39.96775817871094,39.99186197743565,39.35064502143298,39.451889803959716,17374800
2024-11-27,39.96775817871094,40.21364046672419,39.929187686809925,40.08828820718818,17156600
2024-11-29,39.982215881347656,40.126853367616846,39.89543412524296,40.09792366339257,9234800
2024-12-02,39.12404251098633,39.99185638775703,39.10957949811609,39.977393374886795,22084200
2024-12-03,38.78656005859375,39.485636401280566,38.77691927516694,39.36028414702562,18853600
2024-12-04,38.78173828125,39.00351306446968,38.632278563429274,38.907086846797576,24169400
2024-12-05,38.90227127075195,39.11922384011444,38.72388551312467,38.82513029071279,14226000
2024-12-06,38.42015075683594,39.013156401641396,38.34783200841752,38.921556086710126,14228600
2024-12-09,37.93803405761719,38.47318769407628,37.91392657989808,38.420154185721984,21053800
2024-12-10,37.6632194519043,37.87534977166701,37.359481467740224,37.87534977166701,20319000
2024-12-11,37.426979064941406,37.793391341746634,37.35948255056731,37.76446531509607,14759600
2024-12-12,37.407691955566406,37.72589294599069,37.37394370006238,37.60536293657858,15425000
2024-12-13,37.43180465698242,37.629475665603934,37.36913036751644,37.46073068623065,13808400
2024-12-16,37.13288497924805,37.56197521177562,37.11842196613846,37.46554899390488,16121000
2024-12-17,36.978607177734375,37.1328854499993,36.82915113599515,36.90146988074399,15876800
2024-12-18,36.10597229003906,37.007538158655166,36.081864814863486,36.954504655896315,29811800
2024-12-19,36.269893646240234,36.67969496061166,36.13007838777767,36.139719170509785,27076400
2024-12-20,36.84843826293945,36.930397794644044,36.01436889700843,36.062583848161104,25188600
2024-12-23,36.973854064941406,37.00302344615403,36.39538054496182,36.75510410401539,20114400
2024-12-24,37.17802429199219,37.18774494639922,36.862049246774475,36.97385346186577,9010200
2024-12-26,37.09052276611328,37.19260632459246,36.93982481037542,37.02246706046049,10114000
2024-12-27,36.98358154296875,37.09052729598667,36.74538283533494,36.89608080947757,13805400
2024-12-30,36.82801818847656,36.92037737795892,36.49259815487482,36.818293826157856,16870000
2024-12-31,36.79399490356445,37.012744869031295,36.61899344768778,36.90094064979554,12605400
2025-01-02,37.07593536376953,37.265523349424285,36.80857472882234,37.06135252843249,24103400
2025-01-03,37.469696044921875,37.66900100548896,37.12941376506943,37.289832395195944,17767000
2025-01-06,37.051631927490234,37.49885618600241,36.93010335449729,37.46969051528658,25623800
2025-01-07,36.95927047729492,37.33843904652871,36.86204909858395,37.178024142531406,22856400
2025-01-08,36.949546813964844,36.988433137027826,36.341903974609615,36.89607394740098,26845800
2025-01-10,36.74052429199219,37.35302571650474,36.565522825343386,37.06622002373813,31217000
2025-01-13,36.312740325927734,36.74052332593588,35.928713254568635,36.701633287979114,24891600
2025-01-14,36.78913116455078,36.90093908781183,36.361351906491976,36.45371110352551,19675000
2025-01-15,37.32872009277344,37.6981680244705,37.28983005601416,37.430803657698014,21360400
2025-01-16,38.27178192138672,38.28636475753817,37.29469110290196,37.30927393905342,30415000
2025-01-17,38.32524871826172,38.50025015879094,38.125943788566474,38.24747236066967,14668800
2025-01-21,38.9134521484375,39.103036433364906,38.66067062936238,38.757895716990454,21633400
2025-01-22,38.072471618652344,39.020393014945654,38.053026601708154,39.020393014945654,23644800
2025-01-23,38.25233840942383,38.52942343348288,38.14539266175927,38.21344837231707,21585000
2025-01-24,38.6412239074707,38.75303182612196,38.11136111111061,38.193999650381095,16769600
2025-01-27,37.74677658081055,37.95580588061991,36.86204869275278,37.86344297573085,42448200
2025-01-28,37.22663497924805,37.72733212823149,36.89607709806123,37.72733212823149,28540200
2025-01-29,37.30440902709961,37.73219196960841,37.17802198386533,37.216908307837144,19130800
2025-01-30,38.08219528198242,38.14053033742461,37.703026693503375,37.73705454865514,18712600
2025-01-31,37.85858154296875,38.15025309917477,37.77108081785852,38.11622524545179,19669600
2025-02-03,38.06275177001953,38.20372165552195,37.29955245540904,37.35788379871823,28118800
2025-02-04,37.727333068847656,37.90719670429294,37.34816448865951,37.843999468422936,20498200
2025-02-05,38.10649871826172,38.36413869735609,37.79052368948728,38.10163653693229,15992600
2025-02-06,38.06275177001953,38.27178107064574,37.79052523579793,38.27178107064574,12820800
2025-02-07,37.98497772216797,38.32039783439963,37.941229207750844,38.05303343932245,14330400
2025-02-10,38.39816665649414,38.4127494917655,37.882886696864865,38.09191598952239,10664200
2025-02-11,38.592613220214844,38.61205823688281,37.92663530717853,38.24747251906335,10835600
2025-02-12,38.52456283569336,38.61692575043014,37.92664054405548,38.096783536203915,14888800
2025-02-13,38.612060546875,38.68497843655279,38.373865568768274,38.597477710691024,17020800
2025-02-14,38.45164108276367,38.90372753827959,38.42733759257937,38.59261467736088,13972000
2025-02-18,38.81136703491211,38.87456427256995,38.48081284489052,38.61206208453097,15509000
2025-02-19,39.01553726196289,39.13220366300283,38.72872787799044,38.767617914589756,12513200
2025-02-20,39.01067352294922,39.103036428996106,38.544004228660214,38.889144944996104,17390800
2025-02-21,39.0203971862793,39.146787955549,38.83081288675382,39.01553871309219,15547400
2025-02-24,38.82595443725586,39.13706732429561,38.650952974701234,39.13220514234738,14974000
2025-02-25,38.63150405883789,38.709280418373304,38.0724718714433,38.59747620614906,21837800
2025-02-26,38.791927337646484,39.132205905495326,38.57803583285108,38.70442660466275,15421800
2025-02-27,37.93149948120117,38.77247887967085,37.892609445822224,38.68497815444717,25074600
2025-02-28,38.50997543334961,38.52455826894607,37.975250445185196,38.179417561051245,21770000
2025-03-03,38.563453674316406,38.6849822662243,38.305813652872985,38.471090757663745,19276400
2025-03-04,37.936363220214844,38.76761828958636,37.8780281647516,38.56345115860207,22561800
2025-03-05,37.66899871826172,37.936363085571784,37.362748022872225,37.68358155488626,20666800
2025-03-06,36.8863525390625,37.411356884411525,36.77941050612802,37.37732903103286,25405800
2025-03-07,37.57177734375,37.73705443721101,36.862050860710646,36.96899660765979,23234400
2025-03-10,37.98497772216797,38.096785662498,37.440528276173715,37.440528276173715,37366000
2025-03-11,37.63011169433594,38.11136383783683,37.43080304079799,37.96552805677208,32640000
2025-03-12,37.5134391784668,37.843997046742295,37.28496486688197,37.62524709794196,17432000
2025-03-13,37.605804443359375,37.76136087886287,37.36760946278546,37.639832297727075,16801200
2025-03-14,38.339839935302734,38.38358844638846,37.58149903099353,37.717610454937756,18269400
2025-03-17,38.5002555847168,38.72387145260814,38.140531999046836,38.33011630154575,19290400
2025-03-18,38.23289108276367,38.33983682397195,37.98497174712246,38.27178111752266,19285200
2025-03-19,38.37386703491211,38.42733990880166,38.116227029130506,38.252338450391875,16163400
2025-03-20,38.529422760009766,38.587754105892245,38.29608625020586,38.3787247960447,16415200
2025-03-21,38.28150177001953,38.56344895887204,38.04330679745827,38.37872314815454,15627600
2025-03-24,38.269264221191406,38.734352836319,38.234994848294136,38.430821437027774,13996800
2025-03-25,37.65730667114258,38.23988971771285,37.48106312318991,38.23009633444806,22396000
2025-03-26,37.906986236572266,37.99510801190463,37.66220394232476,37.66220394232476,15164000
2025-03-27,37.897193908691406,38.210514924368134,37.78459241786331,37.872714186964956,13971800
2025-03-28,38.17625045776367,38.41613607414934,38.05875226048441,38.12729100802317,19078600
2025-03-31,38.60216522216797,38.758825733641565,38.22520215036881,38.23499179823787,21470000
2025-04-01,38.70008087158203,38.8126786313829,38.328010751414716,38.57768972870553,18084800
2025-04-02,38.8812141418457,38.96933590679777,38.474874684840024,38.67070124418694,12951200
2025-04-03,38.636436462402344,39.26797523033943,38.58748075052503,38.832263044992985,38650200
2025-04-04,36.487247467041016,38.817575908379055,36.2473618692078,38.817575908379055,66165400
2025-04-07,35.929141998291016,37.0306622349509,35.140942774585675,35.929141998291016,73162600
2025-04-08,35.78227233886719,36.829943946462905,35.36614320475126,36.57047158899462,39600400
2025-04-09,37.192222595214844,37.29013401943317,34.76887562745638,35.47384983408887,70054800
2025-04-10,36.91316604614258,37.34398148484543,36.14454988891944,36.91316604614258,44167800
2025-04-11,37.36357116699219,37.49085901237299,36.43829434593515,36.89358958606493,28840000
2025-04-14,38.034271240234375,38.156662378234785,37.43700188917938,37.65730444354767,19415600
2025-04-15,38.02937698364258,38.367177741376665,37.98042127232435,38.11749875804794,15257200
2025-04-16,37.686683654785156,38.269262975068884,37.559395815990804,38.12239583961207,17500800
2025-04-17,38.07343673706055,38.55321168142072,37.83355113242117,37.83355113242117,18928800
2025-04-21,37.172637939453125,37.94615085626349,36.732029079556,37.90208810273315,20780000
2025-04-22,38.18603515625,38.26926023388902,37.5398100953167,37.56918277328786,21700800
2025-04-23,38.34759521484375,38.77841070923159,38.00000480430105,38.56300109449697,27903600
2025-04-24,38.406341552734375,38.58258510835206,38.04406479288979,38.31821977492553,16828000
2025-04-25,38.288848876953125,38.46509244077767,38.11750200520195,38.4406127154925,14074600
2025-04-28,38.52383804321289,38.602166433867765,38.04406311078197,38.30842843251966,11084800
2025-04-29,38.822471618652344,38.88611366767002,38.30842732977936,38.469984533148725,13168000
2025-04-30,38.62664794921875,38.75882874868016,37.960839789892646,38.670706970678715,18077200
2025-05-01,38.7392463684082,39.228810979971925,38.61196225866036,38.866534213237614,17967000
2025-05-02,39.04277420043945,39.16026865064311,38.67070408386644,38.88121699698366,16074000
2025-05-05,38.944862365722656,39.062356814673095,38.56299887024166,38.91548595217416,14895800
2025-05-06,39.419734954833984,39.69389363595871,38.91548407832601,38.949753446581475,20635000
2025-05-07,39.5323371887207,39.76243312353118,39.214119486005806,39.351196961616886,19575000
2025-05-08,39.2141227722168,39.64983495695732,39.16027036870223,39.55192353333886,22437800
2025-05-09,39.28266143798828,39.32672419308632,39.028089496035484,39.31693080969503,17420400
2025-05-12,39.04766845703125,39.566605670229116,38.871424925175184,39.463797565826574,27460200
2025-05-13,38.99381637573242,39.29734400021847,38.77840678280863,38.988919684507515,24064000
2025-05-14,38.822471618652344,38.92527972941069,38.2398885892738,38.91059339002825,22912600
2025-05-15,39.64983367919922,39.75753848275746,38.95465288269946,38.979132605355886,26629200
2025-05-16,40.23241424560547,40.24710058426515,39.61066892016577,39.708580334617665,20076800
2025-05-19,40.40376281738281,40.42334584812739,39.8848255754357,39.89461522326739,16306400
2025-05-20,40.52125549316406,40.6583367023761,40.340119003097115,40.340119003097115,18075200
2025-05-21,39.782020568847656,40.46741175805242,39.70368843975843,40.389079628963195,22704000
2025-05-22,39.2141227722168,39.444218726309714,38.7588275557363,39.444218726309714,30637600
2025-05-23,39.684104919433594,39.7183742917183,39.01829677068953,39.47848868572537,21730200
2025-05-27,39.98273849487305,40.08554660883019,39.67921084464185,39.99253187815354,18494200
2025-05-28,39.42463302612305,39.977843363859485,39.25328617884761,39.95826033344499,20954600
2025-05-29,39.698787689208984,39.76243347135736,39.26797222850828,39.44421576585882,20867400
2025-05-30,40.105133056640625,40.17367180511715,39.54702968471365,39.62046512524755,20680400
2025-06-02,40.23241424560547,40.286266644078324,39.77222238050329,39.93377957592185,26799200
2025-06-03,40.34012222290039,40.71708530684847,40.01700780658946,40.71708530684847,28547800
2025-06-04,39.63514709472656,40.2715825290483,39.63514709472656,40.2715825290483,33001800
2025-06-05,39.57150650024414,39.747750050533725,39.4931743734126,39.747750050533725,21175000
2025-06-06,39.74774932861328,39.81628807080535,39.40994857418,39.77222531649255,21267200
2025-06-09,39.4931755065918,39.83097627685293,39.429533453026124,39.679212445613985,24866400
2025-06-10,39.5861930847168,39.67921155213334,39.29245507744732,39.5959827330905,28052800
2025-06-11,39.61067199707031,39.757539130156594,39.483384160330466,39.70368672750055,21394800
2025-06-12,40.09044647216797,40.11492619722454,39.61556819269088,39.63515122571981,19568600
2025-06-13,39.860347747802734,40.10023708451489,39.74285329283194,40.03169460611043,25325400
2025-06-16,39.664520263671875,40.2715830265519,39.47359037803291,40.05617341810536,27266600
2025-06-17,39.33651351928711,39.703686956744825,39.057461856222496,39.605775534121975,28335800
2025-06-18,39.43932342529297,39.63515001451642,39.233707187395034,39.429533776618484,22324000
2025-06-20,39.547027587890625,39.87014201507526,39.49317518335985,39.52255159906484,31688200
2025-06-23,40.04836654663086,40.11245422925805,39.668786184591596,39.75258910385797,25573000
2025-06-24,40.22090530395508,40.33428860649264,40.02372283852105,40.09273745362585,20389600
2025-06-25,39.68357849121094,40.12724658058268,39.60963318281321,40.12724658058268,26771800
2025-06-26,40.01386260986328,40.0335816091769,39.683577833642914,39.757523140815344,18746200
2025-06-27,40.09273910522461,40.418093195405085,39.96949817874428,40.117385033911916,25307800
2025-06-30,40.25541687011719,40.2997817970839,39.77231079739751,39.9004824103255,22018000
2025-07-01,40.3934440612793,40.423020677762835,39.77230878802479,40.24062276708096,39690200
2025-07-02,40.04344177246094,40.42795284485521,39.85118247524936,40.245554927508046,21891000
2025-07-03,40.34414291381836,40.50682181936137,39.994139177083305,40.06315378652322,14900200
2025-07-07,40.42795181274414,40.457528429553406,40.17160859701601,40.255415279666174,20215600
2025-07-08,39.99907302856445,40.14696363820604,39.60963126678842,40.14696363820604,44289800
2025-07-09,40.37372589111328,40.45259812369137,39.87583152435038,40.15682066974838,40230400
2025-07-10,40.704010009765625,40.78288600211358,40.11245511121329,40.23569602849622,29074000
2025-07-11,40.64485549926758,40.80260373258898,40.26527510568671,40.37865841136204,22199800
2025-07-14,40.807533264160156,40.94063556534877,40.39344557382768,40.61527772778944,23883400
2025-07-15,40.4180908203125,40.802601886573726,40.215977668489145,40.802601886573726,26253000
2025-07-16,40.437808990478516,40.6004879031846,40.122312544571486,40.442739680231085,22625000
2025-07-17,40.60541915893555,40.728660077367536,40.34907594242898,40.4131636270628,19757000
2025-07-18,41.285709381103516,41.42866930371505,40.684293072535866,40.73851937976833,28627400
2025-07-21,41.41880798339844,41.670220520837475,41.25613282248096,41.38923136523427,19895600
2025-07-22,41.92656326293945,41.95120919078611,41.463176191654426,41.57655573398089,23518200
2025-07-23,41.61106872558594,42.40473684158896,41.44345910781708,42.30121491341465,40333000
2025-07-24,41.55683898925781,41.75402144893911,41.44838637982449,41.66528783767679,22137600
2025-07-25,41.665287017822266,41.70965570308755,41.46317387232164,41.62092209357125,16320400
2025-07-28,41.22162628173828,41.670221296643,41.11810435522181,41.66036367740959,22413600
2025-07-29,41.69486999511719,41.71951592312215,41.290639917893685,41.379373532943454,18395400
2025-07-30,42.005435943603516,42.38008940438789,41.7786730955277,41.818111093718585,27424400
2025-07-31,42.232200622558594,42.29628831265078,41.84275883582292,41.8772661454823,30179600
2025-08-01,42.29628372192383,42.52304655521818,41.857546363439106,42.18290042476952,35852000
2025-08-04,43.04558563232422,43.16389585486856,42.41459276406886,42.503326371230656,25730800
2025-08-05,42.58713150024414,43.21812440126504,42.458959891907284,43.06037617600981,21454400
2025-08-06,42.207550048828125,42.66600640443364,42.173042742965954,42.65121433533763,23020600
2025-08-07,42.66600799560547,42.78431822568594,41.990646400242895,42.06951863329174,25702800
2025-08-08,42.48360824584961,42.86318860810087,42.380086328872,42.78431637845736,18445200
2025-08-11,42.35051345825195,42.621641237833764,42.14346584497173,42.59206461922855,19548800
2025-08-12,42.53290557861328,42.5427669583512,42.15332520102001,42.48854065283582,20756800
2025-08-13,42.62657165527344,42.65614827368946,42.23219919165854,42.592064346783225,22425400
2025-08-14,42.33079528808594,42.59699614379136,42.286426598294376,42.46882452563364,18747800
2025-08-15,42.207550048828125,42.439239810465956,41.94627614899827,42.26670328115512,29576600
2025-08-18,42.02515411376953,42.42938418471653,41.965997117650055,42.27163595607903,16080000
2025-08-19,42.4343147277832,42.45403372642145,41.965996972407325,42.03994227704714,16436800
2025-08-20,42.47867965698242,42.74981118700957,42.32586211879317,42.50332934553559,20169000
2025-08-21,42.18783187866211,42.70051454796769,42.069517889658584,42.48360932914224,16230000
2025-08-22,42.41459655761719,42.66107840388808,42.29135563448174,42.478680483682396,19234800
2025-08-25,41.93642044067383,42.394876817160444,41.892055514407915,42.27163589618032,16982200
2025-08-26,42.03008270263672,42.12374324054247,41.78360087264873,41.97585639915822,17263000
2025-08-27,42.03994369506836,42.13853869158523,41.9117720801037,42.03008607592395,16821400
2025-08-28,41.719512939453125,42.08430875357656,41.65542901800593,42.06951668461407,16078800
2025-08-29,41.56669616699219,41.7836013835584,41.502612244376856,41.694867773237156,19469400
2025-09-02,41.42866516113281,41.47796077341096,41.16739503114591,41.40894616401873,20655000
2025-09-03,41.32514572143555,41.404017953600324,41.10330981138,41.28570772484598,17268000
2025-09-04,41.275848388671875,41.724443357915,41.058943177469274,41.61599075231371,22362200
2025-09-05,41.14767837524414,41.48289382322835,40.822320545870774,41.38429883204808,27006800
2025-09-08,40.728660583496094,41.19204388506898,40.57091235638342,41.1723248865531,28469400
2025-09-09,41.00965118408203,41.14768041757101,40.644855340130256,40.71880064693208,25741400
2025-09-10,41.7145881652832,41.783602779949014,41.15753679703344,41.15753679703344,32168800
2025-09-11,41.93642044067383,41.965997058184435,41.60120498516733,41.66036198120298,24265200
2025-09-12,42.14839172363281,42.27163263510542,41.74416168444321,41.81810698352961,18727000
2025-09-15,42.24698257446289,42.44416878327653,42.15332204006234,42.15332204006234,22818400
2025-09-16,41.477962493896484,42.18783137539205,41.45824349596446,42.17304306719661,21652800
2025-09-17,41.581485748291016,41.93642020044283,41.49768282514806,41.749095355591336,20168200
2025-09-18,41.61106872558594,41.8772658203115,41.32021817984557,41.50754303639698,25303000
2025-09-19,41.877262115478516,42.04487171841915,41.492751055987014,41.71458696331894,20974000
2025-09-22,42.28322219848633,42.377516984120135,41.796867989738246,41.8961228688984,19477000
2025-09-23,42.5015869140625,42.57106608582179,42.139303202222045,42.21870634723371,17900600
2025-09-24,42.804317474365234,42.87876052289114,42.45692162968528,42.58099211511823,17317600
2025-09-25,42.39240264892578,42.85394500722296,42.39240264892578,42.764614106058,18689600
2025-09-26,43.08223342895508,43.09712128114491,42.49662059606094,42.53632405945426,16233800
2025-09-29,43.20630645751953,43.2757856293854,42.759655720190594,43.06238423398854,17130800
2025-09-30,43.2807502746582,43.44948811383887,42.973054089288134,43.26089854144101,21960000
2025-10-01,43.697628021240234,43.79191901878141,43.31052491255386,43.36511623097126,29195400
2025-10-02,43.618221282958984,43.6331091359875,43.2956372507945,43.58348169711548,22648600
2025-10-03,44.12443161010742,44.531382672578246,43.71747676130566,43.752220133957366,25133200
2025-10-06,44.55122756958008,44.60085879206733,44.07976124659662,44.38249352938159,20024200
2025-10-07,44.75470733642578,44.94825699805845,44.615748993338826,44.7348556036518,32901800
2025-10-08,45.06240463256836,45.12691992593574,44.729892833270874,45.072328606036045,19790400
2025-10-09,44.94825744628906,45.34528453306603,44.85892654108079,45.21128628208817,21557400
2025-10-10,44.76462936401367,45.345282110005265,44.71500192740116,45.097141140611996,23183800
2025-10-13,45.1070671081543,45.315504622942925,44.77455910318231,44.794410835971355,18760600
2025-10-14,45.50905227661133,45.65793837279403,44.9532189283681,45.02766197645945,17571800
2025-10-15,46.10459518432617,46.24355352834721,45.71253197864916,45.71253197864916,19087600
2025-10-16,45.60334777832031,46.536356475016035,45.593423805372076,46.24355194390846,29119000
2025-10-17,45.44453811645508,45.75223428925464,45.25098845840835,45.687715212351854,21825800
2025-10-20,45.429649353027344,45.90111568264771,45.255951430868826,45.79193304976786,25420000
2025-10-21,44.968109130859375,45.528906387972135,44.74974385473399,45.47431506894079,22107800
2025-10-22,44.863887786865234,45.092177023142895,44.65048640285971,45.06736141180221,19108600
2025-10-23,44.82915115356445,45.18151089707743,44.58101016914707,45.156695284103314,16134000
2025-10-24,45.35520553588867,45.5785308911174,45.04254928130231,45.08721283781579,21737600
2025-10-27,45.479278564453125,45.52394590979719,44.92344140552675,45.35520807430864,16042800
2025-10-28,44.72989273071289,45.64305352721596,44.67530141093837,45.64305352721596,20661400
2025-10-29,44.715003967285156,45.01773626666195,44.531382064809016,44.72493172685898,24271800
2025-10-30,44.52641677856445,45.08721401418365,44.51152892600485,44.66537511756172,18870800
2025-10-31,44.218719482421875,44.45693647629794,43.985466368049444,44.32790211351796,18434000
2025-11-03,44.24353790283203,44.36760839398617,43.72740420527111,44.183982703998915,22339600
2025-11-04,44.0847282409668,44.258426172952966,43.896138669383866,44.22368658655573,17156200
2025-11-05,44.09465026855469,44.30308777774014,43.891176639015775,44.0747985362993,16858200
2025-11-06,43.901100158691406,44.347754663999,43.88124842664099,44.015246671398636,23668200
2025-11-07,44.51152801513672,44.52145198786312,43.722437768648795,43.722437768648795,24337600
2025-11-10,44.49664306640625,44.84403892945894,44.114503830717354,44.64056150514884,17947200
2025-11-11,44.521453857421875,44.69515178490794,44.27331287920438,44.516489977684884,14435400
2025-11-12,44.62567138671875,44.66537485086111,44.377530415325076,44.5512283380345,15018400
2025-11-13,44.010284423828125,44.51153026427929,43.97554483803434,44.51153026427929,20675400
2025-11-14,44.04998779296875,44.387459676940026,43.78199508043296,43.886213837586176,20168200
2025-11-17,44.4470100402832,44.59589613917876,44.08968643199847,44.134353776199454,24201400
2025-11-18,44.27827453613281,44.70011342065968,44.26338668400008,44.48671203865235,25158800
2025-11-19,43.906063079833984,44.437084595015804,43.811768301235595,44.31301411215715,25095600
2025-11-20,43.682735443115234,44.52641702740486,43.65295973782963,44.25346044118423,25543200
2025-11-21,43.74725341796875,43.92095133831175,43.434593375020654,43.86636002244243,28589400
2025-11-24,44.24353790283203,44.357680634348526,43.53881842179594,43.8117712305365,23572800
2025-11-25,44.074798583984375,44.42715831265456,43.89613677982333,44.357679142850905,22195600
2025-11-26,44.6604118347168,44.71500315238532,44.228648959395855,44.31301598258146,16759200
2025-11-28,44.978031158447266,45.01277074302523,44.69019050894305,44.73485406640154,7882600
2025-12-01,43.9259147644043,44.72492897606471,43.90109915332688,44.72492897606471,26339000
2025-12-02,43.613258361816406,44.12939206735832,43.55866704195797,44.12939206735832,17384200
2025-12-03,43.47429656982422,43.77206497233268,43.30556253005734,43.647994489093264,21728000
2025-12-04,43.38496780395508,43.7323674459077,43.23608548854468,43.449486881664015,15535200
2025-12-05,42.9780158996582,43.454446114936474,42.95816416739693,43.39489470448342,13474700
2025-12-08,42.4023323059082,43.0872000546047,42.3427771070225,43.0574243483273,21607900
2025-12-09,42.432106018066406,42.84898103168234,42.412254286037445,42.63061955202526,24347200
2025-12-10,42.412254333496094,42.51151299375196,42.10455816619903,42.48173350250983,25940200
2025-12-11,42.71995162963867,42.82913426563983,42.33285231023881,42.33285231023881,18703300
2025-12-12,42.511512756347656,43.05742213254871,42.45195756052672,42.8489808403408,17179800
2025-12-15,42.89861297607422,42.9680921461782,42.51151366082896,42.78943034124488,19176400
2025-12-16,42.71995162963867,42.98794433991492,42.46188289248487,42.87876170391376,19067900
2025-12-17,42.44203186035156,42.819207212853684,42.22367037107635,42.73980406757113,19444600
2025-12-18,42.858909606933594,43.09712282315542,42.65047209615679,42.71002350704685,21935800
2025-12-19,42.3129997253418,43.04749488419491,42.28322023391262,42.799353911492766,22612000
2025-12-22,42.470001220703125,42.529998779296875,42.029998779296875,42.290000915527344,17894900
2025-12-23,42.619998931884766,42.75,42.380001068115234,42.400001525878906,15097300
2025-12-24,42.810001373291016,42.86000061035156,42.54999923706055,42.61000061035156,5761000
2025-12-26,42.779998779296875,42.869998931884766,42.630001068115234,42.790000915527344,8436700
2025-12-29,42.86000061035156,43.11000061035156,42.77000045776367,42.810001373291016,12838700
2025-12-30,42.959999084472656,43.040000915527344,42.810001373291016,42.880001068115234,9255300
2025-12-31,42.689998626708984,43.0099983215332,42.68000030517578,42.970001220703125,10129000
2026-01-02,43.18000030517578,43.38999938964844,42.65999984741211,42.88999938964844,20495400
2026-01-05,42.70000076293945,43.290000915527344,42.060001373291016,43.189998626708984,27884400
2026-01-06,42.90999984741211,42.959999084472656,42.52000045776367,42.75,21861800
2026-01-07,41.869998931884766,42.970001220703125,41.7400016784668,42.95000076293945,27613300
2026-01-08,41.9900016784668,42.290000915527344,41.810001373291016,41.81999969482422,22853300
2026-01-09,42.5099983215332,42.88999938964844,42.4900016784668,42.52000045776367,21518300
2026-01-12,42.58000183105469,42.709999084472656,42.29999923706055,42.380001068115234,16810600
2026-01-13,42.849998474121094,42.959999084472656,42.41999816894531,42.619998931884766,22207400
2026-01-14,43.16999816894531,43.31999969482422,42.77000045776367,42.810001373291016,21403100
2026-01-15,43.61000061035156,43.81999969482422,43.31999969482422,43.31999969482422,21762700
2026-01-16,43.38999938964844,43.52000045776367,42.939998626708984,43.16999816894531,27803600
2026-01-20,42.959999084472656,43.36000061035156,42.83000183105469,43.119998931884766,25300900
2026-01-21,43.02000045776367,43.310001373291016,42.689998626708984,43.310001373291016,33736500
2026-01-22,42.709999084472656,43.27000045776367,42.599998474121094,43.20000076293945,26170700
2026-01-23,42.560001373291016,42.75,42.29999923706055,42.709999084472656,26527200
2026-01-26,42.869998931884766,43.18000030517578,42.65999984741211,42.70000076293945,19254000
2026-01-27,43.43000030517578,43.54999923706055,42.599998474121094,42.81999969482422,31070500
2026-01-28,43.33000183105469,43.66999816894531,43.130001068115234,43.5,25183600
2026-01-29,43.33000183105469,43.77000045776367,43.08000183105469,43.5099983215332,27417900
2026-01-30,43.25,43.380001068115234,42.77000045776367,43.22999954223633,27997200
